"sn","hour_utc","pm25","pm25_cal","pm10","pm1","o3","o3_cal","co","no2","rh","temp","n_obs","pm_status","hour_complete"
"MOD-00546","2026-07-30 00:00:00",3.09633333333333,2.21180361666667,5.28383333333333,2.67283333333333,50.775,0.037807215,559.649166666667,8.31066666666666,20.8066666666667,43.4816666666667,60,"ok",TRUE
"MOD-00546","2026-07-30 01:00:00",2.40666666666667,2.09700641666667,4.69383333333333,1.95116666666667,50.3088333333333,0.0373547536333333,736.762333333334,12.1695,25.4133333333333,40.15,60,"ok",TRUE
"MOD-00546","2026-07-30 02:00:00",2.97683333333333,2.77708863333333,5.03716666666667,2.47683333333333,47.7441666666667,0.0348654881666667,795.256166666666,10.8715,31.83,36.87,60,"ok",TRUE
"MOD-00546","2026-07-30 03:00:00",3.39983333333333,3.29598185,5.27833333333333,2.9225,42.0031666666667,0.0292932735666667,808.025833333333,8.48216666666667,36.1916666666667,33.9233333333334,60,"ok",TRUE
"MOD-00546","2026-07-30 04:00:00",3.128,3.36852878333333,6.0715,2.50266666666667,31.693,0.0192862258,651.571166666667,6.27916666666666,30.9433333333333,34.0066666666667,60,"ok",TRUE
"MOD-00546","2026-07-30 05:00:00",3.79366666666667,3.7918958,7.84166666666667,3.1575,34.3583333333333,0.0218731983333333,689.743166666666,6.29083333333334,36.7716666666667,32.785,60,"ok",TRUE
"MOD-00546","2026-07-30 06:00:00",3.92733333333333,3.99362566666667,7.53266666666667,3.3105,33.689,0.0212235434,645.522333333334,5.69166666666667,37.0233333333333,31.76,60,"ok",TRUE
"MOD-00546","2026-07-30 07:00:00",4.35483333333333,4.45299838333333,8.12433333333333,3.64516666666667,29.0748333333333,0.0167450332333333,656.997,5.90933333333333,40.37,30.43,60,"ok",TRUE
"MOD-00546","2026-07-30 08:00:00",4.6005,4.75225716666666,9.03783333333334,3.816,27.9223333333333,0.0156264167333333,613.2685,5.91066666666666,39.5616666666667,29.98,60,"ok",TRUE
"MOD-00546","2026-07-30 09:00:00",4.46916666666667,4.60804946666667,10.4461666666667,3.60683333333333,28.0905,0.0157896393,564.544333333333,5.74333333333333,37.2633333333333,31.2183333333333,60,"ok",TRUE
"MOD-00546","2026-07-30 10:00:00",4.63366666666667,4.87667998333333,10.7685,3.66083333333333,30.626,0.0182505956,580.889,5.87916666666667,40.05,30.3033333333333,60,"ok",TRUE
"MOD-00546","2026-07-30 11:00:00",4.75583333333333,4.8836057,9.65816666666667,3.95466666666667,30.8543333333333,0.0184722159333333,593.007,5.9305,40.495,29.595,60,"ok",TRUE
"MOD-00546","2026-07-30 12:00:00",4.5765,4.59378934999999,7.969,3.9335,30.9276666666667,0.0185433932666667,569.444333333333,5.7815,39.83,30.08,60,"ok",TRUE
"MOD-00546","2026-07-30 13:00:00",4.92033333333333,4.77882191666666,9.5445,4.19166666666667,32.0238333333333,0.0196073326333333,628.981333333333,5.69666666666667,43.48,30.13,60,"ok",TRUE
"MOD-00546","2026-07-30 14:00:00",5.52933333333333,5.02222356666666,11.612,4.65716666666667,23.3405,0.0111792893,648.911166666667,5.83166666666667,42.3533333333333,32.4883333333333,60,"ok",TRUE
"MOD-00546","2026-07-30 15:00:00",4.8285,4.07557941666666,8.92766666666666,4.09166666666667,17.866,0.0058657396,438.594333333333,6.71483333333333,30.355,38.0383333333333,60,"ok",TRUE
"MOD-00546","2026-07-30 16:00:00",4.23466666666667,3.27532223333333,9.98466666666667,3.47566666666667,25.8251666666667,0.0135909067666667,245.458,6.53933333333333,23.1816666666667,42.55,60,"ok",TRUE
"MOD-00546","2026-07-30 17:00:00",4.16533333333333,3.31037456666666,12.9896666666667,3.2455,34.4133333333333,0.0219265813333333,293.458,6.04066666666667,20.29,43.1666666666667,60,"ok",TRUE
"MOD-00546","2026-07-30 18:00:00",4.43728813559322,3.40481238983051,9.95338983050847,3.62983050847458,40.5235593220339,0.0278571666779661,331.756949152542,5.96745762711864,18.4084745762712,43.9915254237288,59,"ok",TRUE
"MOD-00546","2026-07-30 19:00:00",3.73933333333333,2.94521268333333,7.46783333333333,3.02416666666667,42.4763333333334,0.0297525291333334,418.143833333333,6.86366666666667,18.545,43.605,60,"ok",TRUE
"MOD-00546","2026-07-30 20:00:00",3.70066666666667,2.79918251666666,5.73783333333333,3.08716666666667,43.8108333333333,0.0310477948333333,491.062,7.31416666666666,18.2716666666667,44.13,60,"ok",TRUE
"MOD-00546","2026-07-30 21:00:00",3.23416666666667,2.20483311666667,4.505,2.6795,42.788,0.0300550328,391.926833333333,6.04866666666667,15.8083333333333,46.5883333333333,60,"ok",TRUE
"MOD-00546","2026-07-30 22:00:00",3.17203389830508,2.10598054237288,4.41067796610169,2.70406779661017,45.0491525423729,0.0322497074576271,423.007118644068,6.73,14.6254237288136,46.5440677966102,59,"ok",TRUE
"MOD-00546","2026-07-30 23:00:00",2.9595,1.96681041666666,4.39866666666667,2.50416666666667,47.9901666666667,0.0351042557666667,456.728333333333,7.8925,14.3183333333333,46.4516666666666,60,"ok",TRUE
"MOD-00546","2026-07-31 00:00:00",3.15166666666667,2.3626077,5.238,2.61066666666667,49.345,0.036419257,578.400833333333,9.8515,16.0283333333333,44.555,60,"ok",TRUE
"MOD-00546","2026-07-31 01:00:00",3.05466666666667,2.50946,5.56433333333333,2.55033333333333,48.6578333333333,0.0357522930333333,678.031166666667,10.393,18.4083333333333,41.9966666666667,60,"ok",TRUE
"MOD-00546","2026-07-31 02:00:00",3.25816666666667,2.98273851666666,6.34466666666667,2.68533333333333,46.9176666666667,0.0340632872666667,704.672666666667,8.8415,20.6416666666667,39.3066666666667,60,"ok",TRUE
"MOD-00546","2026-07-31 03:00:00",3.3745,3.43980355,6.218,2.722,44.0546666666667,0.0312844594666667,761.402166666666,8.969,24.5783333333333,36.24,60,"ok",TRUE
"MOD-00546","2026-07-31 04:00:00",3.47233333333333,3.69742065,7.64216666666667,2.71666666666667,41.3931666666667,0.0287012075666667,759.054333333333,7.9375,27.0483333333333,34.7966666666667,60,"ok",TRUE
"MOD-00546","2026-07-31 05:00:00",4.13816666666667,4.29378501666667,12.087,3.1905,39.7435,0.0271000411,800.980666666666,8.859,34.545,32.82,60,"ok",TRUE
"MOD-00546","2026-07-31 06:00:00",4.47816666666667,4.68414658333334,21.8366666666667,3.16566666666667,40.9206666666666,0.0282425990666667,710.465,7.54633333333333,33.0583333333333,32.7666666666667,60,"ok",TRUE
"MOD-00546","2026-07-31 07:00:00",2.817,3.00640448333333,7.1065,2.40616666666667,45.965,0.033138629,714.297833333333,8.03383333333333,38.93,31.525,60,"ok",TRUE
"MOD-00546","2026-07-31 08:00:00",2.36616666666667,2.69923086666667,4.99183333333333,2.07216666666667,43.719,0.0309586614,692.176666666667,6.54983333333333,41.575,30.4733333333333,60,"ok",TRUE
"MOD-00546","2026-07-31 09:00:00",1.88366666666667,2.49290591666667,5.10183333333333,1.51016666666667,40.3988333333333,0.0277361076333333,634.293,5.92633333333333,40.2966666666667,30.41,60,"ok",TRUE
"MOD-00546","2026-07-31 10:00:00",1.71,2.32043123333333,3.70533333333333,1.40783333333333,39.5935,0.0269544511,631.526,6.88316666666667,44.455,29.72,60,"ok",TRUE
"MOD-00546","2026-07-31 11:00:00",2.598,3.01285238333333,4.9505,2.22966666666667,36.6343333333333,0.0240822839333333,659.8065,6.79133333333333,50.455,28.13,60,"ok",TRUE
"MOD-00546","2026-07-31 12:00:00",2.50583333333333,2.95803501666666,5.25833333333334,2.15933333333333,29.1516666666667,0.0168196076666667,648.665,5.37816666666667,49.83,27.93,60,"ok",TRUE
"MOD-00546","2026-07-31 13:00:00",3.10733333333333,3.44307783333333,9.90633333333334,2.47766666666667,25.3165,0.0130971949,674.202833333333,5.33016666666667,46.7466666666667,29.3266666666667,60,"ok",TRUE
"MOD-00546","2026-07-31 14:00:00",2.96766666666667,3.1937668,11.4106666666667,2.1125,18.9918333333333,0.00695847343333333,634.291166666667,6.05433333333333,40.2166666666667,33.4483333333333,60,"ok",TRUE
"MOD-00546","2026-07-31 15:00:00",2.7895,2.46028608333333,5.38133333333333,2.27983333333333,20.445,0.00836891700000001,362.936833333333,6.62283333333333,28.9066666666667,38.9566666666667,60,"ok",TRUE
"MOD-00546","2026-07-31 16:00:00",3.12196078431373,2.46945733333334,8.32549019607843,2.53549019607843,31.6690196078431,0.0192629504313725,243.354705882353,6.57529411764706,22.6372549019608,41.9176470588235,51,"ok",TRUE
"MOD-00546","2026-07-31 17:00:00",3.38983333333333,2.61816066666667,7.5905,2.67766666666667,34.6066666666667,0.0221142306666667,251.8725,5.9755,19.555,44.055,60,"ok",TRUE
"MOD-00546","2026-07-31 18:00:00",3.11483333333333,2.36891668333333,10.084,2.491,43.2013333333333,0.0304562141333333,344.014833333333,6.42716666666666,18.695,43.3783333333333,60,"ok",TRUE
"MOD-00546","2026-07-31 19:00:00",3.45166666666667,2.798723,9.14066666666667,2.766,43.7833333333333,0.0310211033333333,446.708,7.202,18.0683333333333,42.6633333333333,60,"ok",TRUE
"MOD-00546","2026-07-31 20:00:00",3.11050847457627,2.50676855932204,6.50728813559322,2.44898305084746,43.9957627118644,0.0312272872881356,451.019491525424,7.30796610169492,16.9983050847458,43.7423728813559,59,"ok",TRUE
"MOD-00546","2026-07-31 21:00:00",3.46683333333333,2.56326146666667,11.5695,2.69116666666667,44.603,0.0318166718,404.658333333333,6.91566666666667,15.2833333333333,45.39,60,"ok",TRUE
"MOD-00546","2026-07-31 22:00:00",3.81866666666667,2.98932901666667,11.0688333333333,2.82416666666667,48.4718333333333,0.0355717614333333,449.033666666667,7.70116666666667,14.8316666666667,46.0066666666667,60,"ok",TRUE
"MOD-00546","2026-07-31 23:00:00",3.80583333333333,2.93378183333333,11.7441666666667,2.86083333333333,50.8496666666667,0.0378796864666667,499.913166666667,8.17333333333333,14.76,45.81,60,"ok",TRUE
"MOD-00546","2026-08-01 00:00:00",3.77118644067797,3.07247674576271,9.67322033898305,2.82813559322034,51.3483050847458,0.0383636649152542,549.008983050847,9.42033898305085,15.135593220339,44.9033898305085,59,"ok",TRUE
"MOD-00546","2026-08-01 01:00:00",3.87233333333333,3.39773848333333,10.9965,2.8865,52.0501666666667,0.0390448917666667,627.474,11.2001666666667,16.56,42.6483333333333,60,"ok",TRUE
"MOD-00546","2026-08-01 02:00:00",4.1355,4.06260103333333,11.1775,3.02416666666667,51.8895,0.0388889487,717.0495,10.1538333333333,19.7033333333333,39.2083333333333,60,"ok",TRUE
"MOD-00546","2026-08-01 03:00:00",4.254,4.42812213333333,10.8613333333333,3.11233333333333,46.902,0.0340480812,786.3325,9.3775,23.87,36.4533333333333,60,"ok",TRUE
"MOD-00546","2026-08-01 04:00:00",4.51,4.74079001666667,13.0998333333333,3.2345,44.9855,0.0321879263,828.455166666667,11.7253333333333,29.8416666666667,34.815,60,"ok",TRUE
"MOD-00546","2026-08-01 05:00:00",4.84666666666667,5.29706648333333,15.0955,3.49433333333333,38.625,0.026014425,859.591333333334,6.98066666666667,35.7283333333333,31.2566666666667,60,"ok",TRUE
"MOD-00546","2026-08-01 06:00:00",5.08716666666667,5.50864891666666,17.7103333333333,3.65516666666667,31.3146666666667,0.0189190154666667,817.749333333333,6.271,40.2966666666667,30.0616666666667,60,"ok",TRUE
"MOD-00546","2026-08-01 07:00:00",4.96766666666667,5.45030040000001,15.7006666666667,3.6535,24.3595,0.0121683307,784.749333333333,6.016,43.27,28.7316666666667,60,"ok",TRUE
"MOD-00546","2026-08-01 08:00:00",4.54666666666667,5.28012405,16.2631666666667,3.2365,17.163,0.0051834078,638.998166666667,5.75466666666667,36.2483333333333,29.0266666666667,60,"ok",TRUE
"MOD-00546","2026-08-01 09:00:00",4.59966666666667,5.15975616666666,14.627,3.4285,24.2211666666667,0.0120340643666667,655.963166666667,5.46683333333334,42.4416666666667,28.22,60,"ok",TRUE
"MOD-00546","2026-08-01 10:00:00",4.50616666666667,5.11498246666667,13.8738333333333,3.40616666666667,22.1795,0.0100524227,674.488666666667,4.96833333333333,45.6133333333333,26.9983333333333,60,"ok",TRUE
"MOD-00546","2026-08-01 11:00:00",4.22266666666667,4.80625298333333,12.6728333333333,3.2655,21.0986666666667,0.00900336586666665,626.2675,5.8205,43.115,27.4516666666667,60,"ok",TRUE
"MOD-00546","2026-08-01 12:00:00",4.37466666666667,4.71110075,11.9225,3.51716666666667,25.4181666666667,0.0131958725666667,650.4615,4.983,47.625,27.4516666666667,60,"ok",TRUE
"MOD-00546","2026-08-01 13:00:00",4.37466666666667,4.6326724,11.007,3.53666666666667,24.508,0.0123124648,689.948,5.50466666666667,53.0983333333333,27.0333333333333,60,"ok",TRUE
"MOD-00546","2026-08-01 14:00:00",4.61783333333333,4.6526743,14.2391666666667,3.71666666666667,20.138,0.0080709428,692.405333333333,5.1,52.4033333333333,28.135,60,"ok",TRUE
"MOD-00546","2026-08-01 15:00:00",4.58166666666667,4.16034613333333,9.90633333333333,3.87,13.845,0.001962957,546.248666666667,5.98333333333333,39.65,33.74,60,"ok",TRUE
"MOD-00546","2026-08-01 16:00:00",4.23483333333333,3.76412021666667,9.984,3.47716666666667,21.6576666666667,0.00954593126666666,386.367333333333,6.17783333333333,32.2983333333333,36.845,60,"ok",TRUE
"MOD-00546","2026-08-01 17:00:00",3.87833333333334,3.33332845,9.87283333333334,3.0075,27.8925,0.0155974605,411.870333333333,6.36766666666667,28.74,40.045,60,"ok",TRUE
"MOD-00546","2026-08-01 18:00:00",3.16166666666666,2.32128048333333,5.19883333333333,2.611,31.2748333333333,0.0188803532333333,165.670666666667,5.53266666666667,20.415,44.1616666666667,60,"ok",TRUE
"MOD-00546","2026-08-01 19:00:00",3.29766666666667,2.24493525,6.54416666666667,2.7735,40.8973333333333,0.0282199517333333,253.040833333333,5.84966666666667,18.7866666666667,45.2916666666667,60,"ok",TRUE
"MOD-00546","2026-08-01 20:00:00",3.43389830508475,2.35116581355932,7.7771186440678,2.87,44.5008474576271,0.0317175225423729,249.887288135593,6.30661016949153,15.5372881355932,45.8898305084746,59,"ok",TRUE
"MOD-00546","2026-08-01 21:00:00",3.503,2.38872758333333,6.02083333333333,2.96633333333333,48.3983333333333,0.0355004223333333,441.371166666667,9.64483333333333,16.36,45.9716666666667,60,"ok",TRUE
"MOD-00546","2026-08-01 22:00:00",3.38116666666667,1.969073,6.48483333333334,2.90383333333333,47.9588333333333,0.0350738436333333,345.288833333333,6.73383333333333,14.1516666666667,48.4666666666667,60,"ok",TRUE
"MOD-00546","2026-08-01 23:00:00",3.33266666666667,2.1810661,6.81666666666666,2.7195,49.9895,0.0370448087,398.559166666667,7.95316666666667,13.1816666666667,47.8066666666667,60,"ok",TRUE
"MOD-00546","2026-08-02 00:00:00",3.41796610169492,2.53663733898305,7.9028813559322,2.71474576271186,50.6484745762712,0.0376844094237288,548.045762711864,8.7964406779661,14.3033898305085,45.7474576271186,59,"ok",TRUE
"MOD-00546","2026-08-02 01:00:00",3.33666666666667,2.78137865,7.0065,2.66166666666667,49.009,0.0360931354,624.632666666667,10.2731666666667,15.2433333333333,43.135,60,"ok",TRUE
"MOD-00546","2026-08-02 02:00:00",3.92933333333333,3.58071593333334,7.23133333333333,3.21816666666667,48.6471666666667,0.0357419399666667,719.062,11.5431666666667,18.3466666666667,39.64,60,"ok",TRUE
"MOD-00546","2026-08-02 03:00:00",5.26616666666667,5.7956432,24.4245,3.21616666666667,49.5955,0.0366623923,910.706666666667,11.5421666666667,28.2633333333333,34.9316666666667,60,"ok",TRUE
"MOD-00546","2026-08-02 04:00:00",4.1275,4.22753161666667,9.72166666666666,3.39616666666667,41.7268333333333,0.0290250644333333,870.8445,7.74983333333333,31.7933333333333,32.5083333333333,60,"ok",TRUE
"MOD-00546","2026-08-02 05:00:00",3.80716666666667,3.90776388333333,8.06733333333333,3.2645,40.5373333333333,0.0278705357333333,824.305833333333,6.92016666666666,37.1916666666667,30.9933333333333,60,"ok",TRUE
"MOD-00546","2026-08-02 06:00:00",3.91033333333333,4.10489251666667,8.33383333333333,3.28583333333333,34.5788333333333,0.0220872156333333,797.695833333333,6.18116666666666,40.9083333333333,29.895,60,"ok",TRUE
"MOD-00546","2026-08-02 07:00:00",4.31783333333333,4.37838171666667,11.4356666666667,3.6735,31.3381666666667,0.0189418245666667,764.277333333333,5.70066666666666,44.35,28.7083333333333,60,"ok",TRUE
"MOD-00546","2026-08-02 08:00:00",3.971,4.20879725,10.1195,3.304,25.6266666666667,0.0133982426666667,705.775166666667,5.61583333333334,43.7583333333333,28.79,60,"ok",TRUE
"MOD-00546","2026-08-02 09:00:00",4.572,4.93576455,11.6671666666667,3.52033333333333,21.9245,0.0098049197,637.252333333333,6.19166666666666,39.4266666666667,30.0966666666667,60,"ok",TRUE
"MOD-00546","2026-08-02 10:00:00",4.56433333333333,4.84534418333333,13.1271666666667,3.49983333333333,25.7641666666667,0.0135317001666667,599.272833333333,5.73166666666667,41.0233333333333,30.2333333333333,60,"ok",TRUE
"MOD-00546","2026-08-02 11:00:00",4.94633333333333,5.49424505,14.3455,3.61383333333333,29.926,0.0175711756,640.560333333333,5.13116666666667,46.1033333333333,28.175,60,"ok",TRUE
"MOD-00546","2026-08-02 12:00:00",4.25916666666667,4.59911361666667,11.3576666666667,3.31433333333333,27.0933333333333,0.0148217893333333,583.934666666667,5.86866666666667,40.7516666666667,29.9616666666667,60,"ok",TRUE
"MOD-00546","2026-08-02 13:00:00",4.47333333333333,4.57734811666667,11.7671666666667,3.574,31.116,0.0187261896,551.062833333333,5.83583333333334,39.5666666666666,31.045,60,"ok",TRUE
"MOD-00546","2026-08-02 14:00:00",4.318,4.25523563333333,10.4506666666667,3.4895,31.5005,0.0190993853,553.582666666667,5.72083333333333,37.6633333333333,32.8316666666667,60,"ok",TRUE
"MOD-00546","2026-08-02 15:00:00",4.90016666666667,4.87364753333333,11.9121666666667,3.60166666666667,30.6066666666667,0.0182318306666667,489.454666666667,6.0875,33.325,35.6583333333333,60,"ok",TRUE
"MOD-00546","2026-08-02 16:00:00",5.044,4.4642651,9.34566666666667,4.12433333333333,34.8533333333333,0.0223536453333333,498.4735,6.42583333333333,32.4516666666667,37.185,60,"ok",TRUE
"MOD-00546","2026-08-02 17:00:00",4.358,3.58653491666666,10.3395,3.37933333333333,30.7078333333333,0.0183300230333333,375.508166666667,6.2715,26.0966666666667,41.9833333333333,60,"ok",TRUE
"MOD-00546","2026-08-02 18:00:00",4.44466666666667,3.28786673333333,9.036,3.67933333333333,36.402,0.0238567812,366.048833333333,6.091,24.09,43.6833333333333,60,"ok",TRUE
"MOD-00546","2026-08-02 19:00:00",4.20084745762712,2.94665647457628,11.558813559322,3.4093220338983,40.6869491525424,0.0280157528474576,349.491186440678,6.03338983050847,21.9508474576271,45.1440677966102,59,"ok",TRUE
"MOD-00546","2026-08-02 20:00:00",3.39566666666667,2.4152685,7.42866666666667,2.7845,41.1315,0.0284472339,395.964333333333,6.266,19.875,44.8016666666667,60,"ok",TRUE
"MOD-00546","2026-08-02 21:00:00",3.32683333333333,2.21960223333333,5.86483333333333,2.79766666666666,40.9408333333333,0.0282621728333333,313.4635,5.9075,16.36,46.3316666666667,60,"ok",TRUE
"MOD-00546","2026-08-02 22:00:00",3.10933333333333,2.04561093333333,5.84766666666667,2.59933333333333,45.2066666666667,0.0324025906666667,365.380166666667,6.89366666666667,15.2066666666667,46.6016666666667,60,"ok",TRUE
"MOD-00546","2026-08-02 23:00:00",3.19966101694915,2.14105242372881,5.78016949152542,2.67508474576271,48.1374576271187,0.0352472163728814,449.384745762712,7.15,15.171186440678,46.4813559322034,59,"ok",TRUE
"MOD-00546","2026-08-03 00:00:00",3.31916666666667,2.37644411666667,8.32033333333333,2.72666666666667,48.621,0.0357165426,542.3605,9.00166666666667,15.9483333333333,45.1066666666667,60,"ok",TRUE
"MOD-00546","2026-08-03 01:00:00",3.49416666666667,2.7973618,5.72683333333333,2.94533333333333,48.0331666666667,0.0351459915666667,586.811166666667,9.448,16.2283333333333,42.8716666666667,60,"ok",TRUE
"MOD-00546","2026-08-03 02:00:00",3.95216666666667,3.55127228333333,7.65333333333333,3.2475,49.4183333333333,0.0364904343333333,688.310166666667,9.75366666666667,19.2133333333333,39.6733333333333,60,"ok",TRUE
"MOD-00546","2026-08-03 03:00:00",4.07816666666667,3.9705295,8.91016666666667,3.2505,47.5418333333334,0.0346691034333334,799.341333333333,10.011,24.5283333333333,36.7433333333333,60,"ok",TRUE
"MOD-00546","2026-08-03 04:00:00",4.45216666666667,4.3244866,11.2451666666667,3.543,43.3993333333333,0.0306483929333333,814.491166666667,11.7445,28.8983333333333,35.26,60,"ok",TRUE
"MOD-00546","2026-08-03 05:00:00",4.57633333333333,4.63001606666667,11.1536666666667,3.6425,34.5628333333333,0.0220716860333333,851.348166666667,6.84533333333333,33.38,32.85,60,"ok",TRUE
"MOD-00546","2026-08-03 06:00:00",4.5265,4.56068143333333,11.7808333333333,3.66333333333333,31.7863333333333,0.0193768151333333,697.443666666667,6.1685,30.9033333333333,32.8666666666667,60,"ok",TRUE
"MOD-00546","2026-08-03 07:00:00",4.11916666666667,4.11081938333332,8.88166666666667,3.38966666666667,35.1663333333333,0.0226574431333333,658.920666666667,6.5975,31.8633333333333,33.555,60,"ok",TRUE
"MOD-00546","2026-08-03 08:00:00",3.982,4.00352711666666,8.9475,3.23983333333333,37.3003333333333,0.0247287035333333,658.619833333334,6.51383333333333,33.5366666666667,33.4266666666667,60,"ok",TRUE
"MOD-00546","2026-08-03 09:00:00",4.09233333333333,4.15624811666667,8.93816666666666,3.297,36.3831666666667,0.0238385015666667,635.914666666667,6.29133333333333,34.1883333333333,33.1433333333333,60,"ok",TRUE
"MOD-00546","2026-08-03 10:00:00",4.47066666666667,4.39958616666667,9.93633333333333,3.66766666666667,36.6148333333333,0.0240633572333333,637.284,5.8255,35.88,32.7633333333333,60,"ok",TRUE
"MOD-00546","2026-08-03 11:00:00",4.38066666666667,4.3283565,8.63833333333333,3.65483333333333,36.0513333333333,0.0235164241333333,632.414833333333,5.56383333333333,37.5433333333333,32.1433333333333,60,"ok",TRUE
"MOD-00546","2026-08-03 12:00:00",4.23116666666667,4.27840475,8.79566666666667,3.4755,35.289,0.0227765034,630.709666666667,5.50183333333333,39.2883333333333,31.605,60,"ok",TRUE
"MOD-00546","2026-08-03 13:00:00",4.1445,4.31133133333333,11.2121666666667,3.189,31.22,0.018827132,659.115833333333,5.60616666666666,38.5766666666667,32.185,60,"ok",TRUE
"MOD-00546","2026-08-03 14:00:00",3.95033333333333,3.95566748333334,7.92416666666667,3.09183333333333,27.6923333333333,0.0154031787333333,576.320333333333,5.95316666666667,34.83,34.62,60,"ok",TRUE
"MOD-00546","2026-08-03 15:00:00",3.61633333333333,3.4222387,8.83233333333334,2.8135,28.531,0.0162171886,517.945166666667,6.10333333333333,30.675,37.1833333333333,60,"ok",TRUE
"MOD-00546","2026-08-03 16:00:00",3.6595,3.37776805,11.907,2.5155,30.0918333333333,0.0177321334333333,409.609333333333,6.28416666666667,26.3666666666667,40.8666666666667,60,"ok",TRUE
"MOD-00546","2026-08-03 17:00:00",4.1828813559322,3.49379208474576,11.2942372881356,2.99508474576271,32.4727118644068,0.0200430141355932,292.777966101695,5.97728813559322,21.3084745762712,44.306779661017,59,"ok",TRUE
"MOD-00546","2026-08-03 18:00:00",3.894,3.18360345,8.91916666666667,2.80683333333333,40.316,0.0276557096,272.1235,5.88433333333334,18.695,45.4,60,"ok",TRUE
"MOD-00546","2026-08-03 19:00:00",3.82116666666667,3.00344935,9.27433333333333,2.97033333333333,43.199,0.0304539494,385.444666666667,6.436,18.4266666666667,44.3666666666667,60,"ok",TRUE
"MOD-00546","2026-08-03 20:00:00",3.7875,3.19361426666667,8.5825,2.99433333333333,45.2201666666666,0.0324156937666667,573.928666666667,8.195,19.815,42.0566666666667,60,"ok",TRUE
"MOD-00546","2026-08-03 21:00:00",3.67833333333333,2.88083005,8.31983333333333,2.9215,41.9403333333333,0.0292322875333333,458.541166666667,6.63433333333333,17.2083333333333,44.215,60,"ok",TRUE
"MOD-00546","2026-08-03 22:00:00",4.07457627118644,2.99407584745763,8.31440677966102,3.33220338983051,42.9576271186441,0.0302196728813559,451.425254237288,6.62389830508474,16.1101694915254,45.5593220338983,59,"ok",TRUE
"MOD-00546","2026-08-03 23:00:00",4.20583333333333,3.26734318333334,9.028,3.4355,47.7195,0.0348415467,511.496166666667,8.987,16.9883333333333,44.0016666666667,60,"ok",TRUE
"MOD-00546","2026-08-04 00:00:00",4.01933333333333,3.33194923333333,7.624,3.3085,48.5891666666667,0.0356856451666667,730.544,10.9561666666667,21.3733333333333,41.415,60,"ok",TRUE
"MOD-00546","2026-08-04 01:00:00",3.677,3.2507806,7.62866666666667,3.01933333333333,49.2286666666667,0.0363063438666667,774.185666666667,10.2911666666667,26.0416666666667,38.8166666666667,60,"ok",TRUE
"MOD-00546","2026-08-04 02:00:00",5.799,5.53165999195402,19.8475862068966,4.33466666666667,54.8676666666667,0.0417795572666667,858.560833333333,28.829,40.835,33.425,60,"ok",TRUE
"MOD-00546","2026-08-04 03:00:00",3.87783333333333,3.98908861666666,7.185,3.32316666666667,52.187,0.0391777022,957.764,24.7633333333333,63.5766666666667,25.81,60,"ok",TRUE
"MOD-00546","2026-08-04 04:00:00",3.0125,3.36722091666667,4.586,2.59233333333333,36.68,0.024126608,818.454833333333,7.71833333333333,60.13,26.1766666666667,60,"ok",TRUE
"MOD-00546","2026-08-04 05:00:00",1.91433333333333,2.54919015,3.84783333333333,1.673,25.8433333333333,0.0136085393333333,667.153333333333,5.08133333333333,52.2933333333333,26.8983333333333,60,"ok",TRUE
"MOD-00546","2026-08-04 06:00:00",1.88616666666667,2.56200096666666,3.74916666666667,1.62583333333333,24.6701666666667,0.0124698637666667,597.932166666667,5.406,52.0933333333333,26.87,60,"ok",TRUE
"MOD-00546","2026-08-04 07:00:00",1.67916666666667,2.36366963333333,2.69883333333333,1.49,27.3135,0.0150354831,622.2425,6.36966666666666,60.6683333333333,25.2516666666667,60,"ok",TRUE
"MOD-00546","2026-08-04 08:00:00",1.45416666666667,2.22794491666667,2.203,1.307,23.2678333333333,0.0111087590333333,608.897833333333,5.93,61.1433333333333,24.7666666666667,60,"ok",TRUE
"MOD-00546","2026-08-04 09:00:00",1.92433333333333,2.5258779,3.03233333333333,1.731,21.3628333333333,0.00925976603333332,594.951833333333,6.06666666666667,65.355,24.3233333333333,60,"ok",TRUE
"MOD-00546","2026-08-04 10:00:00",2.04066666666667,2.5982161,3.82133333333333,1.80283333333333,18.3355,0.00632143630000001,609.785,5.77583333333333,67.7833333333333,24.1016666666667,60,"ok",TRUE
"MOD-00546","2026-08-04 11:00:00",1.979,2.63412833333333,4.27366666666667,1.697,16.3046666666667,0.00435030946666667,570.075166666667,5.355,66.9783333333334,23.9183333333333,60,"ok",TRUE
"MOD-00546","2026-08-04 12:00:00",2.1615,2.79095238333333,3.891,1.88016666666667,16.2848333333333,0.00433105923333333,589.603666666667,5.05466666666667,70.725,23.0016666666667,60,"ok",TRUE
"MOD-00546","2026-08-04 13:00:00",2.82383333333333,3.37134355,9.22966666666667,2.21716666666667,11.0153333333333,-0.000783517466666663,618.779166666667,5.03766666666667,67.6033333333334,24.1833333333333,60,"ok",TRUE
"MOD-00546","2026-08-04 14:00:00",2.18833333333333,2.53324941666667,5.0675,1.89416666666667,4.59683333333333,-0.00701331356666667,529.917333333333,5.15116666666667,49.6383333333334,29.215,60,"ok",TRUE
"MOD-00546","2026-08-04 15:00:00",2.25666666666667,2.14881375,5.4315,1.94016666666667,4.44716666666667,-0.00715858003333333,398.2195,5.84133333333333,37.5666666666667,35.145,60,"ok",TRUE
"MOD-00546","2026-08-04 16:00:00",2.69083333333333,2.1851771,5.88883333333333,2.2805,16.4826666666667,0.00452307626666667,288.598333333333,7.304,29.9383333333333,39.43,60,"ok",TRUE
"MOD-00546","2026-08-04 17:00:00",2.37216666666667,1.7336369,6.35016666666667,2.011,30.8033333333333,0.0184227153333333,283.441666666667,6.53083333333333,26.6366666666667,41.415,60,"ok",TRUE
"MOD-00546","2026-08-04 18:00:00",2.2895,1.70057913333333,4.60683333333334,1.99483333333333,38.9318333333333,0.0263122374333333,369.009333333333,6.58466666666667,25.6533333333333,41.25,60,"ok",TRUE
"MOD-00546","2026-08-04 19:00:00",3.73661016949153,3.94060015254237,15.1798305084746,2.04135593220339,39.6879661016949,0.0270461398983051,338.686271186441,6.39101694915254,22.3932203389831,41.606779661017,59,"ok",TRUE
"MOD-00546","2026-08-04 20:00:00",5.2235,6.05703364999999,24.249,2.2385,43.3263333333333,0.0305775391333333,416.2485,7.1595,21.685,42.045,60,"ok",TRUE
"MOD-00546","2026-08-04 21:00:00",5.30866666666666,5.96501204999999,28.7711666666667,2.2555,46.2953333333333,0.0334592505333333,452.575833333333,8.06266666666667,21.1916666666667,42.8866666666667,60,"ok",TRUE
"MOD-00546","2026-08-04 22:00:00",5.39066666666667,6.20247866666667,27.835,2.2015,47.5826666666667,0.0347087362666667,497.367,8.57666666666667,21.1583333333333,42.84,60,"ok",TRUE
"MOD-00546","2026-08-04 23:00:00",4.7564406779661,5.2815496779661,26.2040677966102,2.13050847457627,48.8845762711864,0.0359723697288136,561.776779661017,9.48983050847458,22.3101694915254,42.0016949152542,59,"ok",TRUE
"MOD-00546","2026-08-05 00:00:00",4.46666666666667,5.06394943333333,18.522,2.12733333333333,47.2103333333333,0.0343473495333333,579.807666666666,8.52083333333333,22.8333333333333,41.345,60,"ok",TRUE
"MOD-00546","2026-08-05 01:00:00",3.01766666666667,3.1998256,9.20533333333333,1.90333333333333,48.6913333333333,0.0357848081333333,625.911166666667,9.8095,24.7283333333333,39.4866666666667,60,"ok",TRUE
"MOD-00546","2026-08-05 02:00:00",2.896,3.0003845,6.30366666666667,2.21983333333333,49.4256666666667,0.0364975520666667,687.422,11.523,28.6466666666667,36.5166666666667,60,"ok",TRUE
"MOD-00546","2026-08-05 03:00:00",3.51783333333333,3.46074341666667,6.48166666666667,2.8795,48.3315,0.0354355539,766.335333333333,14.3428333333333,35.265,34.5516666666667,60,"ok",TRUE
"MOD-00546","2026-08-05 04:00:00",3.37716666666667,3.23111278333333,6.08533333333333,2.938,44.7626666666667,0.0319716442666667,745.7915,10.4713333333333,39.3766666666667,33.17,60,"ok",TRUE
"MOD-00546","2026-08-05 05:00:00",3.70733333333333,3.50233381666667,5.19883333333333,3.29583333333333,41.0908333333333,0.0284077628333333,688.610333333333,7.34116666666667,40.065,32.6333333333333,60,"ok",TRUE
"MOD-00546","2026-08-05 06:00:00",4.1055,3.75633673333333,5.90483333333333,3.67133333333333,39.0593333333333,0.0264359889333333,633.944333333333,6.5625,40.19,32.7833333333333,60,"ok",TRUE
"MOD-00546","2026-08-05 07:00:00",4.66933333333333,4.1617151,7.18966666666667,4.15816666666667,39.7658333333333,0.0271217178333334,662.074166666667,6.94366666666667,44.11,32.2133333333333,60,"ok",TRUE
"MOD-00546","2026-08-05 08:00:00",5.127,4.6675367,7.37466666666667,4.50433333333333,33.086,0.0206382716,636.815833333333,5.908,46.1816666666667,31.185,60,"ok",TRUE
"MOD-00546","2026-08-05 09:00:00",5.30383333333333,5.49988638333333,11.4336666666667,3.93483333333333,30.3656666666667,0.0179979160666667,629.5405,5.50433333333333,49.0033333333333,30.4816666666666,60,"ok",TRUE
"MOD-00546","2026-08-05 10:00:00",4.34433333333333,4.61172146666667,9.419,3.37666666666667,29.1331666666667,0.0168016515666667,557.005666666667,5.37033333333333,45.7166666666667,29.9833333333333,60,"ok",TRUE
"MOD-00546","2026-08-05 11:00:00",5.00533333333333,5.05201385,9.0895,4.04183333333333,30.9445,0.0185597317,603.144333333333,6.14366666666666,53.7566666666667,28.5166666666667,60,"ok",TRUE
"MOD-00546","2026-08-05 12:00:00",6.1305,5.9229354,11.6368333333333,4.97516666666666,26.5173333333333,0.0142627237333333,668.977666666666,6.69633333333333,62.8666666666667,26.965,60,"ok",TRUE
"MOD-00546","2026-08-05 13:00:00",7.16216666666667,6.7051768,19.2651666666667,5.6925,18.5618333333333,0.00654111543333333,673.938666666667,5.483,60.7783333333333,27.72,60,"ok",TRUE
"MOD-00546","2026-08-05 14:00:00",6.24516666666667,5.7363209,15.2908333333333,4.91833333333333,6.402,-0.0052612188,582.900333333333,6.04616666666667,47.6766666666666,32.7233333333333,60,"ok",TRUE
"MOD-00546","2026-08-05 15:00:00",5.33783333333333,4.87421875,11.8866666666667,3.96866666666667,7.62566666666667,-0.00407352793333333,369.1165,6.27516666666667,35.37,38.2416666666667,60,"ok",TRUE
"MOD-00546","2026-08-05 16:00:00",5.17183333333333,4.64453538333333,10.7163333333333,3.75266666666667,24.4476666666667,0.0122539052666667,334.6815,6.2635,31.2833333333333,40.6783333333333,60,"ok",TRUE
"MOD-00546","2026-08-05 17:00:00",4.92066666666667,4.39077965,10.9458333333333,3.49883333333333,33.138,0.0206887428,352.841666666667,6.23216666666667,28.8616666666667,41.7833333333334,60,"ok",TRUE
"MOD-00546","2026-08-05 18:00:00",4.60183333333334,3.71495128333334,8.98666666666667,3.58383333333333,35.1066666666667,0.0225995306666667,345.175666666667,6.173,25.945,42.9666666666666,60,"ok",TRUE
"MOD-00546","2026-08-05 19:00:00",3.77516666666667,3.27422313333333,8.05216666666666,2.91016666666667,42.2848333333333,0.0295666592333333,414.204833333333,7.233,25.475,40.97,60,"ok",TRUE
"MOD-00546","2026-08-05 20:00:00",4.61716666666667,3.90758303333333,8.62483333333333,3.471,38.4503333333333,0.0258448935333333,471.952333333333,7.37916666666667,24.885,42.9183333333333,60,"ok",TRUE
"MOD-00546","2026-08-05 21:00:00",4.62016949152542,3.69205040677966,9.37067796610169,3.49677966101695,38.8332203389831,0.026216523661017,412.061525423729,6.47508474576271,22.4016949152542,44.7728813559322,59,"ok",TRUE
"MOD-00546","2026-08-05 22:00:00",4.67266666666667,3.80384525,8.83516666666667,3.51,41,0.0283196,452.111,6.87333333333333,21.81,44.7483333333333,60,"ok",TRUE
"MOD-00546","2026-08-05 23:00:00",4.39466666666667,3.8611226,8.04533333333333,3.20283333333334,43.6163333333333,0.0308590131333333,552.771,8.376,23.4266666666667,42.8966666666667,60,"ok",TRUE
"MOD-00546","2026-08-06 00:00:00",4.39483333333333,3.80475998333333,8.96933333333333,3.32366666666667,42.7553333333333,0.0300233265333333,623.931333333333,8.40466666666667,25.02,41.775,60,"ok",TRUE
"MOD-00546","2026-08-06 01:00:00",4.881,4.593707,11.1746666666667,3.48133333333333,43.767,0.0310052502,637.3455,8.4625,26.7383333333333,40.13,60,"ok",TRUE
"MOD-00546","2026-08-06 02:00:00",4.92666666666667,4.98779451666667,12.4965,3.4345,46.3018333333333,0.0334655594333333,710.443166666667,11.6435,32.485,36.6,60,"ok",TRUE
"MOD-00546","2026-08-06 03:00:00",5.296,5.83064391666667,13.8505,3.41883333333333,44.2651666666667,0.0314887707666667,786.813333333333,11.6763333333333,40.03,33.4216666666666,60,"ok",TRUE
"MOD-00546","2026-08-06 04:00:00",4.9065,5.15251696666666,12.0678333333333,3.5575,37.4021666666667,0.0248275429666667,686.512833333333,7.17433333333333,39.5083333333333,32.65,60,"ok",TRUE
"MOD-00546","2026-08-06 05:00:00",11.1871666666667,13.8578688833333,91.091,3.75833333333333,49.0793333333333,0.0361614009333333,659.686,21.0148333333333,52.1533333333333,29.37,60,"ok",TRUE
"MOD-00546","2026-08-06 06:00:00",3.65566666666667,3.99276206666667,6.47866666666667,2.95433333333333,47.5401666666667,0.0346674857666667,787.0135,32.9688333333333,78.5,23.0483333333333,60,"ok",TRUE
"MOD-00546","2026-08-06 07:00:00",2.53366666666667,3.01182731666667,4.44616666666667,2.15983333333333,39.09,0.026465754,712.889166666667,14.6963333333333,78.56,22.385,60,"ok",TRUE
"MOD-00546","2026-08-06 08:00:00",2.0985,2.74099586666667,3.26016666666667,1.88116666666667,29.45,0.01710917,603.114666666667,8.07666666666667,70.24,22.745,60,"ok",TRUE
"MOD-00546","2026-08-06 09:00:00",1.89866666666667,2.49902458333333,3.00983333333333,1.653,26.03,0.013789718,605.499,8.61233333333333,77.0083333333333,22.5466666666667,60,"ok",TRUE
"MOD-00546","2026-08-06 10:00:00",2.0675,2.61675218333333,3.26133333333333,1.82383333333333,22.3358333333333,0.0102041598333333,590.2275,6.34766666666667,75.0816666666667,22.8333333333333,60,"ok",TRUE
"MOD-00546","2026-08-06 11:00:00",2.533,2.9388172,3.94866666666667,2.29383333333333,21.4413333333333,0.00933595813333333,550.271166666667,5.86433333333333,70.69,23.4716666666666,60,"ok",TRUE
"MOD-00546","2026-08-06 12:00:00",2.88083333333333,3.10075855,4.958,2.61583333333333,17.595,0.005602707,570.739,6.84916666666667,72.1783333333333,23.7683333333333,60,"ok",TRUE
"MOD-00546","2026-08-06 13:00:00",3.04916666666667,3.17830455,5.98333333333333,2.73633333333333,16.9633333333333,0.00498961133333333,598.315833333333,5.74216666666667,73.01,24.0783333333333,60,"ok",TRUE
"MOD-00546","2026-08-06 14:00:00",3.1625,3.22694391666667,6.07933333333333,2.764,9.936,-0.0018311184,575.493,4.9115,59.5316666666667,27.695,60,"ok",TRUE
"MOD-00546","2026-08-06 15:00:00",3.67133333333333,3.23653076666666,5.912,3.29866666666667,6.55416666666667,-0.00511352583333333,488.520833333333,6.02583333333334,47.2983333333333,32.62,60,"ok",TRUE
"MOD-00546","2026-08-06 16:00:00",3.4345,2.77157355,4.64666666666667,3.12333333333333,12.9475,0.0010918435,301.481833333333,6.40733333333333,33.4616666666667,37.5333333333333,60,"ok",TRUE
"MOD-00546","2026-08-06 17:00:00",2.84116666666667,2.15773733333333,4.05183333333333,2.5935,29.4403333333333,0.0170997875333333,204.7005,7.00066666666667,25.4,40.38,60,"ok",TRUE
"MOD-00546","2026-08-06 18:00:00",2.78084745762712,2.15793218644068,4.8728813559322,2.41627118644068,40.5757627118644,0.0279078352881356,272.557627118644,7.00372881355932,24.4830508474576,41.0542372881356,59,"ok",TRUE
"MOD-00546","2026-08-06 19:00:00",2.6315,2.07198496666667,4.22416666666667,2.33366666666667,46.5901666666667,0.0337454157666667,446.509333333333,8.81883333333333,26.7516666666667,40.05,60,"ok",TRUE
"MOD-00546","2026-08-06 20:00:00",2.329,1.83931953333333,5.868,1.97966666666667,45.1023333333333,0.0323013247333333,397.177166666667,7.671,22.7333333333333,41.1216666666667,60,"ok",TRUE
"MOD-00546","2026-08-06 21:00:00",2.43866666666667,1.98655871666667,4.40183333333333,1.99066666666667,46.8436666666667,0.0339914628666667,417.467666666667,9.6145,21.02,42.075,60,"ok",TRUE
"MOD-00546","2026-08-06 22:00:00",2.5135,1.87118551666667,7.29633333333333,2.084,49.7038333333333,0.0367675406333333,462.1665,10.4905,21.1316666666667,42.5516666666666,60,"ok",TRUE
"MOD-00546","2026-08-06 23:00:00",2.4325,1.84923793333333,3.92616666666667,2.0365,49.257,0.0363338442,472.211666666667,10.4883333333333,20.1983333333333,42.9566666666667,60,"ok",TRUE
"MOD-00546","2026-08-07 00:00:00",2.47271186440678,2.11365247457627,4.75881355932203,1.94372881355932,50.7962711864407,0.0378278608135593,537.00372881356,11.1750847457627,21.3220338983051,41.806779661017,59,"ok",TRUE
"MOD-00546","2026-08-07 01:00:00",2.77516666666667,2.70568226666667,7.54216666666667,1.99733333333333,51.5235,0.0385337091,650.7285,15.5506666666667,25.495,39.4233333333333,60,"ok",TRUE
"MOD-00546","2026-08-07 02:00:00",2.67683333333333,2.5664791,6.18316666666667,2.27716666666667,52.1983333333333,0.0391887023333333,769.995666666667,23.9155,33.9383333333333,35.3683333333333,60,"ok",TRUE
"MOD-00546","2026-08-07 03:00:00",3.33133333333333,3.19637356666667,6.40566666666667,2.908,46.0883333333333,0.0332583363333333,759.254,15.2506666666667,38.495,33.1616666666667,60,"ok",TRUE
"MOD-00546","2026-08-07 04:00:00",3.62133333333334,3.43475261666667,6.2895,3.20216666666667,41.058,0.0283758948,744.961833333333,11.819,44.1516666666666,31.71,60,"ok",TRUE
"MOD-00546","2026-08-07 05:00:00",3.864,3.67123726666666,6.206,3.45983333333333,35.4571666666667,0.0229397259666667,738.070833333333,8.3585,50.7183333333333,29.735,60,"ok",TRUE
"MOD-00546","2026-08-07 06:00:00",4.15183333333333,3.84318268333333,6.029,3.783,30.4568333333333,0.0180864024333333,708.483666666667,7.62416666666667,55.1366666666667,28.79,60,"ok",TRUE
"MOD-00546","2026-08-07 07:00:00",4.42216666666667,3.99341783333333,5.7555,4.07083333333333,24.4793333333333,0.0122846409333333,688.741,6.72733333333333,60.0716666666667,27.9966666666667,60,"ok",TRUE
"MOD-00546","2026-08-07 08:00:00",4.65466666666667,3.99623055,6.5155,4.31216666666667,15.55,0.00361783,706.724833333334,6.70583333333333,70.76,26.8683333333333,60,"ok",TRUE
"MOD-00546","2026-08-07 09:00:00",4.33616666666667,3.94566395,6.115,3.94566666666667,11.4141666666667,-0.000396409833333338,651.280833333333,5.5885,68.7233333333333,26.4516666666667,60,"ok",TRUE
"MOD-00546","2026-08-07 10:00:00",4.26916666666667,4.09438293333333,6.73483333333333,3.7895,11.5683333333333,-0.000246775666666667,552.475666666667,5.1705,62.1416666666667,26.8366666666667,60,"ok",TRUE
"MOD-00546","2026-08-07 11:00:00",4.37916666666667,4.0634519,6.9075,3.98816666666667,14.8988333333333,0.00298580763333333,560.64,5.16216666666667,61.2866666666666,27.0433333333333,60,"ok",TRUE
"MOD-00546","2026-08-07 12:00:00",4.175,4.04300731666667,6.59183333333333,3.733,19.2936666666667,0.00725143286666667,543.289333333333,5.277,60.1716666666666,26.8316666666667,60,"ok",TRUE
"MOD-00546","2026-08-07 13:00:00",3.537,3.79943926666667,6.58366666666667,2.99266666666667,20.5936666666667,0.00851321286666666,526.108833333333,4.86283333333333,53.92,27.43,60,"ok",TRUE
"MOD-00546","2026-08-07 14:00:00",3.28516666666667,3.33250008333333,6.73633333333333,2.7705,16.791,0.00482234460000001,488.927833333333,6.083,43.87,31.4766666666667,60,"ok",TRUE
"MOD-00546","2026-08-07 15:00:00",3.17533333333333,2.86006068333333,7.15316666666667,2.66733333333333,18.5991666666667,0.00657735116666666,376.944166666667,5.90916666666667,34.7933333333333,36.2833333333333,60,"ok",TRUE
"MOD-00546","2026-08-07 16:00:00",3.20716666666667,2.7223345,6.2015,2.64316666666667,28.3478333333333,0.0160394070333333,344.1785,6.091,30.265,39.1516666666667,60,"ok",TRUE
"MOD-00546","2026-08-07 17:00:00",3.599,2.70717533333333,6.75566666666667,3.06,33.5866666666667,0.0211242186666667,303.970166666666,6.18216666666667,25.7533333333333,41.95,60,"ok",TRUE
"MOD-00546","2026-08-07 18:00:00",2.904,2.31463926666667,7.63766666666667,2.28316666666667,40.3603333333333,0.0276987395333333,334.9115,6.88333333333333,23.98,42.155,60,"ok",TRUE
"MOD-00546","2026-08-07 19:00:00",3.57916666666667,3.00991696666666,7.65583333333333,2.81716666666667,45.9401666666667,0.0331145257666667,486.15,8.7685,25.4466666666667,41.215,60,"ok",TRUE
"MOD-00546","2026-08-07 20:00:00",3.487,2.65234836666666,7.35266666666667,2.81966666666667,43.653,0.0308946018,421.478833333333,7.5585,22.6316666666667,43.3683333333333,60,"ok",TRUE
"MOD-00546","2026-08-07 21:00:00",3.38966101694915,2.50670901694915,7.97406779661017,2.63372881355932,44.4449152542373,0.0316632347457627,413.604237288136,7.74067796610169,19.864406779661,45.1694915254237,59,"ok",TRUE
"MOD-00546","2026-08-07 22:00:00",3.69133333333333,2.77045068333333,9.92883333333334,2.87266666666667,49.7098333333333,0.0367733642333333,445.896166666667,9.61566666666667,19.555,44.8633333333333,60,"ok",TRUE
"MOD-00546","2026-08-07 23:00:00",3.56566666666667,2.92866348333333,7.89516666666667,2.72616666666667,50.2553333333333,0.0373028265333333,566.631166666667,12.0373333333333,20.96,43.2916666666667,60,"ok",TRUE
"MOD-00546","2026-08-08 00:00:00",3.9255,3.47538023333333,8.6605,3.00066666666667,49.9973333333333,0.0370524117333333,636.247833333333,11.8091666666667,22.9166666666667,41.07,60,"ok",TRUE
"MOD-00546","2026-08-08 01:00:00",3.9465,3.77209818333333,8.324,2.89766666666667,47.5763333333333,0.0347025891333333,658.211,10.3935,24.7133333333333,39.6166666666667,60,"ok",TRUE
"MOD-00546","2026-08-08 02:00:00",4.6135,4.32079683333333,9.77783333333334,3.67483333333333,48.3521666666667,0.0354556129666667,778.879666666666,19.7556666666667,32.7483333333333,35.995,60,"ok",TRUE
"MOD-00546","2026-08-08 03:00:00",5.0515,4.67418803333333,9.0765,4.32866666666667,45.6521666666667,0.0328349929666667,801.877666666667,13.0011666666667,38.0116666666667,32.815,60,"ok",TRUE
"MOD-00546","2026-08-08 04:00:00",4.83333333333333,4.42778538333333,10.0761666666667,4.18433333333333,40.1175,0.0274630455,738.706,7.88,39.9016666666667,32.3483333333333,60,"ok",TRUE
"MOD-00546","2026-08-08 05:00:00",7.00266666666667,6.88974195,21.6555,5.33166666666666,35.62,0.023097772,533.9295,6.1055,29.25,32.8216666666667,60,"ok",TRUE
"MOD-00546","2026-08-08 06:00:00",7.79216666666667,6.62978091666666,12.8286666666667,7.20683333333333,40.2491666666667,0.0275908411666667,527.130833333333,6.89566666666667,28.7416666666667,31.9233333333333,60,"ok",TRUE
"MOD-00546","2026-08-08 07:00:00",8.56283333333333,7.24618193333333,14.0248333333333,7.89816666666667,41.5053333333333,0.0288100765333333,601.085,7.5135,32.77,30.8166666666667,60,"ok",TRUE
"MOD-00546","2026-08-08 08:00:00",6.432,5.81053895,10.6925,5.764,42.2153333333333,0.0294992025333333,697.895,8.61366666666667,40.8466666666667,29.8633333333333,60,"ok",TRUE
"MOD-00546","2026-08-08 09:00:00",9.11616666666667,10.4220816666667,24.8825,5.577,41.6071666666667,0.0289089159666667,627.7065,6.6175,39.1866666666667,29.6316666666667,60,"ok",TRUE
"MOD-00546","2026-08-08 10:00:00",11.6081666666667,13.8615073666667,28.7575,6.376,39.8765,0.0272291309,600.508833333333,6.27483333333333,38.9833333333333,29.5816666666667,60,"ok",TRUE
"MOD-00546","2026-08-08 11:00:00",12.0188333333333,14.36965905,28.1163333333333,6.5855,40.1308333333333,0.0274759868333333,605.863666666667,6.45383333333334,41.305,29.195,60,"ok",TRUE
"MOD-00546","2026-08-08 12:00:00",10.1816666666667,11.7185374666667,22.279,6.2915,39.4278333333333,0.0267936550333333,629.881,6.83833333333333,46.5833333333333,27.27,60,"ok",TRUE
"MOD-00546","2026-08-08 13:00:00",8.39533333333333,8.93284068333333,13.4608333333333,6.18966666666666,35.284,0.0227716504,640.564666666667,6.532,46.2266666666667,27.2716666666667,60,"ok",TRUE
"MOD-00546","2026-08-08 14:00:00",7.9145,8.03969381666666,13.474,5.97533333333334,27.7353333333333,0.0154449145333333,587.079833333333,5.69283333333333,39.7733333333333,30.7383333333333,60,"ok",TRUE
"MOD-00546","2026-08-08 15:00:00",7.36166666666667,6.97616606666666,12.703,5.701,26.7013333333333,0.0144413141333333,470.812833333333,6.00966666666667,31.87,35.5333333333334,60,"ok",TRUE
"MOD-00546","2026-08-08 16:00:00",7.2815,6.70353155,12.9563333333333,5.52316666666667,30.1193333333333,0.0177588249333333,382.35,6.26316666666667,26.3566666666667,39.145,60,"ok",TRUE
"MOD-00546","2026-08-08 17:00:00",6.007,4.72706758333334,8.39416666666667,5.1595,34.9596666666667,0.0224568524666667,263.323333333333,6.08533333333333,20.2166666666667,42.3416666666667,60,"ok",TRUE
"MOD-00546","2026-08-08 18:00:00",5.8669696969697,4.16794003030303,8.50181818181818,5.33666666666667,40.6093939393939,0.0279404777575758,285.348484848485,6.27212121212121,18.9909090909091,43.5060606060606,33,"ok",FALSE
"MOD-00547","2026-07-30 00:00:00",2.56383333333333,1.27965245,5.077,2.28916666666667,49.4288333333334,0.0381583302833333,434.175333333333,14.9748333333333,18.5816666666667,44.5416666666667,60,"ok",TRUE
"MOD-00547","2026-07-30 01:00:00",3.10813559322034,2.01685005084745,9.28220338983051,2.67322033898305,44.6742372881356,0.0331997620677966,552.053389830508,14.7064406779661,21.6457627118644,41.8271186440678,59,"ok",TRUE
"MOD-00547","2026-07-30 02:00:00",2.912,2.19161771666666,7.0935,2.48633333333333,42.1181666666667,0.0305340360166667,573.9095,11.8433333333333,23.975,39.49,60,"ok",TRUE
"MOD-00547","2026-07-30 03:00:00",2.82383333333333,2.25112038333333,10.9128333333333,2.32066666666667,39.124,0.0274114196,571.614333333333,9.911,25.7283333333333,38.0516666666667,60,"ok",TRUE
"MOD-00547","2026-07-30 04:00:00",3.26983333333333,2.78751463333333,9.75083333333333,2.69783333333333,37.3166666666667,0.0255265516666667,552.421166666667,8.92333333333334,26.8316666666667,37.22,60,"ok",TRUE
"MOD-00547","2026-07-30 05:00:00",3.9815,3.538363,9.68666666666666,3.34166666666667,36.7108333333333,0.0248947280833333,487.163333333333,6.96033333333333,25.6,36.365,60,"ok",TRUE
"MOD-00547","2026-07-30 06:00:00",4.62466666666667,4.21040753333333,11.2956666666667,3.88366666666667,34.7561666666667,0.0228562062166667,487.7455,6.96733333333333,27.0333333333333,35.0333333333333,60,"ok",TRUE
"MOD-00547","2026-07-30 07:00:00",4.74633333333333,4.40107076666667,9.85883333333333,4.0245,31.959,0.0199390411,508.464,6.98066666666667,29.1516666666667,33.87,60,"ok",TRUE
"MOD-00547","2026-07-30 08:00:00",5.17666666666667,4.55313298333334,9.49833333333333,4.5285,25.4773333333333,0.0131793109333333,559.711666666666,6.73783333333334,34.35,32.7666666666667,60,"ok",TRUE
"MOD-00547","2026-07-30 09:00:00",5.50666666666667,4.99381348333333,11.659,4.73416666666667,26.2213333333333,0.0139552285333333,508.195166666667,5.93433333333333,33.9766666666667,32.1766666666667,60,"ok",TRUE
"MOD-00547","2026-07-30 10:00:00",5.4305,4.98357801666668,14.2943333333333,4.57083333333333,26.6006666666667,0.0143508352666667,513.323333333333,5.66416666666667,35.6216666666667,31.8083333333333,60,"ok",TRUE
"MOD-00547","2026-07-30 11:00:00",5.89433333333333,5.33652354999999,15.6676666666667,4.98383333333333,21.4386666666667,0.00896738546666665,539.2895,5.51033333333333,38.5483333333333,31.0166666666667,60,"ok",TRUE
"MOD-00547","2026-07-30 12:00:00",6.3825,5.67990548333334,18.4281666666667,5.39833333333333,19.9935,0.00746022114999999,600.435833333333,5.541,40.4466666666667,30.56,60,"ok",TRUE
"MOD-00547","2026-07-30 13:00:00",7.637,6.6671633,30.3655,6.26583333333333,17.3851666666667,0.00473999031666666,603.3375,5.92433333333333,40.7783333333333,30.8366666666667,60,"ok",TRUE
"MOD-00547","2026-07-30 14:00:00",7.1865,6.1752,23.5793333333333,5.991,26.1716666666667,0.0139034311666667,600.807333333333,5.65766666666667,36.595,33.0233333333333,60,"ok",TRUE
"MOD-00547","2026-07-30 15:00:00",6.56683333333333,5.43959645,18.002,5.52416666666667,34.2165,0.02229338785,464.198833333333,6.13933333333333,30.7633333333333,36.5266666666667,60,"ok",TRUE
"MOD-00547","2026-07-30 16:00:00",5.20483333333333,4.03650131666666,15.567,4.3355,41.525,0.0299154225,268.207333333333,6.87033333333334,23.115,40.5766666666667,60,"ok",TRUE
"MOD-00547","2026-07-30 17:00:00",4.48683333333333,3.62261276666667,15.0911666666667,3.58016666666667,44.7561666666667,0.0332852062166667,253.862,6.30416666666667,20.84,41.2516666666667,60,"ok",TRUE
"MOD-00547","2026-07-30 18:00:00",4.21966666666667,3.20410184999999,12.635,3.48816666666667,44.9955,0.03353480695,293.4525,7.2515,20.0266666666667,41.725,60,"ok",TRUE
"MOD-00547","2026-07-30 19:00:00",3.79433333333333,2.66943116666666,11.5976666666667,3.161,47.3823333333333,0.0360240354333333,333.374166666667,8.079,19.2783333333333,42.8233333333334,60,"ok",TRUE
"MOD-00547","2026-07-30 20:00:00",3.40483333333333,2.13045765,9.54816666666667,2.87166666666667,48.8331666666667,0.0375371095166667,273.075833333333,6.94516666666667,17,44.7783333333333,60,"ok",TRUE
"MOD-00547","2026-07-30 21:00:00",3.5545,2.33680213333333,7.14116666666666,2.95983333333333,49.1116666666667,0.0378275571666667,287.752333333333,7.389,15.8083333333333,45.76,60,"ok",TRUE
"MOD-00547","2026-07-30 22:00:00",2.9898275862069,1.70261436645237,7.95103448275862,2.52379310344828,50.1315254237288,0.0388911678644068,317.067457627119,9.23542372881356,15.1254237288136,45.9677966101695,59,"ok",TRUE
"MOD-00547","2026-07-30 23:00:00",3.1785,1.95718833333333,6.61916666666667,2.67083333333333,49.1223333333334,0.0378386814333333,365.003,10.8521666666667,15.2766666666667,45.89,60,"ok",TRUE
"MOD-00547","2026-07-31 00:00:00",3.16483333333333,1.99135821666666,10.1601666666667,2.618,46.0773333333333,0.0346630509333333,408.773333333333,12.168,15.97,44.8683333333334,60,"ok",TRUE
"MOD-00547","2026-07-31 01:00:00",2.82366666666667,2.0269544,7.383,2.33233333333333,41.8851666666667,0.0302910403166667,494.6465,12.4698333333333,17.9133333333333,42.5233333333333,60,"ok",TRUE
"MOD-00547","2026-07-31 02:00:00",2.901,2.3751629,11.1761666666667,2.3355,39.7233333333333,0.0280364643333333,536.457333333334,10.4655,19.7533333333333,39.7066666666667,60,"ok",TRUE
"MOD-00547","2026-07-31 03:00:00",2.45466666666667,2.34726836666667,10.6991666666667,1.83883333333333,38.6038333333333,0.0268689377833333,551.591666666667,9.27133333333333,21.12,38.1283333333333,60,"ok",TRUE
"MOD-00547","2026-07-31 04:00:00",3.4555,3.20125185,10.6508333333333,2.799,36.6365,0.02481720585,559.5055,8.509,22.27,37.0083333333333,60,"ok",TRUE
"MOD-00547","2026-07-31 05:00:00",4.45616666666667,4.13948426666667,12.8535,3.65916666666666,34.5673333333333,0.0226592719333333,581.1865,7.99916666666667,23.6083333333333,35.8283333333333,60,"ok",TRUE
"MOD-00547","2026-07-31 06:00:00",4.4815,4.41164686666667,31.716,3.15566666666667,35.6381666666667,0.0237760440166667,485.854833333333,12.134,22.7366666666667,35.3916666666667,60,"ok",TRUE
"MOD-00547","2026-07-31 07:00:00",4.6215,4.81005776666667,57.1656666666667,2.45133333333333,37.8958333333333,0.0261305645833333,610.82,15.1331666666667,33.55,33.7866666666667,60,"ok",TRUE
"MOD-00547","2026-07-31 08:00:00",2.84583333333333,2.57490636666667,6.8885,2.48316666666667,33.932,0.0219966828,606.527,12.2451666666667,38.0583333333333,32.085,60,"ok",TRUE
"MOD-00547","2026-07-31 09:00:00",3.24216666666667,3.07532126666667,7.87216666666666,2.70616666666667,30.2631666666667,0.0181704565166667,602.970166666667,9.99783333333333,41.9966666666667,31.275,60,"ok",TRUE
"MOD-00547","2026-07-31 10:00:00",3.53216666666667,3.15084973333333,7.25766666666667,3.10533333333333,31.447,0.0194050763,558.291166666666,6.31216666666667,41.6766666666667,31.0316666666667,60,"ok",TRUE
"MOD-00547","2026-07-31 11:00:00",3.90966666666667,3.55372783333333,8.568,3.38966666666667,29.6021666666667,0.0174810996166667,522.458,5.881,41.8433333333333,30.6766666666667,60,"ok",TRUE
"MOD-00547","2026-07-31 12:00:00",3.30833333333333,3.1397739,9.19383333333333,2.80983333333333,30.24,0.018146296,518.822833333333,5.70833333333333,43.005,30.0183333333333,60,"ok",TRUE
"MOD-00547","2026-07-31 13:00:00",4.37033333333333,3.93719596666666,17.0288333333333,3.59416666666667,28.3615,0.01618720835,576.801,5.72566666666667,41.5616666666667,30.9883333333333,60,"ok",TRUE
"MOD-00547","2026-07-31 14:00:00",4.62683333333333,4.07538703333334,22.0303333333333,3.53833333333333,35.6871666666667,0.0238271461166667,566.091333333333,6.101,32.955,35.88,60,"ok",TRUE
"MOD-00547","2026-07-31 15:00:00",3.52733333333333,2.67960683333333,12.6308333333333,2.86583333333333,43.3026666666667,0.0317693510666667,304.539333333333,6.47616666666667,25.805,39.86,60,"ok",TRUE
"MOD-00547","2026-07-31 16:00:00",3.68178571428571,2.87566842857143,12.1092857142857,2.98214285714286,45.1278571428571,0.0336728422142857,271.733214285714,6.20714285714286,23.1232142857143,40.4696428571429,56,"ok",TRUE
"MOD-00547","2026-07-31 17:00:00",3.12983333333333,2.48209536666667,12.2778333333333,2.49583333333333,45.0265,0.03356713685,202.3865,6.02333333333333,18.8,40.8366666666667,60,"ok",TRUE
"MOD-00547","2026-07-31 18:00:00",3.53290909090909,2.72596092727273,11.4809090909091,2.84981818181818,46.5372727272727,0.0351427217272727,242.814363636364,7.09763636363636,17.6909090909091,42.1581818181818,55,"ok",TRUE
"MOD-00547","2026-07-31 19:00:00",3.60266666666667,2.50285606666666,13.4775,2.9485,46.3403333333333,0.0349373336333333,287.336,7.8305,17.2283333333333,43.335,60,"ok",TRUE
"MOD-00547","2026-07-31 20:00:00",3.41166666666667,2.09986596666666,12.6055,2.84916666666667,48.1515,0.03682619935,269.200666666667,7.156,15.5616666666667,44.8833333333334,60,"ok",TRUE
"MOD-00547","2026-07-31 21:00:00",3.48733333333333,2.36802111666666,9.83783333333333,2.82166666666667,48.3006666666667,0.0369817652666667,312.194833333333,9.18166666666667,15.2616666666667,45.4483333333334,60,"ok",TRUE
"MOD-00547","2026-07-31 22:00:00",3.70576271186441,2.40625303389831,17.6827118644068,2.93203389830509,48.0033898305085,0.0366717352542373,369.841694915254,10.6801694915254,15.3152542372881,45.3389830508474,59,"ok",TRUE
"MOD-00547","2026-07-31 23:00:00",3.86689655172414,2.51148542528736,24.2108620689655,2.93034482758621,49.6468333333333,0.0383856824833333,383.72,11.0965,15.1766666666667,45.5683333333333,60,"ok",TRUE
"MOD-00547","2026-08-01 00:00:00",3.98833333333333,2.81569736666667,19.8765,3.06616666666667,50.3438333333333,0.0391125837833333,413.744,12.765,15.2683333333333,44.96,60,"ok",TRUE
"MOD-00547","2026-08-01 01:00:00",4.0685,3.37756961666667,15.9366666666667,3.0705,48.772,0.0374733188,468.95,14.9448333333333,15.9633333333333,43.11,60,"ok",TRUE
"MOD-00547","2026-08-01 02:00:00",4.18033333333333,3.79334415,20.5398333333333,3.06666666666667,42.3723333333333,0.0307991064333333,542.548666666667,12.9238333333333,18.245,40.145,60,"ok",TRUE
"MOD-00547","2026-08-01 03:00:00",4.66533333333333,4.29599398333333,18.4943333333333,3.6045,39.1291666666667,0.0274168079166667,595.710166666667,9.919,19.87,38.3433333333333,60,"ok",TRUE
"MOD-00547","2026-08-01 04:00:00",3.13533333333333,3.43337703333333,16.5525,2.08716666666667,38.3606666666667,0.0266153392666667,585.806666666667,9.108,21.4016666666667,37.1583333333333,60,"ok",TRUE
"MOD-00547","2026-08-01 05:00:00",3.96883333333333,3.98822638333334,24.5578333333333,2.799,37.266,0.0254737114,572.976666666667,8.36133333333333,22.6833333333333,36.0933333333333,60,"ok",TRUE
"MOD-00547","2026-08-01 06:00:00",3.9415,4.27018781666666,19.3296666666667,2.7515,36.2961666666667,0.0244622722166667,529.03,7.3835,22.8183333333333,35.595,60,"ok",TRUE
"MOD-00547","2026-08-01 07:00:00",5.30383333333333,5.41377386666667,22.7133333333333,3.96133333333333,32.4666666666667,0.0204684866666667,551.875666666667,7.42166666666667,24.4933333333333,34.4166666666667,60,"ok",TRUE
"MOD-00547","2026-08-01 08:00:00",4.96266666666667,5.30413375,20.684,3.6665,31.0755,0.01901763895,551.796666666667,6.977,25.7083333333333,33.2316666666667,60,"ok",TRUE
"MOD-00547","2026-08-01 09:00:00",5.01,5.16008261666667,20.2545,3.85,29.5878333333333,0.0174661513833333,530.134666666667,6.91833333333333,27.805,32.4183333333333,60,"ok",TRUE
"MOD-00547","2026-08-01 10:00:00",4.8185,4.85127883333333,14.237,3.85033333333333,25.7005,0.01341205145,569.426333333333,6.8605,31.9733333333333,32.0383333333333,60,"ok",TRUE
"MOD-00547","2026-08-01 11:00:00",5.165,5.23146496666667,18.9415,4.0385,21.8395,0.00938541455,558.465666666666,5.98316666666667,32.84,31.3683333333333,60,"ok",TRUE
"MOD-00547","2026-08-01 12:00:00",5.64666666666666,5.63285028333333,26.677,4.29916666666667,19.7133333333333,0.00716803533333334,583.888,5.586,35.24,30.7516666666667,60,"ok",TRUE
"MOD-00547","2026-08-01 13:00:00",5.74116666666667,5.22213595000001,25.2005,4.63766666666667,22.9208333333333,0.0105131370833333,590.591333333333,5.6765,37.8716666666667,30.96,60,"ok",TRUE
"MOD-00547","2026-08-01 14:00:00",5.11983333333333,4.63475085,19.5695,4.14933333333333,32.7253333333333,0.0207382501333333,513.159,5.76966666666667,31.07,33.86,60,"ok",TRUE
"MOD-00547","2026-08-01 15:00:00",5.05733333333333,4.04057760000001,11.6633333333333,4.339,37.3946666666667,0.0256078978666667,450.052833333333,6.22866666666667,28.43,37.7116666666667,60,"ok",TRUE
"MOD-00547","2026-08-01 16:00:00",4.86316666666667,3.77934575,10.6853333333333,4.2245,41.1525,0.02952694225,406.0385,6.55433333333333,26.5733333333333,38.42,60,"ok",TRUE
"MOD-00547","2026-08-01 17:00:00",4.30949152542373,3.03488198305084,9.08932203389831,3.75932203389831,46.148813559322,0.0347375976610169,330.752711864407,6.4993220338983,23.0152542372881,41.4186440677966,59,"ok",TRUE
"MOD-00547","2026-08-01 18:00:00",4.1865,2.62522983333333,9.24216666666666,3.69216666666667,50.99,0.039786471,249.7225,6.43666666666667,19.8183333333333,43.8916666666667,60,"ok",TRUE
"MOD-00547","2026-08-01 19:00:00",4.09116666666667,2.50067501666667,8.94866666666666,3.57016666666667,54.3296666666667,0.0432694093666667,232.633833333333,6.79333333333333,17.135,45.43,60,"ok",TRUE
"MOD-00547","2026-08-01 20:00:00",4.11383333333333,2.67218066666667,9.37866666666667,3.48366666666666,56.955,0.0460073695,234.843333333333,9.1455,15.2966666666667,45.9816666666667,60,"ok",TRUE
"MOD-00547","2026-08-01 21:00:00",3.64457627118644,2.12597922033898,9.89033898305085,3.14050847457627,54.0618644067797,0.0429901183898305,288.173389830508,10.0581355932203,14.5728813559322,46.1389830508475,59,"ok",TRUE
"MOD-00547","2026-08-01 22:00:00",3.44183333333333,2.11060615,9.3895,2.80133333333333,54.0651666666666,0.0429935623166666,258.580666666667,8.57783333333333,13.3083333333333,47.43,60,"ok",TRUE
"MOD-00547","2026-08-01 23:00:00",3.91233333333333,2.35887825,13.0315,3.31566666666667,47.2706666666667,0.0359075782666667,391.943166666667,10.9313333333333,14.4883333333333,46.0266666666667,60,"ok",TRUE
"MOD-00547","2026-08-02 00:00:00",3.5085,2.29742803333333,11.2871666666667,2.9235,47.1288333333333,0.0357596602833333,414.306833333333,10.5486666666667,14.2683333333333,44.8833333333334,60,"ok",TRUE
"MOD-00547","2026-08-02 01:00:00",3.25186440677966,2.27457688135594,9.53915254237288,2.74830508474576,44.6815254237288,0.0332073628644068,458.35593220339,13.0413559322034,14.7389830508475,43.1322033898305,59,"ok",TRUE
"MOD-00547","2026-08-02 02:00:00",3.08566666666667,2.61049636666667,13.4371666666667,2.42516666666667,40.9848333333333,0.0293520826833333,539.737166666667,13.0431666666667,17.255,40.045,60,"ok",TRUE
"MOD-00547","2026-08-02 03:00:00",4.88416666666667,4.12655396666666,14.6548333333333,4.13183333333333,37.8585,0.02609162965,608.794666666667,9.8225,18.9,38.135,60,"ok",TRUE
"MOD-00547","2026-08-02 04:00:00",5.63316666666667,4.85797958333333,15.711,4.80516666666667,35.5823333333333,0.0237178154333333,679.448333333333,9.045,20.1883333333333,36.7616666666667,60,"ok",TRUE
"MOD-00547","2026-08-02 05:00:00",5.00816666666667,4.50701853333334,16.5401666666667,4.1015,30.427,0.0183413183,669.0505,10.4593333333333,25.7016666666667,35.65,60,"ok",TRUE
"MOD-00547","2026-08-02 06:00:00",4.5225,4.0345084,12.153,3.84733333333333,32.2773333333333,0.0202710309333333,630.7985,8.29966666666667,27.6333333333333,34.6016666666666,60,"ok",TRUE
"MOD-00547","2026-08-02 07:00:00",4.96883333333333,4.37168136666666,17.4825,4.14716666666667,26.4565,0.01420048385,626.618333333333,7.48733333333333,31.2183333333333,33.745,60,"ok",TRUE
"MOD-00547","2026-08-02 08:00:00",6.82016666666667,6.81401713333334,27.519,5.11766666666667,28.4946666666667,0.0163260878666667,585.131,6.41783333333333,31.5733333333333,32.9766666666667,60,"ok",TRUE
"MOD-00547","2026-08-02 09:00:00",10.7115,15.9182971166667,58.8445,4.47833333333333,35.3366666666667,0.0234616096666667,485.630666666667,6.1385,28.4083333333333,33.795,60,"ok",TRUE
"MOD-00547","2026-08-02 10:00:00",7.4845,10.2507452166667,32.7828333333333,3.91566666666667,34.7806666666667,0.0228817572666667,486.972833333333,6.75633333333333,30.735,33.065,60,"ok",TRUE
"MOD-00547","2026-08-02 11:00:00",5.91616666666667,7.39174051666667,21.0901666666667,3.70833333333333,34.2656666666667,0.0223446637666667,485.367666666667,6.61283333333333,31.3,32.5083333333333,60,"ok",TRUE
"MOD-00547","2026-08-02 12:00:00",5.98216666666667,6.07622870000001,20.725,4.56466666666667,28.042,0.0158540018,518.8925,6.012,35.0966666666667,31.77,60,"ok",TRUE
"MOD-00547","2026-08-02 13:00:00",5.4725,5.8970212,19.6885,3.95483333333333,31.4118333333333,0.0193684009833333,527.487666666667,5.91633333333333,33.7683333333333,32.4616666666667,60,"ok",TRUE
"MOD-00547","2026-08-02 14:00:00",5.12533333333333,4.45551771666666,14.2953333333333,4.22483333333333,37.2,0.02540488,459.947833333333,6.37466666666667,30.4916666666667,36.0016666666667,60,"ok",TRUE
"MOD-00547","2026-08-02 15:00:00",5.18766666666667,4.35222173333334,13.3368333333333,4.3345,38.2396666666667,0.0264891483666667,451.986,6.8025,30.435,36.7716666666667,60,"ok",TRUE
"MOD-00547","2026-08-02 16:00:00",5.7065,4.93287338333334,15.2708333333333,4.607,39.4381666666667,0.0277390640166667,454.439333333333,7.12883333333333,29.77,37.765,60,"ok",TRUE
"MOD-00547","2026-08-02 17:00:00",5.82933333333333,5.14795141666667,15.2608333333333,4.46833333333333,44.8778333333333,0.0334120923833333,324.616,6.23866666666667,24.245,41.4616666666667,60,"ok",TRUE
"MOD-00547","2026-08-02 18:00:00",4.2655,3.09009853333334,18.962,3.33166666666667,47.7148333333333,0.0363707996833333,277.8145,6.92833333333333,22.2866666666667,42.975,60,"ok",TRUE
"MOD-00547","2026-08-02 19:00:00",4.57316666666667,3.09813355,8.61533333333333,3.95316666666667,47.7456666666667,0.0364029557666667,261.942666666667,6.721,20.1683333333333,43.9883333333334,60,"ok",TRUE
"MOD-00547","2026-08-02 20:00:00",3.89576271186441,2.50541052542373,9.66372881355932,3.35508474576271,45.215593220339,0.0337643421694915,351.757118644068,8.55559322033898,20.6728813559322,43.5881355932204,59,"ok",TRUE
"MOD-00547","2026-08-02 21:00:00",3.68052631578947,2.3880625877193,9.91894736842105,3.15333333333333,45.1013333333334,0.0336451805333333,310.216333333333,6.9305,18.4066666666667,43.705,60,"ok",TRUE
"MOD-00547","2026-08-02 22:00:00",3.37779661016949,2.04313075706215,8.81694915254237,2.91559322033898,47.6283333333333,0.0362805888333333,290.896333333333,6.93733333333333,16.6916666666667,44.6816666666667,60,"ok",TRUE
"MOD-00547","2026-08-02 23:00:00",3.04864406779661,1.86711264689265,8.0171186440678,2.58271186440678,47.9463333333333,0.0366122310333333,309.140666666667,8.01983333333333,15.855,44.8366666666667,60,"ok",TRUE
"MOD-00547","2026-08-03 00:00:00",3.42474576271186,2.17330388135593,8.36881355932204,2.96389830508475,47.3035593220339,0.0359418820169492,341.524237288136,9.68627118644068,15.4762711864407,44.3610169491526,59,"ok",TRUE
"MOD-00547","2026-08-03 01:00:00",3.141,2.34965168333333,10.203,2.5295,45.2163333333333,0.0337651140333333,414.0825,12.1066666666667,16.4183333333333,42.7816666666667,60,"ok",TRUE
"MOD-00547","2026-08-03 02:00:00",3.95766666666667,3.12608673333334,13.2143333333333,3.307,41.4598333333333,0.0298474601833333,512.5355,11.5931666666667,18.62,40.1566666666667,60,"ok",TRUE
"MOD-00547","2026-08-03 03:00:00",4.98566666666667,4.09654495000001,13.1971666666667,4.276,38.8558333333333,0.0271317485833333,570.203,9.59166666666667,20.0766666666667,38.4533333333333,60,"ok",TRUE
"MOD-00547","2026-08-03 04:00:00",5.348,4.36918023333334,15.3131666666667,4.6375,37.436,0.0256510044,591.771166666667,8.93316666666666,21.475,37.2833333333333,60,"ok",TRUE
"MOD-00547","2026-08-03 05:00:00",4.38366666666667,3.84416785,14.7378333333333,3.62766666666667,36.8378333333333,0.0250271763833333,592.089833333333,8.514,22.7,36.8233333333333,60,"ok",TRUE
"MOD-00547","2026-08-03 06:00:00",5.90466666666667,5.25936756666668,17.3046666666667,4.89566666666667,34.84,0.022943636,552.714166666667,7.6885,23.3466666666667,36.18,60,"ok",TRUE
"MOD-00547","2026-08-03 07:00:00",5.49483333333333,5.28780148333334,18.0085,4.32033333333333,32.698,0.0207097442,557.892666666667,7.98366666666667,26.3516666666667,35.0766666666667,60,"ok",TRUE
"MOD-00547","2026-08-03 08:00:00",5.04666666666667,4.73412243333333,15.165,4.07566666666667,30.0356666666667,0.0179331967666667,562.414333333333,7.5535,29.0516666666667,34.5366666666667,60,"ok",TRUE
"MOD-00547","2026-08-03 09:00:00",4.90966666666667,4.37621581666667,11.7766666666667,4.15183333333333,27.4923333333333,0.0152807544333333,569.658166666667,7.15883333333333,31.8433333333333,34.1033333333333,60,"ok",TRUE
"MOD-00547","2026-08-03 10:00:00",4.92233333333333,4.46946628333334,13.007,4.0925,28.765,0.0166080185,548.270333333333,6.76833333333333,33.255,33.68,60,"ok",TRUE
"MOD-00547","2026-08-03 11:00:00",5.64433333333333,4.97858061666667,14.7818333333333,4.79733333333333,25.4648333333333,0.0131662746833333,556.6805,5.992,35.3283333333333,32.6816666666667,60,"ok",TRUE
"MOD-00547","2026-08-03 12:00:00",6.035,5.64377436666666,19.553,4.856,23.6381666666667,0.0112612440166667,600.602833333333,5.60033333333333,37.4283333333333,31.9883333333333,60,"ok",TRUE
"MOD-00547","2026-08-03 13:00:00",6.05583333333334,5.8810642,25.2671666666667,4.5585,25.0145,0.01269662205,594.225666666667,5.752,36.5133333333333,32.935,60,"ok",TRUE
"MOD-00547","2026-08-03 14:00:00",5.60516666666667,5.27441413333333,24.3395,4.22316666666667,29.2435,0.01710704615,593.195833333333,6.0015,33.7916666666667,34.6816666666667,60,"ok",TRUE
"MOD-00547","2026-08-03 15:00:00",4.953,4.46184881666667,22.3175,3.56433333333333,37.7263333333333,0.0259537930333333,387.798333333333,6.42066666666666,25.5483333333333,40.185,60,"ok",TRUE
"MOD-00547","2026-08-03 16:00:00",4.5865,4.13914291666667,18.7131666666667,3.41066666666667,38.9595,0.02723986255,392.215833333333,7.098,26.685,38.8233333333333,60,"ok",TRUE
"MOD-00547","2026-08-03 17:00:00",3.8335,3.2040623,16.9208333333333,2.89283333333333,42.4315,0.03086081135,386.733833333333,6.84666666666667,24.3383333333333,40.145,60,"ok",TRUE
"MOD-00547","2026-08-03 18:00:00",4.22633333333333,3.07722041666667,16.5975,3.36333333333333,48.184,0.0368600936,272.9305,6.88,20.9083333333333,43.0033333333333,60,"ok",TRUE
"MOD-00547","2026-08-03 19:00:00",3.99483333333333,2.83177793333333,10.015,3.30566666666667,48.9756666666667,0.0376857227666667,282.712333333333,7.65683333333333,19.4266666666667,43.7433333333333,60,"ok",TRUE
"MOD-00547","2026-08-03 20:00:00",5.32847457627119,4.41055101694915,14.0418644067797,4.22830508474576,39.0045762711864,0.0272868725932203,527.560508474576,13.1915254237288,24.3305084745763,41.4762711864407,59,"ok",TRUE
"MOD-00547","2026-08-03 21:00:00",4.45383333333333,2.92560655,12.296,3.8005,47.4478333333333,0.0360923453833333,286.326666666667,5.63816666666667,16.9216666666667,44.8383333333333,60,"ok",TRUE
"MOD-00547","2026-08-03 22:00:00",4.3715,2.66830508333334,11.6193333333333,3.77183333333333,49.6698333333333,0.0384096691833333,201.595833333333,6.31383333333333,15.045,46.3216666666667,60,"ok",TRUE
"MOD-00547","2026-08-03 23:00:00",4.118,2.9837444,12.0565,3.49416666666667,42.4526666666666,0.0308828860666666,376.056,11.7955,16.6816666666667,42.4883333333334,60,"ok",TRUE
"MOD-00547","2026-08-04 00:00:00",4.50716666666667,3.42517880000001,11.0503333333333,3.85733333333333,42.5578333333333,0.0309925643833333,455.187833333333,11.1498333333333,17.3616666666667,41.5966666666666,60,"ok",TRUE
"MOD-00547","2026-08-04 01:00:00",3.8855,3.16594666666667,12.8865,3.1565,41.7128333333333,0.0301113138833333,467.309333333333,11.2973333333333,18.5183333333333,40.6133333333333,60,"ok",TRUE
"MOD-00547","2026-08-04 02:00:00",9.85033333333334,7.41499055,38.3926666666667,8.56883333333333,18.1735,0.00556214315,726.002333333333,62.1736666666667,48.235,30.9966666666667,60,"ok",TRUE
"MOD-00547","2026-08-04 03:00:00",4.74483333333333,4.06692001666667,7.08966666666667,4.2745,13.3401666666667,0.000521459816666667,842.126833333333,29.4526666666667,58.0833333333333,26.7983333333333,60,"ok",TRUE
"MOD-00547","2026-08-04 04:00:00",3.46333333333333,3.08874145,6.18266666666666,3.11816666666667,18.5893333333333,0.00599581573333334,675.649666666667,7.2985,53,27.6233333333333,60,"ok",TRUE
"MOD-00547","2026-08-04 05:00:00",3.58533333333333,3.16716815,6.34233333333333,3.23416666666667,20.2771666666667,0.00775605711666667,583.8035,6.212,52.91,27.7,60,"ok",TRUE
"MOD-00547","2026-08-04 06:00:00",2.67716666666667,2.4836057,4.28966666666667,2.44433333333333,23.1296666666667,0.0107309293666667,522.442333333333,5.75366666666667,52.7216666666667,27.4,60,"ok",TRUE
"MOD-00547","2026-08-04 07:00:00",2.432,2.27437861666667,3.36366666666667,2.2475,22.5176666666667,0.0100926745666667,492.578166666667,6.16183333333333,55.8516666666667,26.615,60,"ok",TRUE
"MOD-00547","2026-08-04 08:00:00",2.53533333333333,2.39169558333333,3.56016666666667,2.336,21.2801666666667,0.00880208581666667,481.926833333333,5.99533333333333,57.495,25.9816666666667,60,"ok",TRUE
"MOD-00547","2026-08-04 09:00:00",2.93766666666667,2.6416936,3.65283333333333,2.7285,19.4456666666667,0.00688888576666666,467.3205,5.64583333333333,58.3416666666667,26.015,60,"ok",TRUE
"MOD-00547","2026-08-04 10:00:00",2.529,2.34723750000001,3.39316666666667,2.36316666666667,22.7536666666667,0.0103387989666667,438.932666666667,5.10383333333333,56.14,26.24,60,"ok",TRUE
"MOD-00547","2026-08-04 11:00:00",3.0115,2.66890998333333,4.85483333333333,2.78,18.4548333333333,0.00585554568333333,464.3545,5.465,58.5666666666667,26.06,60,"ok",TRUE
"MOD-00547","2026-08-04 12:00:00",3.70333333333333,3.12714345,7.45966666666667,3.3935,15.248,0.00251113920000001,487.1535,5.4415,60.6183333333333,25.83,60,"ok",TRUE
"MOD-00547","2026-08-04 13:00:00",4.38033333333333,3.62965791666667,9.78816666666666,3.96566666666667,14.3945,0.00162102405,501.700833333333,5.21983333333333,60.5733333333333,26.1316666666666,60,"ok",TRUE
"MOD-00547","2026-08-04 14:00:00",3.61366666666667,3.05918158333333,11.8636666666667,3.11616666666667,24.3533333333333,0.0120070913333333,552.132,6.04333333333333,47.9533333333333,30.1283333333333,60,"ok",TRUE
"MOD-00547","2026-08-04 15:00:00",3.06233333333333,2.40593796666667,6.654,2.74266666666667,33.1916666666667,0.0212245891666667,367.285166666667,5.92133333333334,38.5333333333333,33.825,60,"ok",TRUE
"MOD-00547","2026-08-04 16:00:00",2.5675,1.95662846666667,4.83733333333333,2.33933333333333,38.4143333333333,0.0266713082333333,265.6505,5.8625,33.1766666666667,35.3933333333333,60,"ok",TRUE
"MOD-00547","2026-08-04 17:00:00",2.62066666666667,1.99121555,4.9615,2.34266666666667,42.5776666666667,0.0310132485666667,240.775333333333,6.05533333333333,28.78,37.085,60,"ok",TRUE
"MOD-00547","2026-08-04 18:00:00",3.88933333333333,4.21486981666667,21.1835,2.37033333333333,45.7516666666667,0.0343234131666666,270.197833333333,6.81733333333333,26.6366666666667,38.4333333333333,60,"ok",TRUE
"MOD-00547","2026-08-04 19:00:00",4.49166666666667,5.06128885,31.466,2.4025,45.4973333333333,0.0340581689333333,255.542833333333,6.68433333333333,24.0866666666667,40.0216666666667,60,"ok",TRUE
"MOD-00547","2026-08-04 20:00:00",5.45508474576271,6.39150324576271,38.531186440678,2.79271186440678,43.8208333333333,0.0323097470833333,282.273333333333,7.19533333333333,22.5483333333333,40.53,60,"ok",TRUE
"MOD-00547","2026-08-04 21:00:00",4.87833333333333,5.08339453333333,31.6096666666667,2.87266666666667,44.0355,0.03253362295,300.557833333333,7.70033333333333,21.355,41.36,60,"ok",TRUE
"MOD-00547","2026-08-04 22:00:00",5.97206896551724,6.94901959409702,43.1081034482759,2.98413793103448,43.9286440677966,0.0324221828983051,330.313728813559,8.82423728813559,21.2881355932203,42.0728813559322,59,"ok",TRUE
"MOD-00547","2026-08-04 23:00:00",4.77433333333333,5.11198656666667,26.4458333333333,2.74016666666667,44.4681666666667,0.0329848510166667,397.353333333333,10.5298333333333,22.63,42.1683333333333,60,"ok",TRUE
"MOD-00547","2026-08-05 00:00:00",4.07033333333333,3.81244678333333,17.286,2.7865,43.8628333333333,0.0323535488833333,428.078833333333,9.9045,23.04,41.365,60,"ok",TRUE
"MOD-00547","2026-08-05 01:00:00",3.65066666666667,2.96274566666667,10.142,2.97366666666667,43.4603333333333,0.0319337816333333,480.959166666667,11.6748333333333,24.965,39.4933333333333,60,"ok",TRUE
"MOD-00547","2026-08-05 02:00:00",3.4965,2.86345935,9.83216666666667,2.972,41.39,0.029774631,547.253,12.3545,28.295,36.7966666666667,60,"ok",TRUE
"MOD-00547","2026-08-05 03:00:00",3.58333333333333,2.98043396666667,9.34333333333333,3.09366666666667,39.963,0.0282864127,582.241833333333,11.1245,30.7433333333333,35.4533333333333,60,"ok",TRUE
"MOD-00547","2026-08-05 04:00:00",3.67666666666667,3.13450600000001,9.09633333333333,3.178,39.4715,0.02777382735,551.199166666667,9.11983333333333,32.0283333333333,34.64,60,"ok",TRUE
"MOD-00547","2026-08-05 05:00:00",4.35983333333333,3.58420195,9.31483333333333,3.812,35.358,0.0234838582,575.9165,12.9711666666667,36.965,34.0366666666667,60,"ok",TRUE
"MOD-00547","2026-08-05 06:00:00",4.28416666666667,3.53103305,7.915,3.78283333333333,37.2958333333333,0.0255048245833333,524.0755,8.33866666666666,37.3183333333333,33.7833333333333,60,"ok",TRUE
"MOD-00547","2026-08-05 07:00:00",5.11883333333333,4.49600324999999,12.4001666666667,4.26766666666667,30.6955,0.01862133695,514.771833333333,7.57566666666667,40.6216666666667,33.0833333333333,60,"ok",TRUE
"MOD-00547","2026-08-05 08:00:00",6.50433333333333,6.4465218,18.8355,4.88916666666667,25.1138333333333,0.0128002167833333,537.636666666667,7.49766666666666,45.3633333333333,32.1266666666667,60,"ok",TRUE
"MOD-00547","2026-08-05 09:00:00",6.07633333333333,4.8259781,12.731,5.40666666666667,27.1035,0.01487524015,515.024166666667,5.90733333333333,45.6383333333333,31.7616666666667,60,"ok",TRUE
"MOD-00547","2026-08-05 10:00:00",8.45733333333333,6.79898831666666,17.9423333333333,7.45583333333334,21.7566666666667,0.00929902766666666,511.713166666667,5.66033333333333,48.3316666666667,30.9816666666667,60,"ok",TRUE
"MOD-00547","2026-08-05 11:00:00",5.8275,6.0827123,17.7796666666667,4.18833333333333,21.0776666666667,0.00859089856666667,512.835833333333,5.586,51.7716666666666,30.4833333333333,60,"ok",TRUE
"MOD-00547","2026-08-05 12:00:00",6.9545,6.40009818333333,17.298,5.64783333333333,21.1443333333333,0.00866042523333333,531.925166666667,4.994,50.7216666666667,29.9233333333333,60,"ok",TRUE
"MOD-00547","2026-08-05 13:00:00",7.33333333333334,6.40858996666668,19.9973333333333,6.08933333333333,19.3225,0.00676043525,506.0185,4.8785,52.1583333333333,29.8166666666667,60,"ok",TRUE
"MOD-00547","2026-08-05 14:00:00",7.60533333333333,6.46416866666667,17.3373333333333,6.38066666666667,23.9726666666667,0.0116100940666667,546.0825,5.81266666666667,45.41,32.9533333333333,60,"ok",TRUE
"MOD-00547","2026-08-05 15:00:00",6.43516666666666,5.60924729999999,16.4638333333333,5.10583333333333,34.4446666666667,0.0225313428666667,367.7885,5.87483333333333,36.3766666666667,37.2966666666667,60,"ok",TRUE
"MOD-00547","2026-08-05 16:00:00",6.126,5.26016631666666,15.2611666666667,4.86633333333333,36.9423333333333,0.0251361594333333,310.081166666667,6.15816666666666,34.36,38.3166666666667,60,"ok",TRUE
"MOD-00547","2026-08-05 17:00:00",5.783,5.11723881666667,13.0911666666667,4.54133333333333,37.6553333333333,0.0258797471333333,348.6985,6.499,34.4966666666667,38.0366666666667,60,"ok",TRUE
"MOD-00547","2026-08-05 18:00:00",6.03616666666667,5.01774993333334,13.1806666666667,4.863,39.7831666666667,0.0280988645166667,326.8995,6.256,30.795,40.06,60,"ok",TRUE
"MOD-00547","2026-08-05 19:00:00",5.9565,4.64790633333334,14.8681666666667,4.8915,39.9696666666667,0.0282933653666667,320.363333333333,6.53783333333333,29.1233333333333,40.9683333333333,60,"ok",TRUE
"MOD-00547","2026-08-05 20:00:00",4.96833333333333,3.9791989,14.413,3.87733333333333,40.4558333333333,0.0288003885833333,294.559166666667,6.5325,26.7583333333333,42.065,60,"ok",TRUE
"MOD-00547","2026-08-05 21:00:00",5.21316666666667,4.1080349,15.2135,4.13283333333333,40.4878333333333,0.0288337613833333,335.717,6.855,26.1183333333333,42.1183333333333,60,"ok",TRUE
"MOD-00547","2026-08-05 22:00:00",5.21661016949152,4.06314925423729,17.1491525423729,4.13474576271186,40.6105,0.02896169045,360.2375,7.36666666666667,25.245,42.145,60,"ok",TRUE
"MOD-00547","2026-08-05 23:00:00",4.95,4.31682159322034,14.9584745762712,3.73576271186441,40.1240677966101,0.0284543903050847,392.577288135593,8.7064406779661,26.2627118644068,40.9898305084746,59,"ok",TRUE
"MOD-00547","2026-08-06 00:00:00",5.7555,5.02581098333334,15.6301666666667,4.48366666666667,39.5158333333334,0.0278200625833334,455.672833333333,8.79283333333333,27.1483333333333,40.0466666666667,60,"ok",TRUE
"MOD-00547","2026-08-06 01:00:00",5.95083333333333,5.36734985,18.1613333333333,4.5445,40.3096666666667,0.0286479513666667,439.323333333333,8.9055,27.07,39.4716666666667,60,"ok",TRUE
"MOD-00547","2026-08-06 02:00:00",4.76266666666667,4.94157048333334,21.8451666666667,3.19033333333333,37.6993333333333,0.0259256347333333,499.562833333333,9.49133333333333,30.465,36.9166666666667,60,"ok",TRUE
"MOD-00547","2026-08-06 03:00:00",4.3075,4.43581203333334,19.3216666666667,2.93966666666667,36.6313333333333,0.0248118175333333,507.805666666667,8.0165,32.0083333333333,36.1666666666667,60,"ok",TRUE
"MOD-00547","2026-08-06 04:00:00",4.45333333333333,4.54990438333334,18.1406666666667,3.1435,35.792,0.0239364768,500.350166666667,7.2475,32.9566666666667,35.4166666666666,60,"ok",TRUE
"MOD-00547","2026-08-06 05:00:00",7.28033333333333,6.97164795,26.0876666666667,5.53816666666667,28.6245,0.01646149105,550.862,37.1885,50.0916666666667,30.4283333333333,60,"ok",TRUE
"MOD-00547","2026-08-06 06:00:00",3.69433333333333,3.64966021666666,6.90233333333333,2.9685,18.9486666666667,0.00637056446666666,616.592166666667,54.5981666666667,75.935,23.54,60,"ok",TRUE
"MOD-00547","2026-08-06 07:00:00",3.1355,2.82007328333333,5.5465,2.682,16.588,0.0039086252,595.376833333333,30.1366666666667,79.5483333333334,22.9716666666667,60,"ok",TRUE
"MOD-00547","2026-08-06 08:00:00",3.63433333333333,3.0230448,4.877,3.234,18.1148333333333,0.00550095968333333,553.722166666667,12.1598333333333,77.8066666666667,23.8983333333334,60,"ok",TRUE
"MOD-00547","2026-08-06 09:00:00",3.6565,3.15640378333334,4.8205,3.276,22.3391666666667,0.00990651691666667,481.086,6.09033333333333,71.3466666666667,24.3816666666667,60,"ok",TRUE
"MOD-00547","2026-08-06 10:00:00",3.399,2.964608,4.038,3.18633333333333,29.0716666666667,0.0169278411666667,420.7235,5.2855,62.7166666666667,24.7616666666667,60,"ok",TRUE
"MOD-00547","2026-08-06 11:00:00",3.41283333333333,2.96668021666667,4.71866666666667,3.1415,25.4478333333333,0.0131485453833333,437.640333333333,5.74566666666667,63.78,25.0983333333333,60,"ok",TRUE
"MOD-00547","2026-08-06 12:00:00",3.42133333333333,2.98031458333334,4.98466666666667,3.1655,26.7673333333333,0.0145246519333333,455.131833333334,5.71833333333333,61.1316666666667,25.4216666666667,60,"ok",TRUE
"MOD-00547","2026-08-06 13:00:00",4.26,3.60867805,7.39816666666667,3.86933333333333,23.8131666666667,0.0114437515166667,491.4625,6.28933333333333,62.6216666666667,25.5683333333333,60,"ok",TRUE
"MOD-00547","2026-08-06 14:00:00",3.97283333333333,3.27843458333333,7.59283333333333,3.62366666666667,28.2485,0.01606936065,519.175166666667,4.92916666666667,54.845,27.9366666666667,60,"ok",TRUE
"MOD-00547","2026-08-06 15:00:00",3.7265,2.9478339,6.015,3.42766666666667,35.4213333333334,0.0235499085333334,415.746,5.989,44.9616666666667,31.4333333333333,60,"ok",TRUE
"MOD-00547","2026-08-06 16:00:00",4.49916666666667,3.3485868,6.98983333333333,4.17183333333333,40.1368333333333,0.0284677034833333,348.6845,5.645,36.3166666666667,34.5216666666667,60,"ok",TRUE
"MOD-00547","2026-08-06 17:00:00",4.32983333333333,3.1746393,9.17283333333333,3.94983333333333,42.9678333333334,0.0314201533833334,335.128166666667,6.41383333333333,33.5666666666667,35.6883333333333,60,"ok",TRUE
"MOD-00547","2026-08-06 18:00:00",4.08583333333333,2.95633966666667,7.20666666666667,3.76333333333333,46.6361666666667,0.0352458582166667,316.247166666667,6.93716666666667,30.6433333333333,36.66,60,"ok",TRUE
"MOD-00547","2026-08-06 19:00:00",3.5795,2.46753851666667,5.04316666666667,3.323,47.5323333333333,0.0361804704333333,305.124166666667,8.53616666666667,28.3283333333333,38.135,60,"ok",TRUE
"MOD-00547","2026-08-06 20:00:00",3.535,2.38572561666666,5.96816666666667,3.22533333333333,49.0668333333333,0.0377808004833333,322.445666666667,9.52049999999999,27.2016666666667,39.2066666666667,60,"ok",TRUE
"MOD-00547","2026-08-06 21:00:00",3.279,2.17360773333334,6.47233333333333,2.97,49.5876666666667,0.0383239775666667,340.457,9.14916666666667,24.675,39.98,60,"ok",TRUE
"MOD-00547","2026-08-06 22:00:00",3.1895,2.10177711666667,6.3115,2.862,49.8973333333333,0.0386469289333333,329.965833333333,10.0386666666667,23.6283333333333,40.6083333333333,60,"ok",TRUE
"MOD-00547","2026-08-06 23:00:00",3.10233333333333,2.08903708333334,7.81933333333333,2.6835,48.7505,0.03745089645,330.217833333333,9.84366666666667,22.4233333333333,41.2883333333333,60,"ok",TRUE
"MOD-00547","2026-08-07 00:00:00",4.036,4.01361611666666,21.2121666666667,2.54433333333333,45.1105,0.03365474045,385.395166666667,11.0208333333333,23.4816666666667,41.0866666666667,60,"ok",TRUE
"MOD-00547","2026-08-07 01:00:00",4.38883333333333,4.45707028333333,24.2901666666667,2.77566666666667,42.3285,0.03075339265,460.872166666667,17.197,26.98,39.33,60,"ok",TRUE
"MOD-00547","2026-08-07 02:00:00",3.981,3.15863746666667,9.13816666666666,3.4785,39.7198333333333,0.0280328141833333,566.563,29.147,33.9583333333333,35.535,60,"ok",TRUE
"MOD-00547","2026-08-07 03:00:00",4.2455,3.26070158333334,8.08416666666667,3.89166666666667,36.2928333333333,0.0244587958833333,578.6545,17.1521666666667,38.01,33.5116666666667,60,"ok",TRUE
"MOD-00547","2026-08-07 04:00:00",4.07416666666667,3.23269016666667,7.06483333333334,3.7415,34.3623333333333,0.0224454774333333,549.421166666667,10.4743333333333,39.7866666666667,32.4533333333333,60,"ok",TRUE
"MOD-00547","2026-08-07 05:00:00",4.14933333333333,3.29167146666667,7.6975,3.82616666666667,31.7718333333333,0.0197438449833333,517.0605,7.83833333333333,41.85,31.575,60,"ok",TRUE
"MOD-00547","2026-08-07 06:00:00",4.79033333333333,3.78032133333333,8.0225,4.43416666666667,27.6838333333333,0.0154804697833333,519.381333333333,7.15466666666667,45.0016666666667,30.6783333333333,60,"ok",TRUE
"MOD-00547","2026-08-07 07:00:00",4.96216666666667,3.95738371666666,8.08133333333334,4.57583333333333,23.9103333333333,0.0115450866333333,524.804333333333,6.646,48.1033333333333,29.815,60,"ok",TRUE
"MOD-00547","2026-08-07 08:00:00",4.98883333333333,3.93510358333333,7.54483333333333,4.63566666666667,21.9505,0.00950117644999999,502.239666666667,6.11416666666666,50.655,29.2166666666667,60,"ok",TRUE
"MOD-00547","2026-08-07 09:00:00",4.743,3.76858071666667,6.909,4.4185,21.7005,0.00924045144999999,476.8725,5.17083333333333,51.09,28.9433333333333,60,"ok",TRUE
"MOD-00547","2026-08-07 10:00:00",5.32916666666667,4.15174630000001,8.557,4.95733333333333,20.1976666666667,0.00767314656666666,481.037666666666,5.49883333333333,53.3266666666666,28.5833333333333,60,"ok",TRUE
"MOD-00547","2026-08-07 11:00:00",5.46683333333333,4.25761988333333,10.191,5.0205,16.2661666666667,0.00357298521666667,510.523,5.518,56.3283333333333,28.21,60,"ok",TRUE
"MOD-00547","2026-08-07 12:00:00",5.87516666666667,4.65594093333333,10.3505,5.36116666666667,16.3665,0.00367762285000001,519.393,5.48083333333333,57.6483333333333,27.7666666666667,60,"ok",TRUE
"MOD-00547","2026-08-07 13:00:00",6.41166666666667,5.10334161666667,13.9585,5.764,19.5758333333333,0.00702463658333332,530.687166666667,5.23816666666667,56.1233333333333,28.14,60,"ok",TRUE
"MOD-00547","2026-08-07 14:00:00",5.53166666666667,4.49940308333334,11.358,4.9205,28.2975,0.01612046275,522.964333333333,5.84416666666667,47.05,30.7833333333333,60,"ok",TRUE
"MOD-00547","2026-08-07 15:00:00",4.76566666666667,3.83523283333333,11.096,4.18433333333333,37.2091666666667,0.0254144399166666,379.03,5.74433333333333,37.635,33.935,60,"ok",TRUE
"MOD-00547","2026-08-07 16:00:00",4.6175,3.44441516666667,10.9395,4.10783333333333,40.5218333333333,0.0288692199833333,312.603333333333,5.94,32.465,36.52,60,"ok",TRUE
"MOD-00547","2026-08-07 17:00:00",4.10383333333333,3.02693431666667,8.6115,3.62166666666667,44.0346666666667,0.0325327538666667,286.397,6.27233333333333,29.0133333333333,38.245,60,"ok",TRUE
"MOD-00547","2026-08-07 18:00:00",3.80716666666667,2.84977006666667,11.4188333333333,3.19983333333333,47.0736666666667,0.0357021269666667,302.560833333333,7.539,26.8666666666667,39.39,60,"ok",TRUE
"MOD-00547","2026-08-07 19:00:00",4.193,3.1375875,11.5631666666667,3.47983333333333,49.0178333333333,0.0377296983833333,309.336333333333,8.127,24.575,41.0383333333333,60,"ok",TRUE
"MOD-00547","2026-08-07 20:00:00",3.597,2.33982971666667,15.0985,2.94966666666667,49.9788333333333,0.0387319252833333,273.427833333333,8.18683333333333,22.0016666666667,42.7816666666667,60,"ok",TRUE
"MOD-00547","2026-08-07 21:00:00",3.514,2.19636785000001,10.8508333333333,2.97233333333333,49.7021666666667,0.0384433896166667,313.865333333333,9.966,20.95,43.585,60,"ok",TRUE
"MOD-00547","2026-08-07 22:00:00",3.339,2.1539943,12.0425,2.71783333333333,47.9061666666666,0.0365703412166666,328.766166666667,10.4041666666667,20.5233333333333,43.7966666666667,60,"ok",TRUE
"MOD-00547","2026-08-07 23:00:00",3.89965517241379,2.55302539801286,14.9153448275862,3.13637931034483,48.3427118644068,0.0370256142033898,318.584406779661,10.205593220339,19.3338983050847,44.8864406779661,59,"ok",TRUE
"MOD-00547","2026-08-08 00:00:00",3.73666666666667,2.78704023333333,15.431,2.87366666666667,46.0806666666667,0.0346665272666667,422.501,14.9695,21.02,43.0316666666667,60,"ok",TRUE
"MOD-00547","2026-08-08 01:00:00",3.47066666666667,3.25175478333333,16.5815,2.36866666666667,43.2505,0.03171494645,520.777,15.2763333333333,23.97,40.2166666666667,60,"ok",TRUE
"MOD-00547","2026-08-08 02:00:00",3.72383333333333,3.53408763333334,18.2688333333333,2.6525,41.277,0.0296567833,549.6485,12.813,26.105,37.9733333333333,60,"ok",TRUE
"MOD-00547","2026-08-08 03:00:00",5.2615,4.73844256666667,16.894,4.19833333333333,38.865,0.0271413085,591.894166666667,11.7938333333333,27.6066666666667,36.6,60,"ok",TRUE
"MOD-00547","2026-08-08 04:00:00",9.91983333333333,7.96305536666667,47.325,8.188,37.9943333333333,0.0262332902333333,562.351666666667,14.2061666666667,30.5383333333333,34.7716666666667,60,"ok",TRUE
"MOD-00547","2026-08-08 05:00:00",11.0296666666667,8.17899813333333,16.3901666666667,10.5038333333333,39.3868333333333,0.0276855284833333,536.301666666667,16.0996666666667,31.3633333333333,32.1566666666667,60,"ok",TRUE
"MOD-00547","2026-08-08 06:00:00",10.2003333333333,7.40287139999999,12.7575,9.92516666666667,40.5871666666667,0.0289373561166667,485.528166666667,9.12716666666667,27.2416666666667,32.6916666666667,60,"ok",TRUE
"MOD-00547","2026-08-08 07:00:00",9.107,6.81883068333334,11.6348333333333,8.75966666666667,41.4703333333333,0.0298584106333333,424.769166666667,8.42333333333333,25.1783333333333,33.3383333333333,60,"ok",TRUE
"MOD-00547","2026-08-08 08:00:00",10.8021666666667,8.63423791666666,18.6283333333333,9.84583333333333,41.8383333333333,0.0302421978333333,458.787333333333,8.97016666666667,27.005,33.525,60,"ok",TRUE
"MOD-00547","2026-08-08 09:00:00",17.6391666666667,17.6513934,34.8321666666667,13.6898333333333,39.86,0.028178994,513.108,21.643,34.64,31.88,60,"ok",TRUE
"MOD-00547","2026-08-08 10:00:00",17.9771666666667,20.2232406833333,31.5303333333334,12.7801666666667,35.4856666666667,0.0236170017666667,556.893666666667,14.8776666666667,40.6366666666667,29.72,60,"ok",TRUE
"MOD-00547","2026-08-08 11:00:00",12.8078333333333,12.92328905,21.0913333333333,10.1458333333333,35.893,0.0240418097,525.716666666667,9.3605,40.5383333333333,29.1733333333333,60,"ok",TRUE
"MOD-00547","2026-08-08 12:00:00",11.0458333333333,10.5719696833333,15.4656666666667,9.22883333333333,36.3983333333333,0.0245688218333333,497.464833333333,7.48316666666667,40.0616666666667,28.9183333333333,60,"ok",TRUE
"MOD-00547","2026-08-08 13:00:00",8.905,7.92789783333333,12.026,7.861,36.8125,0.02500075625,489.802166666667,6.448,38.48,29.5066666666667,60,"ok",TRUE
"MOD-00547","2026-08-08 14:00:00",8.31716666666667,6.77721311666667,11.4853333333333,7.6275,39.365,0.0276627585,452.991833333333,6.13933333333333,33.8666666666667,31.9433333333333,60,"ok",TRUE
"MOD-00547","2026-08-08 15:00:00",8.7815,7.15050368333334,13.7006666666667,7.88716666666666,40.4583333333333,0.0288029958333333,413.409333333333,6.5575,30.7216666666667,34.2116666666667,60,"ok",TRUE
"MOD-00547","2026-08-08 16:00:00",8.124,6.34007908333333,11.077,7.41283333333333,42.7751666666667,0.0312192213166667,372.495333333333,6.64,26.9133333333333,36.3433333333333,60,"ok",TRUE
"MOD-00547","2026-08-08 17:00:00",6.7785,4.92032516666667,9.60833333333333,6.27666666666667,47.3163333333333,0.0359552040333333,311.4025,6.58233333333333,22.5316666666667,39.055,60,"ok",TRUE
"MOD-00547","2026-08-08 18:00:00",5.54290322580645,3.69984122580645,10.8874193548387,5.08483870967742,48.0974193548387,0.0367697986451613,314.699032258065,11.0351612903226,22.658064516129,41.0193548387097,31,"ok",FALSE
"MOD-00548","2026-07-30 00:00:00",4.312,1.84901733333333,6.69583333333333,4.039,50.4743333333333,0.0390427596,538.8465,15.1303333333333,17.9733333333333,45.4316666666667,60,"ok",TRUE
"MOD-00548","2026-07-30 01:00:00",4.19389830508474,2.49895216949152,6.85457627118644,3.7928813559322,47.0106779661017,0.0356636174237288,668.618644067797,14.1193220338983,21.8491525423729,41.3237288135593,59,"ok",TRUE
"MOD-00548","2026-07-30 02:00:00",4.39083333333333,3.00076438333334,7.4695,3.885,43.3395,0.0320820162,698.225333333333,11.2851666666667,24.6766666666667,38.875,60,"ok",TRUE
"MOD-00548","2026-07-30 03:00:00",4.93483333333333,3.45552001666667,9.30616666666667,4.341,37.519,0.0264035364,729.537,10.0676666666667,26.6383333333333,37.24,60,"ok",TRUE
"MOD-00548","2026-07-30 04:00:00",4.84633333333333,3.5416214,9.245,4.2275,36.4826666666667,0.0253924896,697.304666666667,8.76433333333333,27.7433333333333,36.5966666666667,60,"ok",TRUE
"MOD-00548","2026-07-30 05:00:00",4.76433333333333,3.68518963333334,8.70383333333333,4.10883333333333,35.8865,0.0248108694,613.222166666667,6.9735,26.8816666666667,35.9466666666667,60,"ok",TRUE
"MOD-00548","2026-07-30 06:00:00",5.41966666666667,4.1802872,10.2941666666667,4.6605,35.3216666666667,0.024259818,578.439666666667,6.39816666666667,27.5,34.665,60,"ok",TRUE
"MOD-00548","2026-07-30 07:00:00",9.18280701754386,5.52154735964912,14.0077192982456,8.38,33.1891666666667,0.022179351,613.399666666667,6.4335,31.1316666666667,32.7916666666667,60,"ok",TRUE
"MOD-00548","2026-07-30 08:00:00",5.8935,4.65675325,12.655,5.10116666666667,28.6413333333333,0.0177424848,653.463666666667,5.59766666666667,36.155,31.1916666666667,60,"ok",TRUE
"MOD-00548","2026-07-30 09:00:00",6.132,4.81415233333334,12.2441666666667,5.32483333333333,26.5196666666667,0.0156725868,614.0055,5.61783333333334,35.965,30.8433333333333,60,"ok",TRUE
"MOD-00548","2026-07-30 10:00:00",6.279,5.00458329999999,14.068,5.37733333333333,26.6688333333333,0.0158181138,613.211,5.70633333333333,37.7883333333333,30.4633333333333,60,"ok",TRUE
"MOD-00548","2026-07-30 11:00:00",7.1285,5.38886375,15.1006666666667,6.1685,24.9111666666667,0.0141033342,616.647,5.72433333333333,39.8633333333333,29.9316666666667,60,"ok",TRUE
"MOD-00548","2026-07-30 12:00:00",7.15283333333333,5.51958585,20.7048333333333,6.0765,22.9628333333333,0.0122025402,627.884166666666,5.61366666666667,42.415,29.1,60,"ok",TRUE
"MOD-00548","2026-07-30 13:00:00",10.0153333333333,6.38255013333333,28.8066666666667,8.80366666666667,20.7735,0.0100666266,631.0455,5.98283333333333,41.0383333333333,29.5633333333333,60,"ok",TRUE
"MOD-00548","2026-07-30 14:00:00",11.5555,6.72981041666667,35.7073333333333,10.1458333333333,22.9188333333333,0.0121596138,590.4495,5.734,37.655,32.2233333333333,60,"ok",TRUE
"MOD-00548","2026-07-30 15:00:00",7.456,5.00482276666666,20.13,6.3105,28.3538333333333,0.0174619998,507.008,5.92733333333333,31.17,36.1666666666667,60,"ok",TRUE
"MOD-00548","2026-07-30 16:00:00",6.9295,4.07233871666667,15.0956666666667,5.94266666666666,32.4356666666667,0.0214442364,314.146666666667,6.52016666666667,21.64,42.1,60,"ok",TRUE
"MOD-00548","2026-07-30 17:00:00",7.79783333333334,4.24308901666667,17.416,6.7135,40.8926666666667,0.0296948856,286.631666666667,6.05866666666667,18.6166666666667,44.0583333333333,60,"ok",TRUE
"MOD-00548","2026-07-30 18:00:00",7.17666666666667,3.72065563333334,14.5125,6.35216666666667,44.9065,0.0336107814,361.0035,8.10466666666667,18.2366666666667,43.6583333333333,60,"ok",TRUE
"MOD-00548","2026-07-30 19:00:00",7.1105,3.81378291666666,14.591,6.17783333333334,46.1608333333333,0.034834509,407.975666666667,9.53633333333333,17.7366666666667,44.33,60,"ok",TRUE
"MOD-00548","2026-07-30 20:00:00",6.0828813559322,3.07987530508475,10.3496610169492,5.35152542372881,46.4503389830508,0.0351169507118644,405.323898305085,8.56186440677966,16.3203389830508,45.8728813559322,59,"ok",TRUE
"MOD-00548","2026-07-30 21:00:00",6.37216666666666,2.82470241666666,9.17966666666667,5.719,49.3905,0.0379853718,349.202,7.68016666666667,13.9216666666667,48.0316666666667,60,"ok",TRUE
"MOD-00548","2026-07-30 22:00:00",6.11833333333333,2.52672249999999,9.059,5.58066666666667,52.194,0.0407204664,386.381333333333,9.97016666666667,13.4116666666667,48.2033333333333,60,"ok",TRUE
"MOD-00548","2026-07-30 23:00:00",5.4995,2.36505435,9.12883333333333,5.01466666666667,51.0863333333334,0.0396398268,471.758166666667,11.7868333333333,14.0633333333333,47.1,60,"ok",TRUE
"MOD-00548","2026-07-31 00:00:00",4.93779661016949,2.64135794915254,11.2815254237288,4.33152542372881,47.001186440678,0.0356543574915254,587.161016949152,14.2040677966102,15.6508474576271,44.5406779661017,59,"ok",TRUE
"MOD-00548","2026-07-31 01:00:00",4.6945,2.90236101666666,10.0153333333333,4.06866666666667,43.7025,0.032436159,659.784833333333,12.3568333333333,17.7983333333333,42.1866666666667,60,"ok",TRUE
"MOD-00548","2026-07-31 02:00:00",4.7795,3.32570998333333,9.56616666666667,4.115,40.7385,0.0295444806,691.137833333333,10.1298333333333,19.9216666666667,39.435,60,"ok",TRUE
"MOD-00548","2026-07-31 03:00:00",5.08783333333333,3.69802811666667,10.4903333333333,4.37633333333333,36.8098333333334,0.0257116734,740.522,9.31716666666666,21.775,37.495,60,"ok",TRUE
"MOD-00548","2026-07-31 04:00:00",5.60883333333333,4.04675108333333,11.9645,4.84383333333333,34.601,0.0235567356,749.035166666667,8.64166666666667,23.1483333333333,36.2983333333333,60,"ok",TRUE
"MOD-00548","2026-07-31 05:00:00",5.97316666666667,4.34198198333333,10.1175,5.19366666666667,34.1183333333333,0.023085846,716.646833333333,7.7905,24.3083333333333,35.3633333333334,60,"ok",TRUE
"MOD-00548","2026-07-31 06:00:00",6.099,5.09468253333333,22.8618333333333,4.75683333333333,35.6178333333333,0.0245487582,611.142,7.81383333333333,23.9433333333333,34.795,60,"ok",TRUE
"MOD-00548","2026-07-31 07:00:00",6.76466666666667,5.79746483333334,28.6006666666667,5.10583333333333,42.2676666666667,0.0310363356,719.2895,11.8843333333333,34.685,33.1366666666667,60,"ok",TRUE
"MOD-00548","2026-07-31 08:00:00",3.69433333333333,3.35225693333333,6.46466666666667,3.31516666666667,38.5128333333333,0.0273731202,704.717333333333,8.38033333333333,38.7233333333333,31.4333333333333,60,"ok",TRUE
"MOD-00548","2026-07-31 09:00:00",4.02383333333333,3.58287855,8.49566666666667,3.59466666666667,31.9358333333333,0.020956599,701.180833333333,7.283,43.7066666666667,30.23,60,"ok",TRUE
"MOD-00548","2026-07-31 10:00:00",4.06566666666667,3.63840146666667,7.13866666666667,3.64966666666667,29.7596666666667,0.0188335308,652.939,5.73116666666666,43.225,30.0483333333333,60,"ok",TRUE
"MOD-00548","2026-07-31 11:00:00",4.50966666666667,4.0458952,11.256,3.92733333333333,25.4355,0.0146148738,633.923166666667,5.45366666666666,44.8566666666667,29.1816666666667,60,"ok",TRUE
"MOD-00548","2026-07-31 12:00:00",4.52366666666667,4.46532416666667,13.0293333333333,3.73083333333333,24.2171666666667,0.0134262678,650.742,5.18333333333333,47.19,28.2516666666667,60,"ok",TRUE
"MOD-00548","2026-07-31 13:00:00",4.56616666666667,4.28864388333333,13.1456666666667,3.85683333333333,24.4515,0.0136548834,627.873666666667,5.16633333333333,46.8566666666667,28.5866666666667,60,"ok",TRUE
"MOD-00548","2026-07-31 14:00:00",6.56966666666667,4.92857013333333,21.7483333333333,5.40816666666667,21.0503333333333,0.0103367052,589.066,5.84433333333333,35.1383333333333,34.0466666666667,60,"ok",TRUE
"MOD-00548","2026-07-31 15:00:00",4.85366666666667,3.52362006666666,12.45,3.9855,29.4703333333333,0.0185512572,388.618833333333,6.19133333333333,25.2616666666667,39.86,60,"ok",TRUE
"MOD-00548","2026-07-31 16:00:00",6.40553571428572,3.91578758928573,13.3417857142857,5.38589285714286,38.6666071428572,0.0275231419285714,331.31875,6.04196428571429,21.2339285714286,42.9625,56,"ok",TRUE
"MOD-00548","2026-07-31 17:00:00",6.00728813559322,3.4015563220339,11.814406779661,5.18457627118644,43.2452542372881,0.0319900700338983,266.054576271186,5.74220338983051,17.6779661016949,43.9271186440678,59,"ok",TRUE
"MOD-00548","2026-07-31 18:00:00",5.71433333333333,3.205202,12.4636666666667,4.954,44.765,0.033472734,321.303666666667,7.15133333333333,16.6266666666667,43.8083333333334,60,"ok",TRUE
"MOD-00548","2026-07-31 19:00:00",5.31366666666667,2.88103566666666,12.0311666666667,4.65683333333333,44.9158333333333,0.033619887,392.016666666667,8.715,16.495,44.035,60,"ok",TRUE
"MOD-00548","2026-07-31 20:00:00",5.6645,3.13608615,10.677,4.89416666666667,45.3793333333333,0.0340720776,400.9685,8.30516666666667,15.285,44.9216666666667,60,"ok",TRUE
"MOD-00548","2026-07-31 21:00:00",5.51406779661017,3.0803622881356,12.468813559322,4.62661016949153,47.7542372881356,0.0363890338983051,416.799322033898,8.98067796610169,14.3525423728814,46.3610169491526,59,"ok",TRUE
"MOD-00548","2026-07-31 22:00:00",5.5395,3.03570118333333,16.0281666666667,4.5865,50.0513333333333,0.0386300808,429.4365,9.68633333333333,13.8216666666667,46.96,60,"ok",TRUE
"MOD-00548","2026-07-31 23:00:00",6.09183333333333,3.67140541666667,13.8301666666667,4.95716666666667,50.4891666666666,0.039057231,502.196833333333,12.0825,14.3566666666667,46.2966666666667,60,"ok",TRUE
"MOD-00548","2026-08-01 00:00:00",6.0315,3.92364275,14.2253333333333,4.8275,50.9398333333333,0.0394969014,544.335666666667,14.4323333333333,14.7916666666667,44.9633333333333,60,"ok",TRUE
"MOD-00548","2026-08-01 01:00:00",6.07915254237288,4.28302049152542,16.2606779661017,4.79423728813559,49.6022033898305,0.0381919096271186,596.179491525424,15.8713559322034,15.7813559322034,42.7694915254237,59,"ok",TRUE
"MOD-00548","2026-08-01 02:00:00",5.76183333333333,4.38528895,14.6243333333333,4.58166666666667,44.8361666666667,0.0335421642,658.927666666667,12.14,18.2783333333333,39.7666666666667,60,"ok",TRUE
"MOD-00548","2026-08-01 03:00:00",5.83733333333333,4.56839766666667,14.159,4.6895,40.3026666666667,0.0291192816,696.657333333333,9.44233333333333,19.97,37.9583333333333,60,"ok",TRUE
"MOD-00548","2026-08-01 04:00:00",6.00066666666666,4.70223496666666,17.1803333333333,4.83633333333333,37.3133333333333,0.026202888,708.542166666667,8.668,21.4633333333333,36.6916666666667,60,"ok",TRUE
"MOD-00548","2026-08-01 05:00:00",6.48633333333333,5.46255176666667,21.9918333333333,4.95966666666667,35.9811666666667,0.0249032262,703.388,8.03816666666667,22.9433333333333,35.7583333333333,60,"ok",TRUE
"MOD-00548","2026-08-01 06:00:00",6.2055,5.34624451666667,18.4821666666667,4.80166666666667,35.2046666666667,0.0241456728,662.493333333333,7.30816666666667,23.7033333333333,34.955,60,"ok",TRUE
"MOD-00548","2026-08-01 07:00:00",6.41083333333333,5.56239078333333,16.4238333333333,5.03,34.282,0.0232455192,659.089,6.95466666666667,25.145,33.7383333333333,60,"ok",TRUE
"MOD-00548","2026-08-01 08:00:00",5.9445,5.53342685,15.8188333333333,4.59216666666667,31.2978333333333,0.0203341662,670.228,6.53066666666667,26.9733333333333,32.355,60,"ok",TRUE
"MOD-00548","2026-08-01 09:00:00",6.07483333333333,5.60884208333332,19.56,4.68466666666667,30.4226666666667,0.0194803536,645.031,6.23266666666667,28.1433333333333,31.6516666666667,60,"ok",TRUE
"MOD-00548","2026-08-01 10:00:00",6.2895,5.68886028333333,18.6275,4.96766666666667,27.7375,0.016860705,666.031833333333,5.88883333333333,32.545,30.4,60,"ok",TRUE
"MOD-00548","2026-08-01 11:00:00",5.96166666666667,5.3571821,16.0375,4.846,25.2176666666667,0.0144023556,654.904,5.60983333333333,35.0733333333333,29.6583333333333,60,"ok",TRUE
"MOD-00548","2026-08-01 12:00:00",6.165,5.098583,16.0401666666667,5.23433333333334,23.959,0.0131744004,658.982333333333,5.81033333333333,37.1316666666667,29.42,60,"ok",TRUE
"MOD-00548","2026-08-01 13:00:00",6.41816666666667,5.08126778333333,26.2605,5.33383333333333,25.5458333333333,0.014722515,689.1865,5.60283333333333,40.16,29.81,60,"ok",TRUE
"MOD-00548","2026-08-01 14:00:00",7.10666666666667,5.47908269999999,19.6311666666667,5.88316666666667,23.6986666666667,0.0129204192,602.481166666667,5.547,33.0733333333333,32.4916666666667,60,"ok",TRUE
"MOD-00548","2026-08-01 15:00:00",5.787,4.2869227,14.321,4.83616666666667,32.7868333333333,0.0217868346,501.512,6.22966666666667,28.91,36.4716666666667,60,"ok",TRUE
"MOD-00548","2026-08-01 16:00:00",5.27866666666667,3.6052852,10.9853333333333,4.62216666666667,35.8606666666667,0.0247856664,502.451666666667,6.38583333333334,27.465,37.3483333333333,60,"ok",TRUE
"MOD-00548","2026-08-01 17:00:00",4.95933333333333,2.72525969999999,9.82616666666666,4.391,40.134,0.0289547304,352,5.81566666666667,20.7216666666667,43.2733333333333,60,"ok",TRUE
"MOD-00548","2026-08-01 18:00:00",5.336,2.43272803333333,10.4865,4.78383333333333,48.4675,0.037084893,219.3755,5.54266666666667,17.2066666666667,46.5316666666667,60,"ok",TRUE
"MOD-00548","2026-08-01 19:00:00",5.74883333333333,2.73401038333333,10.7468333333333,5.1175,51.3555,0.0399024258,324.4345,8.73933333333333,16.4383333333333,46.2833333333333,60,"ok",TRUE
"MOD-00548","2026-08-01 20:00:00",5.92525423728813,2.79526788135593,11.1354237288136,5.27491525423729,53.2027118644068,0.0417045656949152,340.824406779661,9.40508474576271,14.5084745762712,46.5813559322034,59,"ok",TRUE
"MOD-00548","2026-08-01 21:00:00",5.4945,2.47314675,10.157,4.92016666666667,53.3265,0.0418253334,343.494666666667,10.5381666666667,12.9583333333333,47.3616666666667,60,"ok",TRUE
"MOD-00548","2026-08-01 22:00:00",5.8815,2.52308924999999,9.96766666666667,5.28233333333333,53.7616666666667,0.042249882,363.646,9.92266666666667,12.3616666666667,48.4,60,"ok",TRUE
"MOD-00548","2026-08-01 23:00:00",6.01733333333333,2.66527619999999,13.5465,5.379,51.5555,0.0400975458,477.655833333333,10.4895,13.1783333333333,47.2516666666667,60,"ok",TRUE
"MOD-00548","2026-08-02 00:00:00",5.21830508474576,2.76056779661016,10.3813559322034,4.55101694915254,49.1079661016949,0.0377097317288136,530.023559322034,11.115593220339,13.4576271186441,45.5677966101695,59,"ok",TRUE
"MOD-00548","2026-08-02 01:00:00",4.9295,2.86622575,8.622,4.33516666666667,46.7198333333333,0.0353798694,580.0795,12.421,14.3533333333333,43.2366666666667,60,"ok",TRUE
"MOD-00548","2026-08-02 02:00:00",5.15683333333333,3.47478701666667,11.6095,4.4275,42.9086666666667,0.0316616952,674.5045,12.5506666666667,17.065,39.8883333333333,60,"ok",TRUE
"MOD-00548","2026-08-02 03:00:00",8.27383333333333,4.70338271666667,13.7355,7.50366666666667,37.9801666666667,0.0268534506,751.7595,9.62633333333333,19.0583333333333,37.75,60,"ok",TRUE
"MOD-00548","2026-08-02 04:00:00",8.988,5.36016946666667,15.9183333333333,8.059,35.7535,0.0246811146,879.909833333333,8.30683333333334,21.2783333333333,35.83,60,"ok",TRUE
"MOD-00548","2026-08-02 05:00:00",5.72316666666667,4.19417055,13.9385,4.97616666666667,36.3875,0.025299645,790.963666666667,8.72283333333333,26.5183333333333,34.38,60,"ok",TRUE
"MOD-00548","2026-08-02 06:00:00",6.09,5.42103283333333,16.5306666666667,4.70816666666667,35.6426666666667,0.0245729856,713.001333333333,7.12266666666666,27.4983333333333,33.8666666666667,60,"ok",TRUE
"MOD-00548","2026-08-02 07:00:00",5.72916666666667,4.19257935,12.4371666666667,5.08066666666667,34.3286666666667,0.0232910472,721.45,6.92,32.1516666666667,32.8516666666667,60,"ok",TRUE
"MOD-00548","2026-08-02 08:00:00",8.09366666666667,8.26379053333333,32.0695,5.29466666666667,29.8811666666667,0.0189520662,683.906166666667,6.1115,31.5783333333333,32.4633333333334,60,"ok",TRUE
"MOD-00548","2026-08-02 09:00:00",19.8248333333333,16.61108625,56.933,13.9726666666667,33.6241666666667,0.022603737,601.562666666667,6.39666666666667,30.1216666666667,33.1033333333333,60,"ok",TRUE
"MOD-00548","2026-08-02 10:00:00",6.97366666666667,8.28168326666667,22.2303333333333,4.12533333333333,33.9533333333333,0.022924872,586.701666666667,6.6205,31.71,32.4616666666667,60,"ok",TRUE
"MOD-00548","2026-08-02 11:00:00",6.219,7.03360683333334,20.0841666666667,4.033,33.3765,0.0223621134,585.521333333333,5.98316666666666,33.1933333333333,31.445,60,"ok",TRUE
"MOD-00548","2026-08-02 12:00:00",6.3075,6.08766148333334,22.082,4.6635,30.345,0.019404582,613.256833333333,5.553,36.2283333333333,30.7733333333333,60,"ok",TRUE
"MOD-00548","2026-08-02 13:00:00",6.6135,6.61182155,21.3325,4.7075,28.5085,0.0176128926,612.6145,5.7505,34.735,31.395,60,"ok",TRUE
"MOD-00548","2026-08-02 14:00:00",5.52916666666667,4.72233478333333,16.4196666666667,4.355,33.5673333333333,0.0225482904,546.530166666667,6.2065,30.745,34.8683333333333,60,"ok",TRUE
"MOD-00548","2026-08-02 15:00:00",5.97816666666667,4.28239474999999,14.8595,5.01666666666667,36.0758333333333,0.024995583,532.459166666666,6.72666666666667,29.96,36.94,60,"ok",TRUE
"MOD-00548","2026-08-02 16:00:00",6.76216666666666,5.10021665,15.5455,5.36883333333333,37.0358333333333,0.025932159,519.263666666667,6.853,28.3516666666667,38.5366666666667,60,"ok",TRUE
"MOD-00548","2026-08-02 17:00:00",6.7775,5.83243128333333,19.8738333333333,4.645,40.5411666666667,0.0293519622,325.552,6.06533333333333,21.0466666666667,42.9766666666667,60,"ok",TRUE
"MOD-00548","2026-08-02 18:00:00",7.0555,4.53611968333333,15.5511666666667,5.6215,45.6081666666667,0.0342953274,310.261666666667,6.71633333333333,19.5616666666667,45.225,60,"ok",TRUE
"MOD-00548","2026-08-02 19:00:00",6.06813559322034,3.19768366101695,9.42576271186441,5.39779661016949,46.0672881355932,0.0347432463050847,403.994745762712,8.07593220338983,20.5135593220339,43.8474576271186,59,"ok",TRUE
"MOD-00548","2026-08-02 20:00:00",6.2485,3.11436638333334,9.91433333333334,5.63266666666667,44.3546666666667,0.0330724128,481.050166666667,8.62116666666667,19.8166666666667,44.1383333333333,60,"ok",TRUE
"MOD-00548","2026-08-02 21:00:00",5.436,2.5282186,9.9325,4.89883333333333,45.9593333333333,0.0346379256,341.031,6.01516666666666,16.295,45.9933333333334,60,"ok",TRUE
"MOD-00548","2026-08-02 22:00:00",5.362,2.42995926666668,10.367,4.82116666666666,48.5826666666667,0.0371972496,352.175833333333,7.15916666666667,14.9883333333333,46.6683333333333,60,"ok",TRUE
"MOD-00548","2026-08-02 23:00:00",6.45406779661017,2.79103520338983,11.4186440677966,5.91949152542373,49.1362711864407,0.0377373461694915,404.934237288136,8.38237288135593,14.6,46.2050847457627,59,"ok",TRUE
"MOD-00548","2026-08-03 00:00:00",5.29816666666667,2.77632135,8.65483333333333,4.6905,48.2023333333333,0.0368261964,461.308833333333,9.97033333333333,14.7166666666667,45.0716666666667,60,"ok",TRUE
"MOD-00548","2026-08-03 01:00:00",5.24733333333333,3.10132613333333,8.11483333333333,4.58166666666667,46.7335,0.0353932026,545.200333333333,12.3616666666667,15.9416666666667,43.155,60,"ok",TRUE
"MOD-00548","2026-08-03 02:00:00",5.5065,3.54145081666667,9.81733333333333,4.81266666666667,43.1356666666667,0.0318831564,647.210833333333,11.1078333333333,18.5283333333333,40.0166666666667,60,"ok",TRUE
"MOD-00548","2026-08-03 03:00:00",7.55,4.465509,12.9643333333333,6.76766666666667,40.3443333333333,0.0291599316,701.667833333333,9.1805,20.27,38.1,60,"ok",TRUE
"MOD-00548","2026-08-03 04:00:00",7.06366666666667,4.42206813333333,12.4055,6.31083333333333,37.8458333333334,0.026722395,728.149666666666,8.42216666666667,22.14,36.755,60,"ok",TRUE
"MOD-00548","2026-08-03 05:00:00",6.59883333333333,4.39448215,11.8023333333333,5.81816666666667,35.6436666666667,0.0245739612,699.826,8.0195,23.1233333333333,36.2566666666667,60,"ok",TRUE
"MOD-00548","2026-08-03 06:00:00",7.26266666666667,5.08986156666666,15.514,6.1725,35.7756666666667,0.0247027404,645.262833333334,7.23866666666667,23.5966666666667,35.88,60,"ok",TRUE
"MOD-00548","2026-08-03 07:00:00",7.412,5.9314481,19.69,5.89416666666667,34.8103333333333,0.0237609612,665.229333333333,7.1615,27.3233333333333,34.3366666666667,60,"ok",TRUE
"MOD-00548","2026-08-03 08:00:00",9.01166666666667,5.82727786666668,18.6328333333333,7.88566666666666,33.0275,0.022021629,679.6135,6.911,30.6583333333333,33.53,60,"ok",TRUE
"MOD-00548","2026-08-03 09:00:00",7.19266666666667,4.84624703333333,15.45,6.38483333333333,30.5028333333333,0.0195585642,702.1015,6.19533333333333,34.5816666666667,32.67,60,"ok",TRUE
"MOD-00548","2026-08-03 10:00:00",5.88433333333333,4.72426656666666,12.0793333333333,4.992,29.0443333333333,0.0181356516,658.5955,5.7545,35.6033333333333,32.2566666666667,60,"ok",TRUE
"MOD-00548","2026-08-03 11:00:00",6.37966666666667,4.86472193333333,16.9421666666667,5.46583333333334,27.108,0.0162465648,638.9985,5.56233333333333,37.2883333333333,31.4116666666667,60,"ok",TRUE
"MOD-00548","2026-08-03 12:00:00",6.58266666666667,5.25459226666667,20.5663333333333,5.45433333333333,25.6303333333333,0.0148049532,634.4735,5.53533333333333,39.3316666666667,30.8566666666667,60,"ok",TRUE
"MOD-00548","2026-08-03 13:00:00",6.53933333333334,5.41544523333333,21.969,5.26083333333333,24.1828333333333,0.0133927722,644.582666666666,5.55366666666666,39.9483333333333,31.2433333333333,60,"ok",TRUE
"MOD-00548","2026-08-03 14:00:00",7.12733333333333,6.01614143333333,23.7701666666667,5.46083333333334,23.1343333333333,0.0123698556,643.076166666667,5.713,36.52,33.365,60,"ok",TRUE
"MOD-00548","2026-08-03 15:00:00",7.03466666666667,5.16632053333334,19.4018333333333,5.49066666666667,28.1886666666667,0.0173008632,451.8385,6.42733333333333,25.3466666666667,40.2416666666667,60,"ok",TRUE
"MOD-00548","2026-08-03 16:00:00",7.33916666666667,5.34718118333333,24.3448333333333,5.8,36.4941666666667,0.025403709,446.7585,6.97983333333333,27.21,38.16,60,"ok",TRUE
"MOD-00548","2026-08-03 17:00:00",6.78583333333334,4.34639725000001,18.2976666666667,5.60766666666667,35.64,0.024570384,476.759333333333,7.07083333333333,23.45,41.385,60,"ok",TRUE
"MOD-00548","2026-08-03 18:00:00",7.24932203389831,3.91278577966102,16.2840677966102,6.22440677966102,44.4474576271187,0.033162939661017,289.704745762712,6.77779661016949,19.3135593220339,44.6949152542373,59,"ok",TRUE
"MOD-00548","2026-08-03 19:00:00",6.71283333333333,3.90083255,13.6575,5.71033333333333,46.9891666666666,0.035642631,371.987666666667,8.83866666666667,19.2783333333333,43.71,60,"ok",TRUE
"MOD-00548","2026-08-03 20:00:00",6.5065,3.61290935,11.4523333333333,5.63966666666667,43.1541666666667,0.031901205,468.803166666667,8.70016666666666,18.6966666666667,44.12,60,"ok",TRUE
"MOD-00548","2026-08-03 21:00:00",6.385,3.1252338,10.063,5.59516666666667,46.8533333333333,0.035510112,278.503166666667,6.66883333333333,14.51,47.3466666666667,60,"ok",TRUE
"MOD-00548","2026-08-03 22:00:00",6.61779661016949,3.17943028813559,17.071186440678,5.73,48.9859322033898,0.0375906754576271,330.598305084746,7.94491525423729,13.9474576271186,47.3372881355932,59,"ok",TRUE
"MOD-00548","2026-08-03 23:00:00",6.099,3.61673800000001,11.0811666666667,5.31,44.2073333333333,0.0329286744,582.1775,13.5848333333333,16.6583333333333,42.1666666666667,60,"ok",TRUE
"MOD-00548","2026-08-04 00:00:00",6.42566666666667,3.61732376666667,11.0481666666667,5.7105,42.7081666666666,0.0314660874,615.145833333333,12.3783333333333,16.6683333333333,41.9266666666666,60,"ok",TRUE
"MOD-00548","2026-08-04 01:00:00",6.565,3.9149358,11.9905,5.77766666666667,42.7268333333334,0.0314842986,596.3545,10.866,17.7016666666667,40.5966666666667,60,"ok",TRUE
"MOD-00548","2026-08-04 02:00:00",12.1193333333333,8.96933104463277,46.4018644067796,9.46983333333333,46.847,0.0355039332,855.088333333333,51.8791666666667,49.0016666666667,30.0066666666667,60,"ok",TRUE
"MOD-00548","2026-08-04 03:00:00",4.949,4.44902153333333,6.55833333333333,4.40833333333333,27.5086666666667,0.0166374552,930.234833333333,16.6411666666667,55.585,26.605,60,"ok",TRUE
"MOD-00548","2026-08-04 04:00:00",4.24016666666667,3.74338561666666,5.66683333333333,3.94833333333333,23.9248333333333,0.0131410674,771.087833333333,7.18533333333333,51.2733333333333,27.4966666666667,60,"ok",TRUE
"MOD-00548","2026-08-04 05:00:00",4.38366666666667,3.8781735,6.26733333333333,4.04133333333333,21.9628333333333,0.0112269402,707.0385,6.3525,53.6533333333333,27.16,60,"ok",TRUE
"MOD-00548","2026-08-04 06:00:00",2.82016666666667,3.25541868333333,4.04933333333333,2.61983333333333,20.0468333333333,0.0093576906,629.2705,5.99383333333333,54.5433333333333,26.6233333333333,60,"ok",TRUE
"MOD-00548","2026-08-04 07:00:00",2.58483333333333,3.21164668333334,3.86133333333333,2.407,20.3725,0.00967541100000001,601.838833333333,6.0065,57.4966666666667,25.8483333333333,60,"ok",TRUE
"MOD-00548","2026-08-04 08:00:00",2.94716666666667,3.48780181666667,4.87466666666667,2.703,17.0498333333333,0.0064338174,594.686666666667,6.1855,61.3583333333333,24.9266666666667,60,"ok",TRUE
"MOD-00548","2026-08-04 09:00:00",3.46266666666667,3.70483966666666,5.87583333333333,3.18283333333333,13.8741666666667,0.003335637,594.885666666667,5.8315,63.0466666666667,24.6166666666667,60,"ok",TRUE
"MOD-00548","2026-08-04 10:00:00",3.1345,3.46364115,4.34716666666667,2.92933333333333,17.0086666666667,0.00639365519999999,551.0375,5.16,59.59,25.305,60,"ok",TRUE
"MOD-00548","2026-08-04 11:00:00",3.61016666666667,3.74970351666666,5.80016666666667,3.3265,14.9068333333333,0.0043431066,567.847333333333,5.4675,65.495,24.4966666666667,60,"ok",TRUE
"MOD-00548","2026-08-04 12:00:00",4.28916666666667,3.94916291666666,6.8885,3.99266666666667,11.401,0.000922815600000002,585.220166666667,5.25033333333333,69.0816666666667,24.2366666666667,60,"ok",TRUE
"MOD-00548","2026-08-04 13:00:00",4.35616666666667,4.05643858333333,10.2148333333333,3.93883333333333,9.60716666666667,-0.0008272482,582.823,4.83,66.6083333333333,24.7233333333333,60,"ok",TRUE
"MOD-00548","2026-08-04 14:00:00",4.32066666666667,3.76169853333333,8.59716666666667,3.90633333333333,9.05833333333333,-0.00136269,563.478166666667,5.20133333333334,52.8833333333333,28.5216666666667,60,"ok",TRUE
"MOD-00548","2026-08-04 15:00:00",5.3335,3.51799635,9.80883333333334,4.9385,14.7821666666667,0.0042214818,456.0555,6.15816666666667,39.115,33.6883333333333,60,"ok",TRUE
"MOD-00548","2026-08-04 16:00:00",3.79166666666666,2.54390953333333,5.74416666666667,3.48283333333333,27.5418333333333,0.0166698126,309.365333333333,7.1485,28.795,38.2616666666667,60,"ok",TRUE
"MOD-00548","2026-08-04 17:00:00",3.63116666666667,2.12804395,7.0265,3.29666666666667,37.4598333333333,0.0263458134,192.0505,6.3435,22.335,41.865,60,"ok",TRUE
"MOD-00548","2026-08-04 18:00:00",5.92983333333333,4.88475701666667,18.0946666666667,4.26283333333333,43.9998333333333,0.0327262374,284.779333333333,7.2395,22.1116666666667,42.0883333333333,60,"ok",TRUE
"MOD-00548","2026-08-04 19:00:00",6.38762711864407,6.07424994915254,24.5694915254237,4.06372881355932,42.5230508474576,0.0312854884067797,373.535423728813,8.07779661016949,21.5508474576271,41.6559322033898,59,"ok",TRUE
"MOD-00548","2026-08-04 20:00:00",6.55383333333333,6.34287085,23.1585,4.1005,42.9328333333333,0.0316852722,402.743666666667,8.757,20.1433333333333,42.2216666666667,60,"ok",TRUE
"MOD-00548","2026-08-04 21:00:00",6.6015,6.14913848333333,22.0783333333333,4.1845,42.6933333333334,0.031451616,390.588,9.79533333333333,18.3833333333333,43.7966666666667,60,"ok",TRUE
"MOD-00548","2026-08-04 22:00:00",7.32116666666667,6.86912805,39.2783333333333,4.32366666666667,44.3246666666667,0.0330431448,434.093833333333,10.9775,18.08,44.2283333333333,60,"ok",TRUE
"MOD-00548","2026-08-04 23:00:00",7.82983050847458,8.17432349152543,33.0747457627119,4.32694915254237,44.1957627118644,0.0329173861016949,499.766779661017,12.2461016949153,18.971186440678,43.6118644067797,59,"ok",TRUE
"MOD-00548","2026-08-05 00:00:00",5.10833333333333,4.50035523333333,16.2433333333333,3.524,45.0295,0.0337307802,576.1645,12.3693333333333,21.4216666666667,42.4133333333333,60,"ok",TRUE
"MOD-00548","2026-08-05 01:00:00",4.45666666666667,3.61661433333333,9.6695,3.48866666666667,44.4748333333333,0.0331896474,623.633333333333,11.7861666666667,23.6216666666667,40.3283333333333,60,"ok",TRUE
"MOD-00548","2026-08-05 02:00:00",4.61283333333333,3.48184945,9.32033333333333,3.95466666666667,43.1901666666667,0.0319363266,681.981,12.268,27.8383333333333,37.0366666666667,60,"ok",TRUE
"MOD-00548","2026-08-05 03:00:00",4.5245,3.44278435000001,8.01216666666667,3.98883333333333,41.0515,0.0298498434,690.757333333333,10.4505,30.5683333333333,35.42,60,"ok",TRUE
"MOD-00548","2026-08-05 04:00:00",4.886,3.64125030000001,9.25166666666667,4.3275,39.417,0.0282552252,677.561333333333,9.543,32.9533333333333,34.5666666666667,60,"ok",TRUE
"MOD-00548","2026-08-05 05:00:00",14.2822033898305,6.33446631638419,18.5808474576271,13.7625423728814,38.0626666666667,0.0269339376,691.987,10.943,38.3866666666667,33.3833333333333,60,"ok",TRUE
"MOD-00548","2026-08-05 06:00:00",20.2603448275862,7.99050131034483,23.0112068965517,19.803275862069,36.642,0.0255479352,636.6815,7.32083333333334,38.2383333333333,33.2,60,"ok",TRUE
"MOD-00548","2026-08-05 07:00:00",16.2639534883721,7.07898392635658,20.3225581395349,15.6737209302326,33.7558333333333,0.022732191,611.291,6.51216666666667,40.1916666666667,32.8383333333333,60,"ok",TRUE
"MOD-00548","2026-08-05 08:00:00",7.21066666666667,5.59425393333333,14.1233333333333,6.0215,27.8225,0.016943631,647.716,6.16783333333333,46.1166666666667,31.515,60,"ok",TRUE
"MOD-00548","2026-08-05 09:00:00",7.05533333333333,4.78871263333333,11.2383333333333,6.37783333333334,26.258,0.0154173048,629.898166666666,5.65333333333334,47.5866666666667,30.7866666666667,60,"ok",TRUE
"MOD-00548","2026-08-05 10:00:00",7.27316666666667,5.32013865,14.9681666666667,6.3285,21.54,0.010814424,614.4465,5.06383333333333,50.605,29.775,60,"ok",TRUE
"MOD-00548","2026-08-05 11:00:00",7.27533333333333,6.06821133333333,17.1243333333333,5.92083333333333,17.7295,0.0070969002,601.495166666666,5.055,51.815,29.0416666666667,60,"ok",TRUE
"MOD-00548","2026-08-05 12:00:00",7.28533333333333,5.86855683333334,16.9823333333333,6.06466666666667,16.0253333333333,0.0054343152,610.9755,4.8685,52.105,28.755,60,"ok",TRUE
"MOD-00548","2026-08-05 13:00:00",8.5975,6.63971591666667,23.7103333333333,7.04033333333333,18.0998333333333,0.0074581974,595.618166666667,4.89333333333333,54.4116666666667,28.9533333333333,60,"ok",TRUE
"MOD-00548","2026-08-05 14:00:00",9.4865,6.53394401666666,19.9488333333333,8.04283333333333,15.9753333333333,0.0053855352,576.6475,5.71766666666667,47.4816666666667,31.8933333333333,60,"ok",TRUE
"MOD-00548","2026-08-05 15:00:00",8.62666666666667,5.97059840000001,18.4283333333333,7.04733333333333,19.631,0.00895200359999999,474.813,6.04516666666667,35.4416666666667,37.64,60,"ok",TRUE
"MOD-00548","2026-08-05 16:00:00",8.15133333333334,5.55930996666667,16.9931666666667,6.60466666666666,31.7161666666667,0.0207422922,366.9255,5.954,31.3516666666667,39.9866666666667,60,"ok",TRUE
"MOD-00548","2026-08-05 17:00:00",7.59216666666667,5.14335185,14.4935,6.17133333333333,35.091,0.0240347796,391.793666666667,6.31433333333333,29.83,40.8316666666667,60,"ok",TRUE
"MOD-00548","2026-08-05 18:00:00",7.79816666666667,4.75678501666666,17.0871666666667,6.52283333333334,37.232,0.0261235392,400.252833333333,6.65983333333333,27.9583333333333,41.945,60,"ok",TRUE
"MOD-00548","2026-08-05 19:00:00",7.62633333333333,4.69319653333333,15.2523333333333,6.39533333333334,37.9108333333333,0.026785809,433.43,7.10083333333333,27.425,41.8516666666667,60,"ok",TRUE
"MOD-00548","2026-08-05 20:00:00",7.0735,4.73399098333334,14.2566666666667,5.74683333333333,37.8866666666667,0.026762232,452.348666666667,7.28466666666667,26.5233333333333,41.8083333333333,60,"ok",TRUE
"MOD-00548","2026-08-05 21:00:00",7.27186440677966,4.48549437288136,12.3193220338983,6.06271186440678,38.5633898305085,0.0274224431186441,448.629491525424,7.16338983050848,24.7,43.2372881355932,59,"ok",TRUE
"MOD-00548","2026-08-05 22:00:00",7.38083333333333,4.55306191666667,14.586,6.06516666666667,40.5276666666667,0.0293387916,420.759666666667,7.23433333333333,22.9433333333333,44.135,60,"ok",TRUE
"MOD-00548","2026-08-05 23:00:00",7.27366666666667,4.80512406666665,16.7741666666667,5.8005,41.1293333333333,0.0299257776,472.7045,8.11416666666667,23.0116666666667,43.5816666666667,60,"ok",TRUE
"MOD-00548","2026-08-06 00:00:00",7.23416666666667,5.14166801666667,14.7358333333333,5.70433333333333,41.248,0.0300415488,543.3455,9.02766666666666,24.4033333333333,41.9166666666667,60,"ok",TRUE
"MOD-00548","2026-08-06 01:00:00",7.39733333333333,5.8036349,16.6355,5.635,41.1105,0.0299074038,600.952,10.447,26.4983333333333,39.6966666666667,60,"ok",TRUE
"MOD-00548","2026-08-06 02:00:00",7.14883333333333,6.16026001666667,19.3988333333333,5.27416666666667,39.3103333333333,0.0281511612,650.589,9.7045,30.3383333333333,36.8183333333333,60,"ok",TRUE
"MOD-00548","2026-08-06 03:00:00",6.679,5.60570533333333,19.0563333333333,5.0885,36.5775,0.025485009,659.221166666667,7.89833333333334,32.085,35.9366666666667,60,"ok",TRUE
"MOD-00548","2026-08-06 04:00:00",7.87933333333334,7.36640776497176,19.6132203389831,5.539,35.3425,0.024280143,649.450333333333,7.83983333333333,33.5716666666667,35.3033333333333,60,"ok",TRUE
"MOD-00548","2026-08-06 05:00:00",12.599,13.6863953122807,50.2908771929825,7.3345,40.1911666666667,0.0290105022,649.820833333333,16.077,48.4016666666667,29.98,60,"ok",TRUE
"MOD-00548","2026-08-06 06:00:00",5.7725,5.58866101666666,8.54083333333333,4.781,34.824,0.0237742944,715.722833333333,38.755,74.0066666666667,23.975,60,"ok",TRUE
"MOD-00548","2026-08-06 07:00:00",4.05383333333333,4.27970551666667,5.6335,3.598,23.2775,0.012509529,692.2035,15.5535,76.9716666666667,22.8933333333333,60,"ok",TRUE
"MOD-00548","2026-08-06 08:00:00",3.539,4.05364266666666,5.14733333333333,3.082,18.6735,0.00801786660000001,658.550333333333,9.68433333333333,77.335,23.525,60,"ok",TRUE
"MOD-00548","2026-08-06 09:00:00",3.4045,3.87448745,4.97333333333333,3.0135,16.0448333333333,0.0054533394,601.008333333333,6.4575,73.8533333333333,24.0133333333333,60,"ok",TRUE
"MOD-00548","2026-08-06 10:00:00",3.53416666666667,3.69066185,4.66416666666666,3.3035,18.2823333333333,0.0076362444,532.609833333333,5.617,65.0983333333333,24.31,60,"ok",TRUE
"MOD-00548","2026-08-06 11:00:00",4.11933333333334,3.88033186666667,5.17216666666667,3.85033333333333,19.855,0.009170538,523.949166666667,5.6575,65.0833333333333,24.6983333333334,60,"ok",TRUE
"MOD-00548","2026-08-06 12:00:00",4.30483333333333,4.01654978333334,6.44166666666667,3.9775,18.9896666666667,0.0083263188,535.270333333333,5.5755,64.27,24.6816666666667,60,"ok",TRUE
"MOD-00548","2026-08-06 13:00:00",4.657,4.0625784,6.61866666666667,4.33083333333333,15.1645,0.0045944862,572.1895,5.49233333333333,63.885,25.18,60,"ok",TRUE
"MOD-00548","2026-08-06 14:00:00",4.5225,3.75844061666666,7.0965,4.21516666666667,20.0158333333333,0.009327447,548.438166666667,5.27083333333333,52.4066666666667,27.8933333333333,60,"ok",TRUE
"MOD-00548","2026-08-06 15:00:00",6.30716666666667,3.73816028333334,8.57716666666667,5.9885,21.189,0.0104719884,497.673166666666,5.90766666666667,38.87,33.5733333333333,60,"ok",TRUE
"MOD-00548","2026-08-06 16:00:00",4.988,2.93507353333334,8.147,4.56083333333333,31.1406666666667,0.0201808344,308.430666666667,6.71816666666667,27.4516666666667,39.4016666666667,60,"ok",TRUE
"MOD-00548","2026-08-06 17:00:00",5.80233333333333,2.98085596666667,8.0295,5.35133333333333,38.2011666666667,0.0270690582,294.269666666667,6.4685,24.2683333333333,41.7516666666667,60,"ok",TRUE
"MOD-00548","2026-08-06 18:00:00",5.602,2.9052304,7.50566666666667,5.22366666666667,45.714,0.0343985784,377.321,9.19116666666667,24.0983333333333,40.9333333333334,60,"ok",TRUE
"MOD-00548","2026-08-06 19:00:00",5.0205,2.61334378333333,6.30016666666667,4.72316666666667,46.2976666666667,0.0349680036,413.9565,10.957,23.9783333333333,40.9416666666667,60,"ok",TRUE
"MOD-00548","2026-08-06 20:00:00",5.14423728813559,2.62829093220339,6.9628813559322,4.78694915254238,47.0206779661017,0.0356733734237288,447.349830508474,12.2177966101695,23.6372881355932,41.8847457627119,59,"ok",TRUE
"MOD-00548","2026-08-06 21:00:00",4.68383333333333,2.28630401666667,6.86166666666667,4.35366666666667,47.3401666666667,0.0359850666,427.720833333333,12.2405,20.57,43.3866666666667,60,"ok",TRUE
"MOD-00548","2026-08-06 22:00:00",4.36583333333333,2.17708418333333,5.76516666666667,4.02366666666667,49.4078333333333,0.0380022822,421.501666666667,15.4021666666667,19.7833333333333,43.9633333333333,60,"ok",TRUE
"MOD-00548","2026-08-06 23:00:00",4.492,2.34886856666667,7.07666666666667,4.05716666666667,47.8135,0.0364468506,456.043666666667,15.4063333333333,19.395,43.96,60,"ok",TRUE
"MOD-00548","2026-08-07 00:00:00",5.33883333333333,4.48309178333333,16.4281666666667,3.80116666666667,45.7401666666667,0.0344241066,538.413833333333,14.4338333333333,21.4983333333333,42.4133333333333,60,"ok",TRUE
"MOD-00548","2026-08-07 01:00:00",5.8695,5.88832251666667,19.5851666666667,3.74933333333333,43.9801666666667,0.0327070506,625.012333333333,14.9785,25.2716666666667,39.7316666666667,60,"ok",TRUE
"MOD-00548","2026-08-07 02:00:00",4.53133333333333,3.3422209,7.73433333333333,4.01433333333333,43.8241666666667,0.032554857,706.9505,18.1181666666667,32.5333333333333,35.8883333333333,60,"ok",TRUE
"MOD-00548","2026-08-07 03:00:00",6.78166666666667,4.03186103333334,8.916,6.37216666666667,39.9495,0.0287747322,719.573333333333,14.989,36.8833333333333,33.7983333333333,60,"ok",TRUE
"MOD-00548","2026-08-07 04:00:00",6.906,4.1087579,8.77466666666667,6.549,36.872,0.0257723232,671.824666666667,9.98566666666667,38.9533333333333,32.5816666666667,60,"ok",TRUE
"MOD-00548","2026-08-07 05:00:00",5.02083333333333,3.62844315,6.53316666666667,4.68466666666667,33.4626666666667,0.0224461776,645.126166666667,7.158,40.3433333333333,31.79,60,"ok",TRUE
"MOD-00548","2026-08-07 06:00:00",5.655,3.92431346666667,8.41266666666666,5.28066666666667,29.4686666666667,0.0185496312,635.229333333333,6.44116666666666,43.7716666666667,30.825,60,"ok",TRUE
"MOD-00548","2026-08-07 07:00:00",6.25633333333333,4.2845594,8.2245,5.8545,25.6335,0.0148080426,646.868666666667,5.86766666666667,48.2283333333333,29.4916666666667,60,"ok",TRUE
"MOD-00548","2026-08-07 08:00:00",5.83316666666667,4.17344165,7.75883333333333,5.465,23.0088333333333,0.0122474178,619.772333333333,5.37983333333333,50.1266666666667,28.7766666666667,60,"ok",TRUE
"MOD-00548","2026-08-07 09:00:00",6.39416666666667,4.51456881666667,10.2746666666667,5.91116666666667,20.8995,0.0101895522,609.237333333333,5.51716666666667,53.2133333333333,28.2533333333333,60,"ok",TRUE
"MOD-00548","2026-08-07 10:00:00",6.77716666666667,4.52510601666666,10.2343333333333,6.37966666666667,20.1228333333333,0.0094318362,595.131666666667,5.34066666666666,55.1116666666667,27.75,60,"ok",TRUE
"MOD-00548","2026-08-07 11:00:00",5.92133333333333,4.3161019,9.8085,5.5085,18.8236666666667,0.0081643692,572.7585,4.957,54.765,27.6216666666667,60,"ok",TRUE
"MOD-00548","2026-08-07 12:00:00",6.16533333333333,4.49168436666667,11.7875,5.66933333333333,15.6438333333333,0.0050621238,590.566666666666,5.30916666666667,57.5816666666667,27.3266666666667,60,"ok",TRUE
"MOD-00548","2026-08-07 13:00:00",6.07916666666667,4.58149148333333,11.9518333333333,5.505,16.3525,0.005753499,610.762833333333,5.2735,57.5766666666667,27.475,60,"ok",TRUE
"MOD-00548","2026-08-07 14:00:00",5.87466666666666,4.21381076666666,10.1556666666667,5.35266666666667,17.8726666666667,0.0072365736,560.0155,5.59233333333333,47.245,30.4783333333333,60,"ok",TRUE
"MOD-00548","2026-08-07 15:00:00",5.86283333333333,3.85031961666666,11.5,5.30683333333333,27.1771666666667,0.0163140438,431.1925,5.72666666666667,36.16,34.5266666666667,60,"ok",TRUE
"MOD-00548","2026-08-07 16:00:00",5.17483333333333,3.27549761666667,9.36783333333334,4.56866666666667,32.539,0.0215450484,344.145666666667,6.04816666666667,28.1766666666667,39.3633333333333,60,"ok",TRUE
"MOD-00548","2026-08-07 17:00:00",5.39966101694915,2.86023911864407,9.90915254237288,4.86322033898305,39.9152542372881,0.0287413220338983,258.942372881356,6.24762711864407,23.3762711864407,42.5898305084746,59,"ok",TRUE
"MOD-00548","2026-08-07 18:00:00",6.37416666666667,3.32682235,14.1471666666667,5.69483333333333,45.3635,0.0340566306,368.720833333333,8.9805,23.4316666666667,42.3583333333333,60,"ok",TRUE
"MOD-00548","2026-08-07 19:00:00",6.41266666666667,3.54330973333334,12.7175,5.631,45.8673333333333,0.0345481704,419.578333333333,10.3605,22.6316666666667,42.5816666666667,60,"ok",TRUE
"MOD-00548","2026-08-07 20:00:00",5.98416666666667,3.18390748333334,10.107,5.27766666666667,46.8258333333333,0.035483283,393.280666666667,10.977,20.34,44.1283333333333,60,"ok",TRUE
"MOD-00548","2026-08-07 21:00:00",5.90898305084746,3.10990652542373,11.854406779661,5.15627118644068,47.9749152542373,0.0366043273220339,416.668305084746,13.0627118644068,19.306779661017,44.8932203389831,59,"ok",TRUE
"MOD-00548","2026-08-07 22:00:00",5.72133333333333,2.9454117,10.3373333333333,4.95866666666667,47.1573333333333,0.0358066944,402.356666666667,12.4976666666667,17.9466666666667,46.3716666666666,60,"ok",TRUE
"MOD-00548","2026-08-07 23:00:00",5.90833333333334,3.36243246666667,12.0643333333333,4.94566666666667,48.1208333333333,0.036746685,457.942,14.5188333333333,18.16,45.9383333333333,60,"ok",TRUE
"MOD-00548","2026-08-08 00:00:00",6.1075,3.84721171666666,13.8746666666667,5.07433333333333,46.3731666666667,0.0350416614,602.5235,16.7196666666667,20.5966666666667,42.8866666666667,60,"ok",TRUE
"MOD-00548","2026-08-08 01:00:00",6.05933333333333,4.59074999999999,15.2073333333333,4.781,44.065,0.032789814,689.752666666667,15.508,24.4483333333333,39.63,60,"ok",TRUE
"MOD-00548","2026-08-08 02:00:00",6.02116666666667,4.77605421666667,14.4873333333333,4.776,40.8336666666667,0.0296373252,695.6235,12.1833333333333,26.3433333333333,37.5433333333333,60,"ok",TRUE
"MOD-00548","2026-08-08 03:00:00",6.056,4.66454203333333,13.1168333333333,4.98083333333334,39.0248333333333,0.0278726274,689.3075,10.874,27.3983333333333,36.295,60,"ok",TRUE
"MOD-00548","2026-08-08 04:00:00",12.882,10.8087365316384,84.623220338983,8.54366666666667,40.8648333333333,0.0296677314,645.796833333334,9.61066666666667,30.8866666666667,34.145,60,"ok",TRUE
"MOD-00548","2026-08-08 05:00:00",10.1638333333333,5.62359428333333,19.2471666666667,9.46516666666667,40.6655,0.0294732618,620.5945,9.0625,30.7516666666667,31.7533333333333,60,"ok",TRUE
"MOD-00548","2026-08-08 06:00:00",10.0583333333333,5.08549283333334,13.3375,9.73833333333333,39.0391666666667,0.027886611,558.356,7.8935,27.3816666666667,32.0183333333333,60,"ok",TRUE
"MOD-00548","2026-08-08 07:00:00",28.7185416666667,10.3336566875,30.1995833333333,28.428125,39.2126666666667,0.0280558776,520.976833333333,8.17716666666667,24.9933333333333,32.6716666666667,60,"ok",TRUE
"MOD-00548","2026-08-08 08:00:00",31.925,12.6515633965517,41.5505172413793,30.7006896551724,40.4333333333333,0.02924676,548.992833333333,8.87133333333333,27.2916666666667,32.71,60,"ok",TRUE
"MOD-00548","2026-08-08 09:00:00",16.6903333333333,15.7385299333333,41.9823333333333,11.1123333333333,42.5745,0.0313356822,629.8225,13.4441666666667,35.7633333333333,31.2416666666667,60,"ok",TRUE
"MOD-00548","2026-08-08 10:00:00",16.4051666666667,16.29305715,31.9393333333333,10.732,38.4966666666667,0.027357348,659.561,10.9633333333333,41.1483333333333,29.2666666666667,60,"ok",TRUE
"MOD-00548","2026-08-08 11:00:00",12.3993333333333,10.9685279666667,22.3175,9.205,34.8636666666667,0.0238129932,633.5305,8.43083333333333,41.915,28.5533333333333,60,"ok",TRUE
"MOD-00548","2026-08-08 12:00:00",10.1823333333333,8.30294063333333,15.2706666666667,8.22,32.6208333333333,0.021624885,603.561333333333,7.101,40.7466666666667,28.4366666666667,60,"ok",TRUE
"MOD-00548","2026-08-08 13:00:00",8.67683333333333,6.32015415,13.9046666666667,7.56983333333333,31.4638333333333,0.0204961158,591.612333333333,6.383,39.83,28.7066666666667,60,"ok",TRUE
"MOD-00548","2026-08-08 14:00:00",7.77216666666667,5.14316905,10.54,7.054,30.656,0.0197079936,555.740166666667,6.014,34.47,31.5733333333333,60,"ok",TRUE
"MOD-00548","2026-08-08 15:00:00",9.62716666666666,5.47931215,14.0873333333333,8.79816666666666,35.7111666666667,0.0246398142,485.561666666667,6.56533333333333,29.205,34.7983333333333,60,"ok",TRUE
"MOD-00548","2026-08-08 16:00:00",8.145,4.46452279999999,11.5196666666667,7.4485,37.8983333333333,0.026773614,420.5715,6.7555,24.4483333333333,38.3666666666667,60,"ok",TRUE
"MOD-00548","2026-08-08 17:00:00",7.82864406779661,3.74586503389831,9.89203389830509,7.22677966101695,42.0715254237288,0.0308449802033899,275.870169491525,6.4364406779661,18.2135593220339,42.9525423728814,59,"ok",TRUE
"MOD-00548","2026-08-08 18:00:00",8.85125,3.5743515625,10.20625,8.418125,47.128125,0.03577819875,235.0615625,8.05875,16.265625,44.596875,32,"ok",FALSE
"MOD-00549","2026-07-30 00:00:00",3.28283333333333,3.65843766666667,6.44533333333333,2.897,40.2491666666667,NA,611.342833333333,12.2256666666667,19.5483333333333,44.325,60,"ok",TRUE
"MOD-00549","2026-07-30 01:00:00",3.18610169491525,3.63429,6.69779661016949,2.79186440677966,39.6925423728813,NA,597.648644067797,11.2515254237288,19.9610169491525,43.8271186440678,59,"ok",TRUE
"MOD-00549","2026-07-30 02:00:00",3.17016666666667,3.91083200000001,5.51566666666667,2.75066666666667,37.2298333333333,NA,604.108333333333,9.5665,20.955,40.9966666666667,60,"ok",TRUE
"MOD-00549","2026-07-30 03:00:00",3.41933333333333,4.41154816666666,6.6105,2.87983333333333,34.4638333333333,NA,630.508666666667,8.67833333333333,23.0266666666667,38.33,60,"ok",TRUE
"MOD-00549","2026-07-30 04:00:00",4.6335,5.4595465,8.60216666666667,3.9875,30.9448333333333,NA,660.315333333334,8.33216666666667,25.97,36.205,60,"ok",TRUE
"MOD-00549","2026-07-30 05:00:00",4.386,5.3264925,8.1675,3.75116666666667,31.5905,NA,638.015666666666,7.80633333333333,26.8766666666667,35.61,60,"ok",TRUE
"MOD-00549","2026-07-30 06:00:00",4.37733333333333,5.26673483333334,8.54383333333333,3.781,31.4088333333333,NA,578.529333333333,7.68533333333333,25.7683333333333,35.6483333333333,60,"ok",TRUE
"MOD-00549","2026-07-30 07:00:00",5.12166666666667,5.70211983333333,7.75883333333333,4.65166666666667,29.1996666666667,NA,575.409833333333,7.46333333333333,26.415,34.3733333333333,60,"ok",TRUE
"MOD-00549","2026-07-30 08:00:00",4.723,5.58313083333333,7.6575,4.191,30.3996666666667,NA,568.860833333333,7.39333333333333,26.73,33.6316666666667,60,"ok",TRUE
"MOD-00549","2026-07-30 09:00:00",4.655,5.58628966666667,7.40433333333333,4.12316666666667,30.631,NA,571.4955,7.1545,27.5583333333333,32.9866666666667,60,"ok",TRUE
"MOD-00549","2026-07-30 10:00:00",4.66433333333333,5.61666666666667,7.99666666666667,4.12983333333333,28.2331666666667,NA,570.575333333334,7.05283333333333,28.5083333333333,32.3933333333333,60,"ok",TRUE
"MOD-00549","2026-07-30 11:00:00",4.86566666666667,6.01375366666666,10.5256666666667,4.12016666666667,23.7115,NA,601.852833333333,6.56483333333333,31.995,31.49,60,"ok",TRUE
"MOD-00549","2026-07-30 12:00:00",5.48816666666667,6.8012495,15.1798333333333,4.40566666666667,19.1321666666667,NA,615.262833333334,5.68733333333333,34.805,30.8716666666667,60,"ok",TRUE
"MOD-00549","2026-07-30 13:00:00",6.03583333333333,7.72435133333334,26.3976666666667,4.34583333333333,12.1353333333333,NA,625.88,5.6495,35.0133333333333,30.9566666666667,60,"ok",TRUE
"MOD-00549","2026-07-30 14:00:00",6.06416666666667,7.55924816666667,20.9338333333333,4.46016666666667,14.9721666666667,NA,601.762333333333,6.55133333333333,31.6866666666667,34.0283333333333,60,"ok",TRUE
"MOD-00549","2026-07-30 15:00:00",5.09816666666667,5.91705716666667,12.4351666666667,4.14433333333333,28.3296666666667,NA,425.987166666667,7.36216666666667,23.49,38.9216666666667,60,"ok",TRUE
"MOD-00549","2026-07-30 16:00:00",4.41516666666667,4.639617,7.24566666666667,3.91033333333333,34.9751666666667,NA,289.461833333333,11.9286666666667,17.56,43.7383333333333,60,"ok",TRUE
"MOD-00549","2026-07-30 17:00:00",4.18416666666667,4.38969216666667,6.0485,3.6925,37.5733333333334,NA,303.094166666667,16.138,15.51,45.3883333333333,60,"ok",TRUE
"MOD-00549","2026-07-30 18:00:00",3.94932203389831,4.00522627118644,6.51440677966102,3.50864406779661,39.8623728813559,NA,331.426949152542,14.228813559322,14.4423728813559,47.2847457627119,59,"ok",TRUE
"MOD-00549","2026-07-30 19:00:00",3.75933333333333,3.90886583333333,5.6725,3.28516666666667,40.3626666666667,NA,424.293333333333,15.5708333333333,15.1283333333333,47.66,60,"ok",TRUE
"MOD-00549","2026-07-30 20:00:00",3.723,3.7580215,6.77383333333333,3.31833333333333,40.4275,NA,482.049833333333,16.2243333333333,14.685,47.6983333333333,60,"ok",TRUE
"MOD-00549","2026-07-30 21:00:00",3.40977777777778,3.57536833333333,5.96444444444444,2.93466666666667,42.3045,NA,476.534166666667,16.5518333333333,13.8116666666667,49,60,"ok",TRUE
"MOD-00549","2026-07-30 22:00:00",NA,NA,NA,NA,42.4116666666667,NA,551.795166666667,16.4285,14.3833333333333,48.55,60,"thermal_cutoff",TRUE
"MOD-00549","2026-07-30 23:00:00",NA,NA,NA,NA,42.3806666666667,NA,566.436833333334,16.5948333333333,14.53,47.7033333333333,60,"thermal_cutoff",TRUE
"MOD-00549","2026-07-31 00:00:00",3.54839285714286,3.78766520581114,8.31821428571429,3.09625,41.3269491525424,NA,582.506610169492,16.7708474576271,14.828813559322,46.206779661017,59,"ok",TRUE
"MOD-00549","2026-07-31 01:00:00",3.78183333333333,4.17192183333333,11.1628333333333,3.22333333333333,39.5111666666667,NA,622.511,15.2051666666667,16.1716666666667,44.1333333333333,60,"ok",TRUE
"MOD-00549","2026-07-31 02:00:00",3.855,4.78238666666667,9.97333333333333,3.1025,36.1031666666667,NA,663.045333333333,11.1571666666667,18.1983333333333,40.74,60,"ok",TRUE
"MOD-00549","2026-07-31 03:00:00",4.52116666666667,5.41329083333334,17.3475,3.63966666666667,33.0051666666667,NA,694.962666666667,8.70033333333333,21.1566666666667,37.8416666666667,60,"ok",TRUE
"MOD-00549","2026-07-31 04:00:00",4.95983333333333,6.00199033333333,18.144,3.9565,26.6208333333333,NA,718.411833333333,8.15383333333333,24.42,35.5916666666667,60,"ok",TRUE
"MOD-00549","2026-07-31 05:00:00",3.88683333333333,5.08726133333333,9.08433333333333,3.2505,26.6215,NA,665.601166666666,7.59683333333333,25.12,34.4516666666667,60,"ok",TRUE
"MOD-00549","2026-07-31 06:00:00",3.99,5.2018105,9.99016666666666,3.35933333333333,26.3501666666667,NA,623.480833333334,7.31083333333333,24.8083333333333,33.55,60,"ok",TRUE
"MOD-00549","2026-07-31 07:00:00",3.96183333333334,5.14276916666667,11.8808333333333,3.27666666666667,28.4191666666667,NA,584.216833333333,7.515,24.195,34.465,60,"ok",TRUE
"MOD-00549","2026-07-31 08:00:00",6.5685,9.04275033333334,41.364,3.74733333333333,34.6846666666667,NA,650.950666666667,7.69616666666667,30.1316666666667,34.8033333333333,60,"ok",TRUE
"MOD-00549","2026-07-31 09:00:00",3.772,5.09002166666667,10.845,3.01233333333333,33.3586666666667,NA,694.551333333333,6.2755,35.8166666666667,33.355,60,"ok",TRUE
"MOD-00549","2026-07-31 10:00:00",3.649,4.8848045,8.3715,3.076,28.8466666666667,NA,671.436166666667,5.66566666666667,38.635,31.965,60,"ok",TRUE
"MOD-00549","2026-07-31 11:00:00",3.66016666666667,4.9643055,11.1851666666667,3.02266666666667,25.5635,NA,653.655,5.70433333333334,41.2216666666667,30.875,60,"ok",TRUE
"MOD-00549","2026-07-31 12:00:00",3.89416666666667,5.23936683333333,12.1245,3.18733333333333,19.2145,NA,632.7125,5.64066666666666,42.9816666666667,30.0533333333333,60,"ok",TRUE
"MOD-00549","2026-07-31 13:00:00",5.15016666666667,7.01368666666667,24.0133333333333,3.53133333333333,18.3785,NA,653.602,5.57616666666667,42.3666666666667,30.765,60,"ok",TRUE
"MOD-00549","2026-07-31 14:00:00",3.9765,5.16686766666667,11.8553333333333,3.083,27.027,NA,525.8075,6.66183333333333,31.2016666666667,36.8216666666667,60,"ok",TRUE
"MOD-00549","2026-07-31 15:00:00",3.9265,4.83224383333333,12.5285,3.04283333333333,34.9211666666667,NA,354.266,7.9255,24.3416666666667,41.1883333333334,60,"ok",TRUE
"MOD-00549","2026-07-31 16:00:00",4.13709090909091,4.632772,8.55854545454545,3.42436363636364,39.0754545454545,NA,304.028363636364,11.3034545454545,19.7,44.4036363636364,55,"ok",TRUE
"MOD-00549","2026-07-31 17:00:00",3.99216666666667,4.44032233333334,10.603,3.31966666666667,39.9193333333333,NA,265.229166666667,16.4801666666667,15.7266666666667,44.8216666666666,60,"ok",TRUE
"MOD-00549","2026-07-31 18:00:00",4.27483333333333,5.03016683333334,14.8495,3.2415,40.5858333333333,NA,393.818833333333,17.144,16.2883333333333,44.7433333333333,60,"ok",TRUE
"MOD-00549","2026-07-31 19:00:00",4.53866666666667,5.22130216666667,12.9435,3.49866666666667,42.5258333333333,NA,434.340333333333,16.9223333333333,15.67,45.41,60,"ok",TRUE
"MOD-00549","2026-07-31 20:00:00",4.55864406779661,5.09847983050848,16.2232203389831,3.4993220338983,44.8672881355932,NA,434.728813559322,14.8081355932203,14.4254237288136,46.5254237288135,59,"ok",TRUE
"MOD-00549","2026-07-31 21:00:00",4.84733333333333,5.38787733333333,13.5896666666667,3.69116666666667,47.4763333333333,NA,432.08,14.5425,13.2333333333333,48.1,60,"ok",TRUE
"MOD-00549","2026-07-31 22:00:00",4.66555555555556,5.19540111111111,13.0311111111111,3.52777777777778,50.0288333333333,NA,445.609,15.9656666666667,12.3833333333333,48.96,60,"ok",TRUE
"MOD-00549","2026-07-31 23:00:00",NA,NA,NA,NA,50.117,NA,515.536833333333,16.0518333333333,12.4716666666667,48.1766666666667,60,"thermal_cutoff",TRUE
"MOD-00549","2026-08-01 00:00:00",4.65611111111111,5.16120425925926,14.3175925925926,3.63259259259259,45.5558333333333,NA,587.272666666667,16.1168333333333,13.5,46.7066666666667,60,"ok",TRUE
"MOD-00549","2026-08-01 01:00:00",4.34728813559322,4.9442572881356,14.4976271186441,3.43542372881356,42.755593220339,NA,626.400847457627,16.7818644067797,14.7118644067797,44.6305084745763,59,"ok",TRUE
"MOD-00549","2026-08-01 02:00:00",5.25683333333333,5.91430383333333,14.7218333333333,4.26,38.2611666666667,NA,690.572666666667,12.4438333333333,17.3733333333333,41.2183333333333,60,"ok",TRUE
"MOD-00549","2026-08-01 03:00:00",5.10416666666667,6.16521783333333,17.8098333333333,3.94333333333333,33.3521666666667,NA,726.108666666667,8.8595,20.68,38.23,60,"ok",TRUE
"MOD-00549","2026-08-01 04:00:00",5.17883333333334,6.88375983333334,18.3855,3.62766666666667,31.8438333333333,NA,721.086,8.02533333333333,22.5083333333333,36.405,60,"ok",TRUE
"MOD-00549","2026-08-01 05:00:00",4.8195,6.380491,17.3636666666667,3.54333333333334,26.8945,NA,682.229166666667,7.8745,24.1933333333333,34.88,60,"ok",TRUE
"MOD-00549","2026-08-01 06:00:00",5.1915,7.03999433333334,24.912,3.56983333333333,19.46,NA,698.9535,7.2365,27.42,32.905,60,"ok",TRUE
"MOD-00549","2026-08-01 07:00:00",6.63166666666667,9.04310383333333,27.3118333333333,4.28833333333333,15.4313333333333,NA,692.492333333333,6.84316666666667,29.4533333333333,31.7166666666667,60,"ok",TRUE
"MOD-00549","2026-08-01 08:00:00",5.19916666666667,7.19285916666666,17.5658333333333,3.70016666666667,18.0245,NA,651.655666666667,6.65366666666667,29.395,31.07,60,"ok",TRUE
"MOD-00549","2026-08-01 09:00:00",4.737,6.49361066666667,13.3396666666667,3.6075,17.1156666666667,NA,639.668333333333,6.1595,31.8066666666667,30.3866666666667,60,"ok",TRUE
"MOD-00549","2026-08-01 10:00:00",4.90533333333333,6.19103216666667,11.4618333333333,4.09733333333333,15.2215,NA,656.146833333333,5.542,36.7816666666667,29.675,60,"ok",TRUE
"MOD-00549","2026-08-01 11:00:00",7.12633333333333,7.68505433333333,15.282,6.24916666666667,12.0121666666667,NA,654.625833333333,5.59866666666667,39.0466666666666,29.1916666666667,60,"ok",TRUE
"MOD-00549","2026-08-01 12:00:00",5.33916666666667,6.93937383333333,15.2535,4.12633333333333,8.19666666666667,NA,613.6365,5.51516666666667,37.1183333333333,29.8516666666667,60,"ok",TRUE
"MOD-00549","2026-08-01 13:00:00",5.53916666666667,7.094263,20.2026666666667,4.208,8.83616666666667,NA,612.3765,5.5345,37.8916666666667,29.9083333333333,60,"ok",TRUE
"MOD-00549","2026-08-01 14:00:00",4.59966666666667,5.76508716666666,12.2651666666667,3.74216666666667,17.937,NA,600.853333333333,6.05383333333333,35.1983333333333,33.2216666666667,60,"ok",TRUE
"MOD-00549","2026-08-01 15:00:00",4.4255,5.3042495,11.4931666666667,3.57633333333333,27.3286666666667,NA,445.9305,7.18283333333333,26.5616666666667,38.8966666666667,60,"ok",TRUE
"MOD-00549","2026-08-01 16:00:00",4.45766666666667,4.96838966666667,10.686,3.69733333333333,35.3906666666667,NA,327.502666666667,9.733,20.445,42.9416666666667,60,"ok",TRUE
"MOD-00549","2026-08-01 17:00:00",4.34283333333333,4.55156516666666,10.5045,3.68183333333333,40.0873333333333,NA,260.154666666667,15.129,16.7283333333333,46.0033333333333,60,"ok",TRUE
"MOD-00549","2026-08-01 18:00:00",4.21651162790698,4.5545002798581,11.1751162790698,3.37348837209302,44.3425423728813,NA,248.823559322034,13.1845762711864,14.4559322033898,48.2491525423729,59,"ok",TRUE
"MOD-00549","2026-08-01 19:00:00",NA,NA,NA,NA,42.4405,NA,399.831166666667,14.4836666666667,14.555,47.6616666666666,60,"thermal_cutoff",TRUE
"MOD-00549","2026-08-01 20:00:00",NA,NA,NA,NA,45.2033333333333,NA,376.002166666667,16.4515,13.0433333333333,50.06,60,"thermal_cutoff",TRUE
"MOD-00549","2026-08-01 21:00:00",NA,NA,NA,NA,47.0413333333333,NA,362.216333333333,16.6081666666667,11.6883333333333,51.035,60,"thermal_cutoff",TRUE
"MOD-00549","2026-08-01 22:00:00",NA,NA,NA,NA,45.211,NA,499.209,16.64,11.8166666666667,49.9216666666666,60,"thermal_cutoff",TRUE
"MOD-00549","2026-08-01 23:00:00",NA,NA,NA,NA,44.9481666666667,NA,539.062166666667,16.748,11.7516666666667,48.8183333333333,60,"thermal_cutoff",TRUE
"MOD-00549","2026-08-02 00:00:00",4.48617647058823,4.56439990196078,9.80470588235294,3.86764705882353,43.8141666666667,NA,616.785333333333,16.5758333333333,12.8983333333333,47.115,60,"ok",TRUE
"MOD-00549","2026-08-02 01:00:00",4.05966666666667,4.44637066666667,10.763,3.41933333333333,41.7825,NA,619.196,16.7893333333333,13.4083333333333,45.0533333333333,60,"ok",TRUE
"MOD-00549","2026-08-02 02:00:00",4.94383333333333,5.48745866666667,18.299,4.03233333333333,36.4023333333333,NA,677.889166666667,14.1736666666667,15.725,41.4616666666667,60,"ok",TRUE
"MOD-00549","2026-08-02 03:00:00",5.50733333333333,6.34840366666666,13.2623333333333,4.50466666666667,33.0086666666667,NA,735.388333333333,9.2135,18.72,38.34,60,"ok",TRUE
"MOD-00549","2026-08-02 04:00:00",4.99033333333333,6.40487783333333,13.9148333333333,3.80416666666667,26.5785,NA,730.494,8.3925,21.2466666666667,36.0116666666667,60,"ok",TRUE
"MOD-00549","2026-08-02 05:00:00",4.99366666666667,6.8300485,16.3028333333333,3.53783333333333,25.9018333333333,NA,697.566166666667,7.62433333333334,22.4366666666667,34.5816666666667,60,"ok",TRUE
"MOD-00549","2026-08-02 06:00:00",6.63283333333333,9.08272483333333,30.0755,4.157,23.2021666666667,NA,680.691,7.624,23.0533333333333,33.6583333333333,60,"ok",TRUE
"MOD-00549","2026-08-02 07:00:00",5.02633333333334,6.72907283333334,15.5381666666667,3.73316666666667,24.2683333333333,NA,651.005333333333,7.48016666666667,23.9716666666667,33.2516666666667,60,"ok",TRUE
"MOD-00549","2026-08-02 08:00:00",4.73166666666667,6.53158283333334,17.4431666666667,3.411,22.9611666666667,NA,622.577333333334,7.42616666666667,24.8216666666667,32.97,60,"ok",TRUE
"MOD-00549","2026-08-02 09:00:00",4.47266666666667,6.1450835,15.3178333333333,3.34416666666667,21.7996666666667,NA,626.944666666667,7.34283333333333,25.92,32.7416666666667,60,"ok",TRUE
"MOD-00549","2026-08-02 10:00:00",4.45533333333333,5.86793883333333,12.5668333333333,3.58583333333333,20.5221666666667,NA,626.7385,7.0445,28.2683333333333,31.9966666666667,60,"ok",TRUE
"MOD-00549","2026-08-02 11:00:00",4.49166666666667,5.78013033333333,14.8823333333333,3.67233333333333,18.4138333333333,NA,677.081,6.13566666666667,33.0333333333333,30.9716666666666,60,"ok",TRUE
"MOD-00549","2026-08-02 12:00:00",4.72766666666667,6.057548,15.6643333333333,3.7805,17.8246666666667,NA,666.876833333333,6.04316666666667,33.75,31.375,60,"ok",TRUE
"MOD-00549","2026-08-02 13:00:00",4.38933333333333,5.62613216666666,12.7635,3.565,21.3848333333333,NA,643.991833333333,6.42433333333333,33.7066666666667,32.6916666666667,60,"ok",TRUE
"MOD-00549","2026-08-02 14:00:00",4.3405,5.29177083333333,11.2858333333333,3.5595,30.1145,NA,601.539666666667,7.50233333333333,30.77,36.5666666666667,60,"ok",TRUE
"MOD-00549","2026-08-02 15:00:00",4.60283333333333,5.2596965,10.7055,3.92316666666667,34.193,NA,579.935666666667,7.725,32.18,37.3016666666666,60,"ok",TRUE
"MOD-00549","2026-08-02 16:00:00",4.62866666666667,4.98304683333334,9.17783333333333,4.10883333333333,34.2228333333333,NA,541.940333333333,7.93733333333334,29.5866666666667,39.0133333333333,60,"ok",TRUE
"MOD-00549","2026-08-02 17:00:00",3.4605,4.12686266666667,6.48366666666667,3.01333333333333,35.976,NA,390.880833333333,8.19733333333333,23.235,40.5366666666667,60,"ok",TRUE
"MOD-00549","2026-08-02 18:00:00",3.553,3.8942095,7.52983333333333,3.1515,38.988,NA,349.048166666667,11.2793333333333,19.79,43.535,60,"ok",TRUE
"MOD-00549","2026-08-02 19:00:00",3.37983050847458,3.70865881355932,7.24050847457627,2.99779661016949,40.8845762711864,NA,334.313050847458,15.0542372881356,17.564406779661,44.4915254237288,59,"ok",TRUE
"MOD-00549","2026-08-02 20:00:00",3.434,3.58234466666666,5.311,3.08283333333333,43.824,NA,334.209666666667,15.4858333333333,15.3666666666667,46.92,60,"ok",TRUE
"MOD-00549","2026-08-02 21:00:00",3.47304347826087,3.56529724637681,6.15347826086956,3.04086956521739,46.4785,NA,311.388,14.6253333333333,13.1833333333333,48.9283333333333,60,"ok",TRUE
"MOD-00549","2026-08-02 22:00:00",NA,NA,NA,NA,47.4266666666667,NA,373.593333333333,16.4071666666667,12.39,49.9366666666667,60,"thermal_cutoff",TRUE
"MOD-00549","2026-08-02 23:00:00",NA,NA,NA,NA,46.3503333333333,NA,492.8905,16.4823333333333,12.8083333333333,48.7866666666667,60,"thermal_cutoff",TRUE
"MOD-00549","2026-08-03 00:00:00",4.49607142857143,4.33156726190476,13.3767857142857,3.96392857142857,45.2113333333333,NA,571.792333333333,16.3231666666667,13.535,47.2516666666667,60,"ok",TRUE
"MOD-00549","2026-08-03 01:00:00",4.75203389830509,4.88544779661017,9.49898305084746,4.15016949152542,41.9191525423729,NA,635.15,16.4906779661017,14.9983050847458,44.8491525423729,59,"ok",TRUE
"MOD-00549","2026-08-03 02:00:00",5.263,5.52819033333333,12.9173333333333,4.56666666666667,37.5468333333333,NA,710.8015,11.5,18.2216666666667,41.1966666666667,60,"ok",TRUE
"MOD-00549","2026-08-03 03:00:00",7.16933333333334,7.86758483333334,25.4288333333333,5.639,32.124,NA,769.725833333333,8.64333333333333,21.8366666666667,38.095,60,"ok",TRUE
"MOD-00549","2026-08-03 04:00:00",6.52766666666667,7.47929366666667,17.3823333333333,5.21566666666667,30.3576666666667,NA,727.582,7.94783333333333,23.9033333333333,36.1016666666667,60,"ok",TRUE
"MOD-00549","2026-08-03 05:00:00",6.03866666666667,6.929535,14.0316666666667,4.98283333333333,30.7246666666667,NA,684.882333333333,7.82866666666666,25.0483333333333,35.265,60,"ok",TRUE
"MOD-00549","2026-08-03 06:00:00",6.28916666666666,7.35012316666667,19.7271666666667,5.02,23.8513333333333,NA,674.140166666666,7.30766666666667,27.0833333333333,33.705,60,"ok",TRUE
"MOD-00549","2026-08-03 07:00:00",6.54266666666667,7.88698433333333,24.7653333333333,4.95883333333333,20.8103333333333,NA,668.167833333333,6.97116666666667,28.3833333333333,32.8516666666667,60,"ok",TRUE
"MOD-00549","2026-08-03 08:00:00",5.63883333333333,7.36242783333333,17.8348333333333,4.128,21.1303333333333,NA,656.142833333333,6.90366666666667,30.4816666666667,32.54,60,"ok",TRUE
"MOD-00549","2026-08-03 09:00:00",4.83633333333333,6.51030583333334,15.0608333333333,3.566,19.8361666666667,NA,635.1395,6.86633333333333,31.0116666666667,33.01,60,"ok",TRUE
"MOD-00549","2026-08-03 10:00:00",4.42966666666666,5.92502666666666,14.8066666666667,3.36433333333333,17.6126666666667,NA,615.777833333333,7.015,31.78,33.2116666666667,60,"ok",TRUE
"MOD-00549","2026-08-03 11:00:00",3.76066666666667,5.301464,11.5613333333333,2.86333333333333,21.0566666666667,NA,605.7365,6.733,33.4433333333333,33.225,60,"ok",TRUE
"MOD-00549","2026-08-03 12:00:00",3.60983333333333,5.11093783333334,10.8848333333333,2.805,27.6988333333333,NA,575.894333333334,6.71283333333333,32.9116666666667,33.01,60,"ok",TRUE
"MOD-00549","2026-08-03 13:00:00",3.51333333333333,4.95782083333333,10.6758333333333,2.738,28.3838333333333,NA,577.812166666667,6.67166666666667,33.8883333333333,33.4883333333333,60,"ok",TRUE
"MOD-00549","2026-08-03 14:00:00",3.94516666666667,5.3311385,15.6345,2.96683333333333,26.0941666666667,NA,562.942333333333,7.02616666666667,32.3416666666667,34.6166666666667,60,"ok",TRUE
"MOD-00549","2026-08-03 15:00:00",3.64566666666667,4.83961566666667,9.55133333333334,2.86116666666667,29.6303333333333,NA,529.920333333334,7.4235,28.44,37.405,60,"ok",TRUE
"MOD-00549","2026-08-03 16:00:00",3.00633333333333,3.69436516666667,7.16283333333333,2.55133333333333,37.411,NA,269.227666666667,10.0928333333333,19.365,42.6266666666667,60,"ok",TRUE
"MOD-00549","2026-08-03 17:00:00",3.56932203389831,4.16108728813559,6.33813559322034,3.0535593220339,39.0813559322034,NA,349.89186440678,12.8179661016949,18.6169491525424,42.9847457627119,59,"ok",TRUE
"MOD-00549","2026-08-03 18:00:00",3.66316666666667,3.93051683333333,7.20783333333333,3.15633333333333,41.5535,NA,304.792,15.6078333333333,16.0283333333333,46.5316666666667,60,"ok",TRUE
"MOD-00549","2026-08-03 19:00:00",4.25833333333333,4.36745983333334,7.31883333333333,3.70033333333333,41.5968333333333,NA,360.169666666667,14.1963333333333,14.9883333333333,47.0866666666667,60,"ok",TRUE
"MOD-00549","2026-08-03 20:00:00",4.39966666666667,4.48751016666666,6.5345,3.85866666666667,41.3101666666667,NA,422.2505,13.9695,14.3316666666667,46.8433333333333,60,"ok",TRUE
"MOD-00549","2026-08-03 21:00:00",5.08627118644068,5.04068372881355,8.13525423728814,4.41389830508475,43.2137288135593,NA,465.926101694915,14.3449152542373,13.7016949152542,47.571186440678,59,"ok",TRUE
"MOD-00549","2026-08-03 22:00:00",5.897,5.43339883333334,11.8735,5.19733333333333,44.984,NA,462.069166666667,15.435,13.0266666666667,48.7583333333333,60,"ok",TRUE
"MOD-00549","2026-08-03 23:00:00",5.55466666666667,5.25003233333333,10.3013333333333,4.9055,42.5843333333333,NA,541.414333333333,15.9245,13.7166666666667,47.725,60,"ok",TRUE
"MOD-00549","2026-08-04 00:00:00",5.72050847457627,5.37849779661017,11.4557627118644,5.11745762711864,40.6538983050847,NA,605.813728813559,16.4216949152542,14.5949152542373,46.1898305084746,59,"ok",TRUE
"MOD-00549","2026-08-04 01:00:00",4.783,4.7645805,7.4685,4.31716666666667,41.4543333333333,NA,586.548666666667,16.7325,14.4883333333333,44.9533333333333,60,"ok",TRUE
"MOD-00549","2026-08-04 02:00:00",5.318,5.60746133333333,12.1493333333333,4.58766666666667,36.4388333333333,NA,672.729333333333,12.9148333333333,17.35,41.6633333333333,60,"ok",TRUE
"MOD-00549","2026-08-04 03:00:00",36.4891666666667,52.4202936904762,316.460357142857,12.0751666666667,35.6085,NA,869.4205,9.45183333333333,32.5816666666667,35.8716666666667,60,"ok",TRUE
"MOD-00549","2026-08-04 04:00:00",25.8828333333333,39.1903875287356,300.952931034483,6.266,32.1388333333333,NA,899.424166666667,6.34316666666667,44.6,30.0933333333333,60,"ok",TRUE
"MOD-00549","2026-08-04 05:00:00",4.76716666666667,7.2824325,35.5891666666667,2.61716666666667,32.068,NA,765.109666666666,5.72483333333333,41.755,29.9066666666667,60,"ok",TRUE
"MOD-00549","2026-08-04 06:00:00",2.363,4.26438133333333,10.6926666666667,1.64383333333333,33.928,NA,644.521333333334,5.6845,37.8883333333333,30.9266666666667,60,"ok",TRUE
"MOD-00549","2026-08-04 07:00:00",2.45433333333333,3.8220095,5.7065,2.18566666666667,32.2323333333333,NA,643.333833333333,6.0545,44.9416666666667,29.735,60,"ok",TRUE
"MOD-00549","2026-08-04 08:00:00",6.41781818181818,6.30777733333334,8.28163636363636,6.25781818181818,28.1126666666667,NA,611.381666666667,5.6115,44,29.2116666666667,60,"ok",TRUE
"MOD-00549","2026-08-04 09:00:00",3.48583333333333,4.464248,5.13933333333333,3.316,25.0523333333333,NA,581.459333333333,5.5385,45.0833333333333,28.7716666666667,60,"ok",TRUE
"MOD-00549","2026-08-04 10:00:00",2.2315,3.7006825,4.1675,2.027,21.7045,NA,589.206166666667,5.78433333333333,48.4316666666667,28.2283333333333,60,"ok",TRUE
"MOD-00549","2026-08-04 11:00:00",2.38066666666667,3.82600516666666,4.84283333333333,2.16233333333333,17.3655,NA,602.1385,6.0135,53.705,27.1016666666667,60,"ok",TRUE
"MOD-00549","2026-08-04 12:00:00",2.402,3.93878483333334,4.8455,2.13116666666667,14.5645,NA,591.361833333333,5.74266666666667,54.9683333333333,26.615,60,"ok",TRUE
"MOD-00549","2026-08-04 13:00:00",2.83233333333333,4.22020283333333,7.0615,2.4705,13.3183333333333,NA,598.755666666667,5.32433333333333,51.5716666666667,28.095,60,"ok",TRUE
"MOD-00549","2026-08-04 14:00:00",2.6775,3.82415333333333,7.68666666666667,2.3555,19.5331666666667,NA,501.235833333333,5.5235,40.865,32.4566666666667,60,"ok",TRUE
"MOD-00549","2026-08-04 15:00:00",2.5425,3.51050366666667,4.94233333333333,2.26133333333333,29.8405,NA,372.356833333333,6.84983333333333,30.5633333333333,37.0033333333333,60,"ok",TRUE
"MOD-00549","2026-08-04 16:00:00",3.99583333333333,5.603119,23.5113333333333,2.40233333333333,37.8186666666667,NA,269.4925,8.2775,23.415,41.2633333333333,60,"ok",TRUE
"MOD-00549","2026-08-04 17:00:00",8.66716666666666,13.1832916666667,57.0483333333333,3.19616666666667,40.8763333333333,NA,252.160666666667,11.0915,20.1616666666667,44.0833333333333,60,"ok",TRUE
"MOD-00549","2026-08-04 18:00:00",7.30338983050847,10.6291355932203,50.2152542372882,3.05796610169492,42.1216949152542,NA,309.191016949152,13.9264406779661,18.9610169491525,45.1559322033898,59,"ok",TRUE
"MOD-00549","2026-08-04 19:00:00",5.84083333333333,8.57765983333333,38.6671666666666,2.59116666666667,41.989,NA,414.552333333333,13.935,19.2416666666667,44.6166666666667,60,"ok",TRUE
"MOD-00549","2026-08-04 20:00:00",6.3395,9.20468116666667,38.1748333333333,2.87083333333333,41.3943333333333,NA,455.7275,14.977,18.4266666666667,45.155,60,"ok",TRUE
"MOD-00549","2026-08-04 21:00:00",6.55423728813559,9.10701779661017,37.8415254237288,3.25322033898305,41.4479661016949,NA,476.108474576271,16.4503389830508,17.5728813559322,45.4220338983051,59,"ok",TRUE
"MOD-00549","2026-08-04 22:00:00",7.20866666666667,10.4045703333333,42.1206666666667,3.15233333333333,42.5906666666667,NA,469.112,17.0415,16.7216666666667,46.8433333333333,60,"ok",TRUE
"MOD-00549","2026-08-04 23:00:00",7.46316666666667,10.9245835,37.1728333333333,3.271,41.9998333333333,NA,515.138,17.1696666666667,17,46.535,60,"ok",TRUE
"MOD-00549","2026-08-05 00:00:00",6.56233333333334,9.42811116666667,34.3148333333333,3.11466666666667,40.8428333333333,NA,551.788,16.0061666666667,17.6216666666667,45.2833333333333,60,"ok",TRUE
"MOD-00549","2026-08-05 01:00:00",8.45050847457627,12.7597503389831,48.3184745762712,3.40491525423729,39.7916949152542,NA,635.321355932203,11.7791525423729,20.3440677966102,42.9050847457627,59,"ok",TRUE
"MOD-00549","2026-08-05 02:00:00",8.6305,13.4716298333333,50.6488333333333,3.29416666666667,36.9676666666667,NA,686.427666666667,9.2805,23.8166666666667,39.4466666666667,60,"ok",TRUE
"MOD-00549","2026-08-05 03:00:00",6.07316666666667,8.63140833333333,29.105,3.41216666666667,35.6321666666667,NA,688.9025,8.98583333333334,25.9316666666667,37.6816666666667,60,"ok",TRUE
"MOD-00549","2026-08-05 04:00:00",3.83633333333333,4.55370733333334,7.233,3.42366666666667,40.8993333333333,NA,684.205666666667,9.13016666666667,29.2716666666667,36.5966666666667,60,"ok",TRUE
"MOD-00549","2026-08-05 05:00:00",5.798,7.05936383333333,15.4635,4.408,34.4845,NA,702.533166666666,7.28433333333333,34.445,35.5816666666667,60,"ok",TRUE
"MOD-00549","2026-08-05 06:00:00",7.08566666666666,8.35147183333333,17.2795,5.362,26.6595,NA,717.636833333333,6.24716666666667,39.8883333333333,34.7033333333333,60,"ok",TRUE
"MOD-00549","2026-08-05 07:00:00",6.55666666666667,7.45065716666666,13.9668333333333,5.3195,26.0903333333333,NA,671.926166666667,5.83633333333334,42.3266666666667,33.5866666666667,60,"ok",TRUE
"MOD-00549","2026-08-05 08:00:00",6.65666666666667,7.70964516666666,14.6928333333333,5.28483333333333,24.3696666666667,NA,638.170833333333,5.81133333333333,44.5433333333333,33.0033333333333,60,"ok",TRUE
"MOD-00549","2026-08-05 09:00:00",7.6405,8.79287950000001,16.9815,5.918,21.9931666666667,NA,623.734333333333,5.71016666666667,46.9833333333333,32.8066666666666,60,"ok",TRUE
"MOD-00549","2026-08-05 10:00:00",8.25766666666666,9.13132549999999,16.6335,6.59633333333333,19.7053333333333,NA,599.180166666666,5.51083333333333,49.1166666666667,32.4316666666667,60,"ok",TRUE
"MOD-00549","2026-08-05 11:00:00",7.09733333333333,7.88238816666666,13.3571666666667,5.87333333333333,20.99,NA,554.281166666667,5.407,47.6383333333334,31.8683333333333,60,"ok",TRUE
"MOD-00549","2026-08-05 12:00:00",6.34033333333333,7.23689366666666,10.6656666666667,5.28166666666667,22.1853333333333,NA,531.785333333333,5.44233333333333,47.1733333333333,31.6316666666667,60,"ok",TRUE
"MOD-00549","2026-08-05 13:00:00",6.5725,7.54874583333335,13.8725,5.35083333333333,22.6255,NA,526.6705,5.47016666666667,46.7983333333333,31.5716666666667,60,"ok",TRUE
"MOD-00549","2026-08-05 14:00:00",6.21366666666667,7.12901850000001,14.3995,4.98566666666667,21.8616666666667,NA,526.664666666666,5.7085,41.9116666666667,34.47,60,"ok",TRUE
"MOD-00549","2026-08-05 15:00:00",6.14766666666667,6.7305525,11.7958333333333,5.10666666666667,26.7718333333333,NA,447.962833333333,6.58233333333333,36.5266666666667,37.24,60,"ok",TRUE
"MOD-00549","2026-08-05 16:00:00",5.846,5.94579316666666,8.84216666666667,5.065,31.9928333333333,NA,328.617,7.29716666666667,28.0983333333333,42.12,60,"ok",TRUE
"MOD-00549","2026-08-05 17:00:00",5.4535,5.39096933333334,8.15366666666667,4.81466666666667,34.6476666666667,NA,313.2495,8.17366666666667,25.2383333333333,43.88,60,"ok",TRUE
"MOD-00549","2026-08-05 18:00:00",5.02033333333333,5.2803705,7.8435,4.2695,35.0011666666667,NA,389.377666666667,8.78483333333333,24.7533333333333,43.8216666666667,60,"ok",TRUE
"MOD-00549","2026-08-05 19:00:00",4.96305084745763,5.21803847457628,11.081186440678,4.18084745762712,34.8194915254237,NA,466.079830508475,9.01847457627119,25.1372881355932,43.5338983050848,59,"ok",TRUE
"MOD-00549","2026-08-05 20:00:00",5.20316666666667,5.47404299999999,10.161,4.34366666666667,35.5048333333333,NA,486.706,9.14533333333333,24.4,44.1416666666667,60,"ok",TRUE
"MOD-00549","2026-08-05 21:00:00",5.2985,5.60939616666667,10.8748333333333,4.33016666666667,37.4716666666667,NA,475.077833333333,9.72483333333333,22.8516666666667,45.1783333333333,60,"ok",TRUE
"MOD-00549","2026-08-05 22:00:00",5.44683333333333,5.75320083333333,13.6441666666667,4.3885,40.1225,NA,484.081166666667,10.8408333333333,21.7116666666667,45.475,60,"ok",TRUE
"MOD-00549","2026-08-05 23:00:00",5.2906779661017,5.95441542372881,14.43,4.0528813559322,39.9123728813559,NA,510.124915254237,10.9015254237288,21.7067796610169,44.6169491525424,59,"ok",TRUE
"MOD-00549","2026-08-06 00:00:00",5.541,6.30862383333333,17.7918333333333,4.20333333333333,38.2351666666667,NA,565.172833333333,9.89916666666666,23.0566666666667,42.7633333333333,60,"ok",TRUE
"MOD-00549","2026-08-06 01:00:00",5.37183333333333,6.4567925,16.2158333333333,3.98233333333333,37.646,NA,609.069833333333,9.50366666666667,25.4033333333333,40.625,60,"ok",TRUE
"MOD-00549","2026-08-06 02:00:00",5.81833333333334,6.81096283333334,21.4165,4.40766666666666,35.3505,NA,680.547,9.0375,30.465,37.8083333333333,60,"ok",TRUE
"MOD-00549","2026-08-06 03:00:00",5.91116666666667,6.82448066666668,27.518,4.47516666666667,31.9863333333333,NA,687.150666666667,7.22766666666667,33.775,36.31,60,"ok",TRUE
"MOD-00549","2026-08-06 04:00:00",5.51433333333333,6.509859,20.4013333333333,4.28283333333333,30.0441666666667,NA,636.921166666667,6.978,34.11,35.6283333333333,60,"ok",TRUE
"MOD-00549","2026-08-06 05:00:00",4.58383333333333,5.790222,11.5823333333333,3.61166666666667,30.4395,NA,603.627833333333,6.791,34.685,35.0916666666667,60,"ok",TRUE
"MOD-00549","2026-08-06 06:00:00",104.635166666667,180.857911153846,216.860512820513,24.3906666666667,38.8388333333333,NA,631.255333333333,7.83666666666667,45.6583333333333,30.7133333333333,60,"ok",TRUE
"MOD-00549","2026-08-06 07:00:00",11.3685,16.4749921666667,80.7151666666667,5.08433333333333,41.5531666666667,NA,620.3685,7.91133333333333,49.9483333333333,27.6783333333333,60,"ok",TRUE
"MOD-00549","2026-08-06 08:00:00",2.87166666666667,4.29544533333333,5.82566666666667,2.54383333333333,36.8425,NA,648.913833333334,8.008,58.5066666666667,26.2133333333333,60,"ok",TRUE
"MOD-00549","2026-08-06 09:00:00",2.35766666666667,3.835762,3.554,2.16933333333333,37.2888333333334,NA,587.096833333333,6.81216666666666,53.9633333333333,26.655,60,"ok",TRUE
"MOD-00549","2026-08-06 10:00:00",2.49116666666667,3.88454883333333,3.28183333333333,2.3345,36.1185,NA,558.8155,6.94816666666667,54.32,26.6316666666667,60,"ok",TRUE
"MOD-00549","2026-08-06 11:00:00",2.78783333333333,4.07512383333333,4.0435,2.61683333333333,32.166,NA,558.461333333333,6.96483333333333,56.4166666666667,26.3983333333333,60,"ok",TRUE
"MOD-00549","2026-08-06 12:00:00",3.225,4.39083500000001,4.68,3.01583333333333,27.318,NA,569.0425,6.85316666666667,59.3466666666667,26.1116666666667,60,"ok",TRUE
"MOD-00549","2026-08-06 13:00:00",3.22783333333333,4.4742845,6.23316666666667,2.92183333333333,26.2625,NA,561.587166666667,6.2585,57.6083333333333,26.57,60,"ok",TRUE
"MOD-00549","2026-08-06 14:00:00",4.578,5.31181316666667,10.9471666666667,4.14883333333333,27.2156666666667,NA,527.160333333333,5.30333333333333,49.075,29.3366666666667,60,"ok",TRUE
"MOD-00549","2026-08-06 15:00:00",3.6765,4.58502216666666,7.1535,3.2295,30.8145,NA,461.893166666667,6.12966666666667,36.875,34.3283333333333,60,"ok",TRUE
"MOD-00549","2026-08-06 16:00:00",3.819,4.4678385,9.5395,3.20433333333333,36.1978333333333,NA,285.676333333333,7.30466666666667,26.2783333333333,40.74,60,"ok",TRUE
"MOD-00549","2026-08-06 17:00:00",3.06283333333333,3.66196883333333,4.98516666666667,2.61633333333333,42.0631666666667,NA,222.836,9.69516666666667,20.735,43.835,60,"ok",TRUE
"MOD-00549","2026-08-06 18:00:00",3.46593220338983,4.52186135593221,13.5447457627119,2.40406779661017,43.7901694915254,NA,310.660847457627,13.2394915254237,19.9491525423729,44.6796610169491,59,"ok",TRUE
"MOD-00549","2026-08-06 19:00:00",3.50633333333333,4.604095,12.5616666666667,2.44633333333333,44.0805,NA,401.040333333333,14.2505,19.79,44.3233333333333,60,"ok",TRUE
"MOD-00549","2026-08-06 20:00:00",4.17616666666667,5.29253199999999,15.924,2.83716666666667,43.4146666666667,NA,453.7765,15.1975,19.585,45.1916666666667,60,"ok",TRUE
"MOD-00549","2026-08-06 21:00:00",4.96559322033898,6.58697152542372,20.9498305084746,2.95728813559322,42.8250847457627,NA,484.69779661017,15.8491525423729,19.1593220338983,45.9406779661017,59,"ok",TRUE
"MOD-00549","2026-08-06 22:00:00",5.44116666666667,7.30383083333334,25.0758333333333,3.03333333333333,42.9481666666667,NA,486.326166666667,16.8093333333333,18.485,46.8,60,"ok",TRUE
"MOD-00549","2026-08-06 23:00:00",5.77033333333333,8.17491383333333,27.9818333333333,2.87866666666667,42.8733333333333,NA,522.461,16.5918333333333,18.7833333333333,46.3,60,"ok",TRUE
"MOD-00549","2026-08-07 00:00:00",5.2875,7.71016166666666,26.9483333333333,2.65216666666667,41.9968333333333,NA,608.163,12.5693333333333,21.2183333333333,43.5066666666667,60,"ok",TRUE
"MOD-00549","2026-08-07 01:00:00",3.34716666666667,4.66845466666667,10.3776666666667,2.38833333333333,41.8696666666667,NA,649.234333333333,10.34,23.9183333333333,40.5383333333333,60,"ok",TRUE
"MOD-00549","2026-08-07 02:00:00",3.20883333333333,4.3266545,8.2915,2.61083333333333,40.887,NA,673.022333333333,10.0473333333333,27.56,37.3933333333333,60,"ok",TRUE
"MOD-00549","2026-08-07 03:00:00",3.03033333333333,4.25510433333333,9.52533333333333,2.44133333333333,39.3265,NA,657.562,8.78683333333334,29.4683333333333,35.9416666666667,60,"ok",TRUE
"MOD-00549","2026-08-07 04:00:00",2.74766666666667,3.97295716666667,6.14016666666667,2.32633333333333,39.1046666666667,NA,615.006,8.11916666666666,29.7116666666667,35.225,60,"ok",TRUE
"MOD-00549","2026-08-07 05:00:00",2.68616666666667,3.87498716666666,5.54016666666667,2.3685,37.7681666666667,NA,597.8975,7.55316666666667,30.87,34.1233333333333,60,"ok",TRUE
"MOD-00549","2026-08-07 06:00:00",3.008,4.444333,10.8176666666667,2.42116666666667,31.2601666666667,NA,616.197333333333,6.36633333333333,34.335,32.2166666666667,60,"ok",TRUE
"MOD-00549","2026-08-07 07:00:00",3.305,4.74924816666667,17.9738333333333,2.54683333333333,29.4626666666667,NA,618.500666666667,5.72066666666667,35.9633333333333,31.2983333333333,60,"ok",TRUE
"MOD-00549","2026-08-07 08:00:00",3.541,5.20055666666667,15.3516666666667,2.66816666666667,23.089,NA,611.621666666667,5.67,38.3766666666667,30.2033333333333,60,"ok",TRUE
"MOD-00549","2026-08-07 09:00:00",3.80733333333333,5.43378066666667,16.7096666666667,2.92,18.6003333333333,NA,616.447333333333,5.61583333333333,39.7916666666667,29.1166666666666,60,"ok",TRUE
"MOD-00549","2026-08-07 10:00:00",4.48266666666667,5.83571433333334,14.0386666666667,3.684,19.6423333333333,NA,601.249666666666,5.632,40.4616666666667,28.96,60,"ok",TRUE
"MOD-00549","2026-08-07 11:00:00",4.321,5.39017583333333,10.3458333333333,3.791,12.3383333333333,NA,631.251166666667,6.669,48.3133333333333,28.3583333333333,60,"ok",TRUE
"MOD-00549","2026-08-07 12:00:00",5.145,5.905611,12.2753333333333,4.55633333333333,7.67266666666667,NA,654.4605,7.28,55.0183333333333,28.13,60,"ok",TRUE
"MOD-00549","2026-08-07 13:00:00",4.85633333333333,5.54341633333333,12.8693333333333,4.33133333333333,10.0125,NA,632.347,5.97766666666667,53.205,29.17,60,"ok",TRUE
"MOD-00549","2026-08-07 14:00:00",4.20066666666667,4.86492516666667,8.4845,3.759,17.822,NA,531.484,5.776,40.6266666666667,34.0716666666667,60,"ok",TRUE
"MOD-00549","2026-08-07 15:00:00",3.89169491525424,4.48453372881356,9.78525423728813,3.31559322033898,29.2435593220339,NA,354.115423728813,6.8164406779661,28.3457627118644,40.0491525423729,59,"ok",TRUE
"MOD-00549","2026-08-07 16:00:00",3.42683333333333,3.74064916666666,6.33916666666666,3.06083333333333,37.4698333333333,NA,256.561333333333,8.7515,22.0383333333333,43.7933333333333,60,"ok",TRUE
"MOD-00549","2026-08-07 17:00:00",3.39916666666667,3.63592466666667,7.696,2.9745,42.6821666666666,NA,277.705,13.7886666666667,19.0783333333333,45.89,60,"ok",TRUE
"MOD-00549","2026-08-07 18:00:00",3.3075,3.77503533333334,8.674,2.77066666666667,44.2051666666667,NA,398.384333333333,15.903,19.2166666666667,45.0566666666666,60,"ok",TRUE
"MOD-00549","2026-08-07 19:00:00",3.67033898305085,4.16495881355932,10.3405084745763,3.02220338983051,43.3001694915254,NA,523.887288135593,13.5242372881356,20.6864406779661,44.4254237288136,59,"ok",TRUE
"MOD-00549","2026-08-07 20:00:00",3.7095,4.289224,8.49966666666667,2.988,42.4781666666667,NA,494.672666666667,13.7048333333333,19.6383333333333,45.2816666666666,60,"ok",TRUE
"MOD-00549","2026-08-07 21:00:00",4.187,4.65455783333333,11.7631666666667,3.2975,44.1438333333333,NA,477.031,16.499,18.0283333333333,46.8383333333334,60,"ok",TRUE
"MOD-00549","2026-08-07 22:00:00",4.75883333333333,5.1997505,12.2618333333333,3.6685,46.435,NA,452.41,15.1368333333333,16.6516666666667,48.4183333333333,60,"ok",TRUE
"MOD-00549","2026-08-07 23:00:00",4.77118644067797,5.13688966101695,15.9293220338983,3.71457627118644,45.8740677966102,NA,508.92186440678,15.1286440677966,16.5576271186441,47.5050847457627,59,"ok",TRUE
"MOD-00549","2026-08-08 00:00:00",4.53883333333333,5.174687,15.2723333333333,3.47366666666667,44.4256666666667,NA,587.235166666667,15.8616666666667,18.3733333333333,45.2233333333333,60,"ok",TRUE
"MOD-00549","2026-08-08 01:00:00",4.91133333333333,5.86562116666667,16.5165,3.73316666666667,41.1758333333333,NA,710.875166666667,10.7108333333333,22.895,40.685,60,"ok",TRUE
"MOD-00549","2026-08-08 02:00:00",4.80816666666666,5.78954816666667,17.1538333333333,3.69466666666667,39.3415,NA,690.338,9.4765,24.5383333333333,39.1716666666666,60,"ok",TRUE
"MOD-00549","2026-08-08 03:00:00",5.08233333333333,5.9170095,15.8415,4.101,35.9683333333333,NA,673.294833333333,8.9675,26.1866666666667,37.7233333333333,60,"ok",TRUE
"MOD-00549","2026-08-08 04:00:00",5.8135,6.49234383333333,14.9118333333333,4.8565,32.8,NA,658.659333333333,8.51166666666667,27.2883333333333,36.3883333333333,60,"ok",TRUE
"MOD-00549","2026-08-08 05:00:00",8.42516666666667,9.97734903954803,50.1969491525424,5.65233333333333,38.8955,NA,676.812,10.4446666666667,36.68,33.7866666666667,60,"ok",TRUE
"MOD-00549","2026-08-08 06:00:00",6.851,7.23045633333334,8.246,6.223,36.2453333333333,NA,775.3355,8.52216666666667,50.9516666666667,28.57,60,"ok",TRUE
"MOD-00549","2026-08-08 07:00:00",6.033,6.775087,8.699,5.24583333333333,22.6066666666667,NA,765.666833333334,7.46566666666667,59.2116666666667,28.7566666666667,60,"ok",TRUE
"MOD-00549","2026-08-08 08:00:00",6.95383333333333,7.54824050000001,12.6301666666667,5.9875,18.2338333333333,NA,689.186,5.77566666666667,54.1566666666667,29.4833333333333,60,"ok",TRUE
"MOD-00549","2026-08-08 09:00:00",7.28783333333333,7.54235,11.3333333333333,6.4935,17.2151666666667,NA,617.632666666667,6.1795,52.5483333333334,29.9666666666667,60,"ok",TRUE
"MOD-00549","2026-08-08 10:00:00",9.82466666666667,11.6752325,21.0458333333333,7.19883333333333,30.086,NA,510.297666666667,5.66733333333333,40.5216666666667,30.9416666666667,60,"ok",TRUE
"MOD-00549","2026-08-08 11:00:00",12.889,15.3387721666667,24.0701666666667,9.08183333333333,32.9646666666667,NA,515.109666666667,6.13266666666666,43.0616666666667,30.505,60,"ok",TRUE
"MOD-00549","2026-08-08 12:00:00",14.2516666666667,16.716969,25.3396666666667,10.1381666666667,25.7363333333333,NA,558.912666666667,7.19783333333333,48.355,28.9166666666667,60,"ok",TRUE
"MOD-00549","2026-08-08 13:00:00",11.6845,13.4373938333333,20.4051666666667,8.74833333333333,21.1706666666667,NA,599.954,6.59416666666667,48.8433333333333,28.9516666666667,60,"ok",TRUE
"MOD-00549","2026-08-08 14:00:00",10.0578333333333,11.7243173333333,19.0463333333333,7.4485,31.0721666666667,NA,494.5355,6.0945,36.53,33.2516666666667,60,"ok",TRUE
"MOD-00549","2026-08-08 15:00:00",10.3458333333333,12.124293,19.5043333333333,7.442,36.4286666666667,NA,420.5545,7.86283333333333,30.33,36.695,60,"ok",TRUE
"MOD-00549","2026-08-08 16:00:00",9.052,9.44010966666666,13.0993333333333,7.35466666666667,40.4161666666667,NA,351.230833333333,9.093,23.6616666666667,40.9833333333333,60,"ok",TRUE
"MOD-00549","2026-08-08 17:00:00",7.876,7.4645745,11.1781666666667,6.877,44.8143333333333,NA,285.545166666667,14.1703333333333,19.2616666666667,44.6183333333333,60,"ok",TRUE
"MOD-00549","2026-08-08 18:00:00",8.242,7.61515033333333,13.8623333333333,7.187,48.5963333333333,NA,270.055333333333,16.109,16.73,46.2666666666667,30,"ok",FALSE
"MOD-00550","2026-07-30 00:00:00",3.657,2.18883391666667,7.13183333333333,3.18333333333333,55.8445,0.04332433595,507.817833333333,9.9055,18.035,45.4916666666667,60,"ok",TRUE
"MOD-00550","2026-07-30 01:00:00",3.2415,2.26365935000001,6.215,2.80016666666666,55.6608333333333,0.04311732525,600.642333333333,8.96183333333333,20.685,42.2116666666667,60,"ok",TRUE
"MOD-00550","2026-07-30 02:00:00",3.28633333333333,2.62723081666667,6.5935,2.83316666666667,54.1316666666666,0.0413938015,642.417833333333,8.64683333333334,24.3916666666667,38.925,60,"ok",TRUE
"MOD-00550","2026-07-30 03:00:00",3.44383333333333,3.05364411666667,7.04866666666667,2.90883333333333,51.6025,0.03854317775,671.861,7.773,28.845,36.25,60,"ok",TRUE
"MOD-00550","2026-07-30 04:00:00",3.578,3.2725001,9.55766666666667,2.96633333333333,48.194,0.0347014574,643.367,6.78733333333333,31.4483333333333,34.9766666666667,60,"ok",TRUE
"MOD-00550","2026-07-30 05:00:00",3.8095,3.44300781666667,10.5293333333333,3.21383333333333,45.4281666666667,0.03158408665,661.381666666667,5.95266666666667,36.115,33.43,60,"ok",TRUE
"MOD-00550","2026-07-30 06:00:00",3.90083333333333,3.70489951666667,9.364,3.27816666666667,43.0995,0.02895944645,620.930666666667,5.6175,37.3316666666667,32.1316666666667,60,"ok",TRUE
"MOD-00550","2026-07-30 07:00:00",4.36133333333333,4.26488706666666,9.74766666666667,3.62316666666667,36.3795,0.02138533445,505.335,5.649,31.36,32.5116666666667,60,"ok",TRUE
"MOD-00550","2026-07-30 08:00:00",4.4975,4.36751133333333,11.4655,3.76316666666667,38.3576666666667,0.0236149261,527.745166666667,5.55366666666666,34.6566666666667,31.2983333333333,60,"ok",TRUE
"MOD-00550","2026-07-30 09:00:00",4.629,4.55655825,11.5395,3.86833333333333,40.2873333333333,0.0257898534,557.148,5.80583333333334,39.095,29.7966666666667,60,"ok",TRUE
"MOD-00550","2026-07-30 10:00:00",4.56283333333333,4.5383717,11.3911666666667,3.827,39.5381666666667,0.02494546765,565.7765,5.93333333333333,42.0316666666667,28.755,60,"ok",TRUE
"MOD-00550","2026-07-30 11:00:00",4.80716666666667,4.80348948333333,10.8736666666667,3.997,37.8888333333333,0.02308650405,584.764166666667,5.4255,44.8216666666667,28.1866666666667,60,"ok",TRUE
"MOD-00550","2026-07-30 12:00:00",5.142,5.0997356,14.3983333333333,4.204,37.079,0.0221737409,552.848666666667,5.47116666666667,45.2666666666667,28.085,60,"ok",TRUE
"MOD-00550","2026-07-30 13:00:00",6.04116666666667,6.00063183333334,28.9315,4.46233333333333,34.9233333333333,0.019744089,570.532,5.4425,46.8683333333333,29.015,60,"ok",TRUE
"MOD-00550","2026-07-30 14:00:00",5.418,4.99014396666666,19.165,4.3015,31.0511666666667,0.01537976995,527.023166666667,6.13416666666667,40.6733333333333,32.14,60,"ok",TRUE
"MOD-00550","2026-07-30 15:00:00",5.10133333333333,4.30425581666666,12.1798333333333,4.2355,22.3813333333333,0.00560800080000001,358.8055,6.448,28.7633333333333,37.1583333333333,60,"ok",TRUE
"MOD-00550","2026-07-30 16:00:00",5.13169491525424,3.77521796610169,11.3974576271186,4.34864406779661,26.4725423728813,0.0102192025084746,254.334576271186,6.1235593220339,22.7593220338983,41.8966101694915,59,"ok",TRUE
"MOD-00550","2026-07-30 17:00:00",5.51983333333333,3.8259287,10.5148333333333,4.7275,34.7156666666667,0.0195100279,245.0615,5.882,20.12,44.2083333333333,60,"ok",TRUE
"MOD-00550","2026-07-30 18:00:00",5.29116666666667,3.61466156666667,13.0125,4.52,41.1636666666667,0.0267775687,329.466666666667,6.55133333333333,19.645,44.1066666666667,60,"ok",TRUE
"MOD-00550","2026-07-30 19:00:00",4.89389830508475,3.25162013559322,11.4572881355932,4.20830508474576,42.6149152542373,0.0284132709830508,371.134406779661,6.54322033898305,18.9745762711864,44.5152542372881,59,"ok",TRUE
"MOD-00550","2026-07-30 20:00:00",5.2235,3.38015253333334,8.26916666666667,4.56583333333333,45.2868333333333,0.03142478985,347.099666666667,5.998,16.575,45.9733333333333,60,"ok",TRUE
"MOD-00550","2026-07-30 21:00:00",5.196,3.27600923333333,10.089,4.501,49.1665,0.03579756215,371.441333333333,6.81316666666667,15.4916666666667,46.8933333333333,60,"ok",TRUE
"MOD-00550","2026-07-30 22:00:00",4.54533333333333,2.73422658333333,7.0925,3.977,49.576,0.0362591096,396.157166666667,6.99216666666667,14.86,47.29,60,"ok",TRUE
"MOD-00550","2026-07-30 23:00:00",4.0064406779661,2.31354972881356,11.7630508474576,3.51389830508475,50.3589830508475,0.0371416097966102,451.843220338983,7.43559322033899,15.1881355932203,46.1237288135593,59,"ok",TRUE
"MOD-00550","2026-07-31 00:00:00",3.78,2.60858146666667,9.35733333333334,3.183,51.826,0.0387950846,516.573166666667,8.52133333333334,16.205,44.1433333333333,60,"ok",TRUE
"MOD-00550","2026-07-31 01:00:00",3.59666666666667,2.75085596666666,10.3286666666667,2.96283333333333,52.2361666666667,0.03925738345,561.231666666667,8.642,17.8433333333333,42.0283333333333,60,"ok",TRUE
"MOD-00550","2026-07-31 02:00:00",3.43566666666667,2.95172965,7.14516666666667,2.87,52.0703333333333,0.0390704727,593.374833333333,7.97683333333333,20.155,39.1583333333333,60,"ok",TRUE
"MOD-00550","2026-07-31 03:00:00",3.6365,3.31887391666667,8.65666666666666,3.0465,52.3163333333333,0.0393477393,631.513166666667,7.55333333333333,23.6366666666667,36.5466666666667,60,"ok",TRUE
"MOD-00550","2026-07-31 04:00:00",3.66016666666667,3.4813995,9.36283333333333,3.03366666666667,50.1186666666667,0.0368707492,605.732166666667,7.0565,24.8433333333333,35.41,60,"ok",TRUE
"MOD-00550","2026-07-31 05:00:00",3.76783333333333,3.71491926666666,10.4215,3.0685,47.6303333333333,0.0340661487,613.458,6.75783333333333,28.1716666666667,33.9866666666667,60,"ok",TRUE
"MOD-00550","2026-07-31 06:00:00",3.983,3.9532553,13.906,3.197,45.753,0.0319502063,621.448333333333,6.46483333333333,30.725,32.8766666666667,60,"ok",TRUE
"MOD-00550","2026-07-31 07:00:00",3.66933333333333,3.67535741666667,14.4491666666667,2.8285,55.3735,0.04279347185,639.4745,7.1845,38.19,32.325,60,"ok",TRUE
"MOD-00550","2026-07-31 08:00:00",3.104,3.17237433333333,6.40433333333333,2.60533333333333,53.996,0.0412408916,632.453833333333,5.81916666666667,43.3533333333333,30.3416666666667,60,"ok",TRUE
"MOD-00550","2026-07-31 09:00:00",3.13616666666667,3.13371543333333,7.03416666666667,2.7015,49.1958333333333,0.03583062375,600.202166666667,5.40716666666667,44.9816666666667,29.65,60,"ok",TRUE
"MOD-00550","2026-07-31 10:00:00",3.1355,3.1260919,7.75783333333333,2.69533333333333,45.1336666666667,0.0312521557,561.444333333333,5.37066666666666,44.9416666666667,29.6283333333333,60,"ok",TRUE
"MOD-00550","2026-07-31 11:00:00",3.15583333333333,3.18795705,8.143,2.695,43.8785,0.02983745735,548.043166666667,4.97566666666667,47.8933333333333,28.7583333333333,60,"ok",TRUE
"MOD-00550","2026-07-31 12:00:00",3.3635,3.51959196666667,10.5371666666667,2.75766666666667,40.7701666666667,0.02633405485,550.919166666667,4.81866666666667,51.2766666666667,27.545,60,"ok",TRUE
"MOD-00550","2026-07-31 13:00:00",3.79283333333333,3.78248125,10.9136666666667,3.128,40.0056666666667,0.0254723869,568.905333333333,4.70216666666667,51.3416666666667,28.1333333333333,60,"ok",TRUE
"MOD-00550","2026-07-31 14:00:00",3.5675,3.3741862,12.0331666666667,2.90766666666667,34.089,0.0188037119,511.025833333333,5.9485,42.0033333333333,31.89,60,"ok",TRUE
"MOD-00550","2026-07-31 15:00:00",3.51433333333333,2.84423693333333,8.38966666666667,2.96116666666667,27.051,0.0108711821,353.715333333333,5.97433333333333,30.1033333333333,37.8233333333333,60,"ok",TRUE
"MOD-00550","2026-07-31 16:00:00",3.91660714285714,2.709705125,9.37214285714286,3.33732142857143,30.3783928571429,0.0146214865892857,254.074464285714,6.06928571428571,24.0910714285714,42.1410714285714,56,"ok",TRUE
"MOD-00550","2026-07-31 17:00:00",3.93389830508475,2.47103716949152,12.7598305084746,3.35,35.2393220338983,0.0201002398644068,204.288474576271,5.70050847457627,20.0237288135593,44.2915254237288,59,"ok",TRUE
"MOD-00550","2026-07-31 18:00:00",4.087,2.7150165,8.637,3.44216666666667,40.0641666666667,0.02553832225,241.1965,5.80283333333333,17.705,45.1183333333333,60,"ok",TRUE
"MOD-00550","2026-07-31 19:00:00",4.40983333333334,2.92621075000001,14.283,3.66966666666667,43.9151666666667,0.02987878435,288.243833333333,6.327,16.1633333333333,45.28,60,"ok",TRUE
"MOD-00550","2026-07-31 20:00:00",4.7025,3.29829618333333,10.9003333333333,3.90716666666667,46.6381666666666,0.03294787765,363.582666666667,7.11,15.5383333333333,45.235,60,"ok",TRUE
"MOD-00550","2026-07-31 21:00:00",4.81576271186441,3.37876813559322,13.1503389830508,3.87610169491525,47.7230508474576,0.0341706506101695,378.882542372881,7.09423728813559,14.6338983050847,46.4169491525424,59,"ok",TRUE
"MOD-00550","2026-07-31 22:00:00",4.6725,3.3074079,14.6415,3.61833333333333,49.4628333333333,0.03613155945,392.4835,7.564,14.015,47.2983333333333,60,"ok",TRUE
"MOD-00550","2026-07-31 23:00:00",4.87183333333333,3.6329914,15.3705,3.7155,52.1528333333333,0.03916345845,449.7395,7.98583333333334,14.3233333333333,46.6383333333333,60,"ok",TRUE
"MOD-00550","2026-08-01 00:00:00",5.10683333333333,3.91312453333333,17.3188333333333,3.939,53.6776666666667,0.0408820981,500.4465,8.31466666666667,14.7566666666667,45.2883333333333,60,"ok",TRUE
"MOD-00550","2026-08-01 01:00:00",4.99033898305085,4.05389325423729,13.6649152542373,3.94,55.2406779661017,0.0426437681355932,551.475254237288,9.83118644067796,15.6847457627119,42.9661016949153,59,"ok",TRUE
"MOD-00550","2026-08-01 02:00:00",4.83,4.30389753333333,15.0573333333333,3.7785,54.3641666666667,0.04165585225,623.005333333333,8.8625,18.6883333333333,39.4,60,"ok",TRUE
"MOD-00550","2026-08-01 03:00:00",5.12366666666667,4.88354233333333,15.9626666666667,3.97666666666667,51.6748333333333,0.03862470465,652.003666666667,7.62266666666667,21.9516666666667,36.5283333333333,60,"ok",TRUE
"MOD-00550","2026-08-01 04:00:00",4.97816666666667,4.92575096666667,21.2215,3.7695,49.6615,0.03635547665,664.859,7.04916666666667,25.355,34.3866666666667,60,"ok",TRUE
"MOD-00550","2026-08-01 05:00:00",5.07866666666667,5.28827148333333,20.9861666666667,3.73433333333333,47.5373333333333,0.0339613284,651.881833333333,6.392,27.7316666666667,33.0633333333333,60,"ok",TRUE
"MOD-00550","2026-08-01 06:00:00",4.83833333333333,5.04595708333333,18.4985,3.66216666666667,45.7623333333333,0.0319607259,619.771666666667,6.08683333333334,27.99,32.4366666666667,60,"ok",TRUE
"MOD-00550","2026-08-01 07:00:00",4.68733333333334,4.81161946666667,16.7363333333333,3.65233333333333,44.186,0.0301840406,577.285,6.13966666666667,28.1983333333333,32.325,60,"ok",TRUE
"MOD-00550","2026-08-01 08:00:00",4.86283333333334,5.10167308333334,18.425,3.71366666666667,43.8143333333333,0.0297651351,599.712333333333,5.77666666666667,32.15,30.9683333333333,60,"ok",TRUE
"MOD-00550","2026-08-01 09:00:00",4.99033333333333,5.1543041,20.413,3.86633333333333,41.5456666666667,0.0272081209,574.927333333333,5.66166666666667,31.5583333333333,30.6583333333333,60,"ok",TRUE
"MOD-00550","2026-08-01 10:00:00",4.94866666666666,5.18615998333333,19.9145,3.8235,42.3066666666667,0.028065844,627.7885,5.68683333333334,36.1133333333333,29.3433333333333,60,"ok",TRUE
"MOD-00550","2026-08-01 11:00:00",4.99333333333333,5.26014241666667,21.5551666666667,3.80966666666667,40.9471666666667,0.02653355155,615.719,6.03916666666666,38.89,28.6816666666667,60,"ok",TRUE
"MOD-00550","2026-08-01 12:00:00",5.47533333333333,5.90984293333333,28.7676666666667,3.86783333333333,36.0403333333333,0.0210030597,603.6295,6.25666666666667,39.5433333333333,28.9083333333333,60,"ok",TRUE
"MOD-00550","2026-08-01 13:00:00",5.0895,5.55857405,25.9206666666667,3.57333333333333,34.9833333333333,0.019811715,574.8645,6.09333333333333,39.2933333333333,29.385,60,"ok",TRUE
"MOD-00550","2026-08-01 14:00:00",4.86116666666667,5.27628185,22.3733333333333,3.43983333333333,34.716,0.0195104036,564.369666666667,5.90866666666667,38.7233333333333,30.2633333333333,60,"ok",TRUE
"MOD-00550","2026-08-01 15:00:00",5.52616666666667,5.3331155,25.4075,4.02283333333333,28.9885,0.01305493835,554.444,6.207,32.8066666666667,34.5466666666667,60,"ok",TRUE
"MOD-00550","2026-08-01 16:00:00",5.02283333333333,4.13096116666667,15.7741666666667,3.84866666666667,21.3463333333333,0.00444145230000001,255.8075,5.92633333333333,20.33,42.4033333333333,60,"ok",TRUE
"MOD-00550","2026-08-01 17:00:00",4.5615,3.30941006666666,12.5615,3.73066666666667,37.8873333333333,0.0230848134,242.553666666667,6.41533333333333,18.9033333333333,43.7916666666667,60,"ok",TRUE
"MOD-00550","2026-08-01 18:00:00",4.44816666666667,3.08686106666667,8.46583333333333,3.78033333333333,45.42,0.031574882,334.2585,7.031,18.2566666666667,44.1866666666667,60,"ok",TRUE
"MOD-00550","2026-08-01 19:00:00",4.52627118644068,3.10604140677966,8.39050847457627,3.82508474576271,48.6803389830509,0.0352496100677966,339.781355932203,7.52406779661017,17.035593220339,45.0389830508475,59,"ok",TRUE
"MOD-00550","2026-08-01 20:00:00",4.538,2.97393741666667,12.1355,3.83616666666667,50.3448333333333,0.03712566165,381.120166666667,7.43883333333333,15.9583333333333,45.6,60,"ok",TRUE
"MOD-00550","2026-08-01 21:00:00",4.37166666666667,2.60718256666666,8.298,3.74116666666667,47.8355,0.03429739205,265.444666666667,8.01833333333333,12.72,48.29,60,"ok",TRUE
"MOD-00550","2026-08-01 22:00:00",4.4493220338983,2.59457766101695,10.0483050847458,3.79661016949152,53.7071186440678,0.0409152934237288,315.74,9.5635593220339,12.1305084745763,48.771186440678,59,"ok",TRUE
"MOD-00550","2026-08-01 23:00:00",4.0775,2.65660581666667,9.192,3.32066666666667,53.5968333333333,0.04079099085,434.235,8.7555,12.9783333333333,47.5866666666667,60,"ok",TRUE
"MOD-00550","2026-08-02 00:00:00",3.883,2.59817693333334,10.2106666666667,3.20366666666667,52.4766666666667,0.039528451,504.359,8.057,13.635,45.955,60,"ok",TRUE
"MOD-00550","2026-08-02 01:00:00",3.51416666666667,2.4890477,10.7585,2.9445,51.815,0.0387826865,543.305833333333,7.85966666666666,14.5416666666667,43.5783333333333,60,"ok",TRUE
"MOD-00550","2026-08-02 02:00:00",3.729,3.1459814,9.65066666666667,3.12316666666667,52.3643333333334,0.0394018401,618.432166666667,8.29716666666667,17.4533333333333,39.6016666666667,60,"ok",TRUE
"MOD-00550","2026-08-02 03:00:00",4.28683333333333,4.0553592,12.8118333333333,3.43716666666667,51.9045,0.03888356195,663.373,7.5385,21.075,36.5166666666667,60,"ok",TRUE
"MOD-00550","2026-08-02 04:00:00",4.025,4.02463863333333,12.035,3.2285,48.8846666666667,0.0354799078,661.490666666667,6.7395,23.7916666666667,34.5116666666667,60,"ok",TRUE
"MOD-00550","2026-08-02 05:00:00",3.82933333333333,3.86736706666667,11.202,3.10416666666667,46.222,0.0324788162,622.337833333333,6.45083333333333,24.1916666666667,34.1033333333333,60,"ok",TRUE
"MOD-00550","2026-08-02 06:00:00",4.32466666666667,4.44907055,13.6688333333333,3.38716666666667,44.6733333333333,0.030733314,606.496,6.25116666666667,25.6833333333333,33.4666666666667,60,"ok",TRUE
"MOD-00550","2026-08-02 07:00:00",14.7635,20.9442290666667,91.2705,5.1455,44.6845,0.03074589995,616.561,6.17233333333333,27.8133333333333,32.8766666666667,60,"ok",TRUE
"MOD-00550","2026-08-02 08:00:00",16.8248333333333,23.9874773333333,112.340166666667,5.53366666666667,43.4376666666667,0.0293405941,611.225,6.1495,29.7333333333333,32.505,60,"ok",TRUE
"MOD-00550","2026-08-02 09:00:00",13.418,19.07292065,76.7928333333333,4.87116666666667,44.1988333333334,0.03019850505,602.792333333333,5.72666666666666,32.5566666666667,31.3116666666667,60,"ok",TRUE
"MOD-00550","2026-08-02 10:00:00",8.23916666666667,11.3001344166667,41.816,3.67716666666667,44.4708333333333,0.03050507625,575.177,5.5545,33.28,30.755,60,"ok",TRUE
"MOD-00550","2026-08-02 11:00:00",8.544,11.6453987166667,43.1015,3.902,43.5665,0.02948580215,583.182166666667,5.76083333333334,36.6133333333333,29.4583333333333,60,"ok",TRUE
"MOD-00550","2026-08-02 12:00:00",7.1425,9.67858818333333,36.0783333333333,3.4445,44.2538333333333,0.03026049555,571.501333333333,5.86233333333333,36.7733333333333,29.195,60,"ok",TRUE
"MOD-00550","2026-08-02 13:00:00",5.51416666666666,7.2088512,22.7385,2.9945,43.0811666666667,0.02893878295,534.4005,5.5955,35.3916666666667,30.7933333333333,60,"ok",TRUE
"MOD-00550","2026-08-02 14:00:00",4.6615,5.63591493333333,19.2995,2.75033333333333,40.4585,0.02598277535,508.1505,5.9,31.6916666666667,33.7816666666667,60,"ok",TRUE
"MOD-00550","2026-08-02 15:00:00",5.15516666666667,6.19008668333334,18.8206666666667,2.81,35.7321666666667,0.02065572505,370.113166666667,6.291,25.0766666666667,37.9683333333333,60,"ok",TRUE
"MOD-00550","2026-08-02 16:00:00",5.39542372881356,6.03059686440678,17.8172881355932,3.10491525423729,38.6238983050847,0.023914995779661,334.643728813559,6.48016949152542,21.8338983050847,40.6542372881356,59,"ok",TRUE
"MOD-00550","2026-08-02 17:00:00",5.5755,5.49577751666667,20.5726666666667,3.48716666666667,43.1193333333333,0.0289818006,312.7265,7.06,19.9566666666667,43.3316666666667,60,"ok",TRUE
"MOD-00550","2026-08-02 18:00:00",6.16233333333333,6.07135153333333,25.1753333333333,3.8115,47.8221666666667,0.03428236405,372.8265,7.5675,20.0366666666667,43.585,60,"ok",TRUE
"MOD-00550","2026-08-02 19:00:00",5.32916666666667,4.2922283,15.1501666666667,4.0915,50.1575,0.03691451825,455.225833333334,7.70716666666666,20.53,43.385,60,"ok",TRUE
"MOD-00550","2026-08-02 20:00:00",4.92305084745763,3.35220533898305,10.8089830508475,4.0864406779661,46.6827118644068,0.0329980845423729,384.887627118644,6.72474576271187,18.5406779661017,45.6779661016949,59,"ok",TRUE
"MOD-00550","2026-08-02 21:00:00",4.81183333333334,2.97101251666668,10.0756666666667,4.09833333333333,47.5718333333333,0.03400021335,360.691333333333,6.16466666666666,16.715,47.2916666666666,60,"ok",TRUE
"MOD-00550","2026-08-02 22:00:00",4.408,2.50696381666666,9.3455,3.875,48.0743333333333,0.0345665811,359.222333333333,6.344,15.3433333333333,47.44,60,"ok",TRUE
"MOD-00550","2026-08-02 23:00:00",4.37338983050847,2.6306586779661,8.46593220338983,3.77779661016949,48.5123728813559,0.0350602954745763,383.638983050847,6.70135593220339,14.5525423728814,47.3305084745763,59,"ok",TRUE
"MOD-00550","2026-08-03 00:00:00",3.71516666666667,2.2330088,5.6435,3.24083333333333,49.6515,0.03634420565,414.709166666667,6.9305,14.2916666666667,46.5433333333333,60,"ok",TRUE
"MOD-00550","2026-08-03 01:00:00",3.66483333333333,2.67311611666667,8.798,3.087,51.4093333333333,0.0383254596,522.277,7.70066666666666,15.9016666666667,43.0816666666667,60,"ok",TRUE
"MOD-00550","2026-08-03 02:00:00",4.24316666666667,3.45318906666666,8.74216666666667,3.62766666666667,51.8405,0.03881142755,597.7915,7.92483333333333,18.3583333333333,39.82,60,"ok",TRUE
"MOD-00550","2026-08-03 03:00:00",4.39483333333333,3.94883751666667,11.2473333333333,3.63883333333333,50.831,0.0376736201,656.692666666666,7.30283333333334,22.1083333333333,36.9516666666667,60,"ok",TRUE
"MOD-00550","2026-08-03 04:00:00",4.62216666666667,4.3027229,12.3628333333333,3.812,49.0645,0.03568259795,659.8045,6.8835,24.8183333333333,35.12,60,"ok",TRUE
"MOD-00550","2026-08-03 05:00:00",4.4905,4.26726588333333,13.202,3.67833333333333,45.3861666666667,0.03153674845,634.217166666667,6.3025,26.0516666666667,34.3483333333333,60,"ok",TRUE
"MOD-00550","2026-08-03 06:00:00",4.38333333333333,4.16385803333333,11.5916666666667,3.66066666666667,43.7693333333333,0.0297144156,603.062666666667,6.25116666666666,27.5933333333333,33.6733333333333,60,"ok",TRUE
"MOD-00550","2026-08-03 07:00:00",4.62166666666667,4.45356345,14.5238333333333,3.78633333333333,42.4936666666667,0.0282766117,625.503333333333,5.9985,30.1683333333333,32.6583333333333,60,"ok",TRUE
"MOD-00550","2026-08-03 08:00:00",4.96433333333333,4.64086701666667,16.3658333333333,4.14883333333333,40.4483333333333,0.0259713165,594.5065,5.961,30.4533333333333,32.2533333333333,60,"ok",TRUE
"MOD-00550","2026-08-03 09:00:00",4.90216666666667,4.69214363333333,15.6188333333333,4.05883333333333,40.922,0.0265051862,594.4515,5.63066666666667,33.72,31.2966666666667,60,"ok",TRUE
"MOD-00550","2026-08-03 10:00:00",4.70616666666667,4.63911081666667,12.3666666666667,3.88583333333333,42.7193333333333,0.0285309606,612.216333333333,5.77866666666667,37.6633333333333,30.3066666666667,60,"ok",TRUE
"MOD-00550","2026-08-03 11:00:00",4.654,4.58833978333333,12.2338333333333,3.85283333333333,41.4243333333333,0.0270713661,612.263166666667,5.84066666666667,41.5583333333334,29.4266666666667,60,"ok",TRUE
"MOD-00550","2026-08-03 12:00:00",4.86933333333333,4.85721598333333,21.3635,3.8245,39.4078333333333,0.02479856895,617.571166666667,5.89633333333333,42.915,28.865,60,"ok",TRUE
"MOD-00550","2026-08-03 13:00:00",5.11266666666667,5.07949138333333,17.1971666666667,3.99266666666667,39.4951666666667,0.02489700235,617.231166666667,5.49166666666667,45.4366666666667,29.3966666666667,60,"ok",TRUE
"MOD-00550","2026-08-03 14:00:00",4.85566666666666,4.42844525,16.2391666666667,3.85316666666667,31.6071666666667,0.01600643755,542.838666666666,6.04666666666667,36.565,33.9783333333333,60,"ok",TRUE
"MOD-00550","2026-08-03 15:00:00",5.049,4.50148836666667,16.936,3.84016666666667,26.8278333333333,0.01061965095,359.6875,6.05066666666667,29.2383333333333,37.9333333333333,60,"ok",TRUE
"MOD-00550","2026-08-03 16:00:00",4.75483333333333,4.24556656666667,14.8431666666667,3.63816666666667,39.1298333333333,0.02448523515,483.018166666667,7.67483333333333,31.685,37.3883333333333,60,"ok",TRUE
"MOD-00550","2026-08-03 17:00:00",4.88033333333333,3.76801091666667,12.6068333333333,3.80166666666667,29.0868333333333,0.01316576985,210.367666666667,5.72833333333334,21.2883333333333,43.89,60,"ok",TRUE
"MOD-00550","2026-08-03 18:00:00",4.80220338983051,3.28690064406779,13.1835593220339,3.94966101694915,38.8333898305085,0.0241511136779661,208.116101694915,6.06745762711864,18.8101694915254,45.235593220339,59,"ok",TRUE
"MOD-00550","2026-08-03 19:00:00",5.11983333333333,3.47300665,12.6833333333333,4.2795,46.316,0.0325847636,301.641166666667,7.25233333333333,18.235,45.4433333333333,60,"ok",TRUE
"MOD-00550","2026-08-03 20:00:00",5.1365,3.3471234,14.4228333333333,4.35966666666667,48.285,0.0348040235,358.743666666667,6.79033333333334,17.1716666666667,45.7066666666667,60,"ok",TRUE
"MOD-00550","2026-08-03 21:00:00",5.56305084745763,3.55834161016949,9.77033898305085,4.86813559322034,48.6586440677966,0.0352251577288135,340.552203389831,6.88135593220339,15.3474576271186,46.6067796610169,59,"ok",TRUE
"MOD-00550","2026-08-03 22:00:00",5.073,3.6094116,13.456,4.213,54.0105,0.04125723455,464.352666666667,12.1616666666667,18.215,44.245,60,"ok",TRUE
"MOD-00550","2026-08-03 23:00:00",4.7805,4.20034775,10.0676666666667,3.75183333333333,64.1283333333333,0.0526610445,929.592166666667,15.1671666666667,34.8783333333333,37.1866666666667,60,"ok",TRUE
"MOD-00550","2026-08-04 00:00:00",4.80883333333333,3.7412232,8.8085,4.06583333333333,34.7366666666667,0.019533697,521.437333333333,6.11716666666667,21.4133333333333,40.9933333333333,60,"ok",TRUE
"MOD-00550","2026-08-04 01:00:00",5.53766666666667,4.37223678333334,11.8751666666667,4.75133333333333,39.6546666666667,0.0250767748,391.904666666667,6.727,18.5666666666667,40.1716666666666,60,"ok",TRUE
"MOD-00550","2026-08-04 02:00:00",4.883,4.43407051666667,14.3525,3.84166666666667,55.6918333333333,0.04315226535,619.490166666667,10.5116666666667,29.2533333333333,36.4183333333333,60,"ok",TRUE
"MOD-00550","2026-08-04 03:00:00",4.34716666666667,4.95789278333334,9.96233333333333,2.98566666666667,53.1595,0.04029807245,670.129833333333,6.26933333333333,34.52,32.9316666666667,60,"ok",TRUE
"MOD-00550","2026-08-04 04:00:00",2.81833333333333,3.10891783333333,7.97933333333333,2.25133333333333,51.1871666666666,0.03807505555,613.759,6.21016666666667,37.9616666666667,31.02,60,"ok",TRUE
"MOD-00550","2026-08-04 05:00:00",2.772,2.8725633,5.69566666666667,2.45333333333333,51.3236666666667,0.0382289047,634.378833333333,5.6675,43.9383333333334,29.17,60,"ok",TRUE
"MOD-00550","2026-08-04 06:00:00",3.10016666666667,3.15848893333333,5.1765,2.735,48.5993333333333,0.0351583086,603.465666666667,5.233,47.3333333333333,28.4266666666667,60,"ok",TRUE
"MOD-00550","2026-08-04 07:00:00",2.51433333333333,2.77435356666667,4.55966666666667,2.21716666666667,46.1385,0.03238470335,569.2105,4.93366666666667,49.545,27.4683333333333,60,"ok",TRUE
"MOD-00550","2026-08-04 08:00:00",2.8965,3.07838260000001,5.15483333333333,2.563,43.0925,0.02895155675,559.698666666667,5.1525,53.2466666666667,26.4566666666666,60,"ok",TRUE
"MOD-00550","2026-08-04 09:00:00",2.86133333333333,3.03309361666666,5.56216666666667,2.55266666666667,36.8396666666667,0.0219039883,553.672,4.88083333333333,53.975,26.1366666666667,60,"ok",TRUE
"MOD-00550","2026-08-04 10:00:00",2.68816666666667,2.9962524,5.98783333333334,2.35633333333333,35.2273333333333,0.0200867274,523.250333333333,4.64833333333333,54.2233333333333,25.69,60,"ok",TRUE
"MOD-00550","2026-08-04 11:00:00",2.74833333333333,3.04356581666667,5.33316666666667,2.4325,32.419,0.0169214549,501.153333333333,4.82633333333334,54.59,25.5033333333333,60,"ok",TRUE
"MOD-00550","2026-08-04 12:00:00",3.0345,3.37575781666667,6.723,2.574,31.8021666666667,0.01622622205,503.934333333333,4.758,55.4333333333333,25.4033333333333,60,"ok",TRUE
"MOD-00550","2026-08-04 13:00:00",4.47366666666667,5.50896599310345,20.9539655172414,2.83683333333333,32.8815,0.01744273865,807.923166666667,4.71583333333333,55.3616666666666,25.5633333333333,60,"ok",TRUE
"MOD-00550","2026-08-04 14:00:00",3.41566666666667,3.3647495,9.018,2.918,30.2921666666667,0.01452430105,511.620666666667,5.51466666666667,47.8816666666667,28.8766666666667,60,"ok",TRUE
"MOD-00550","2026-08-04 15:00:00",3.43116666666667,3.01405386666667,7.68716666666667,2.9825,21.6935,0.00483274385,398.057666666667,5.668,35.8233333333333,33.9616666666667,60,"ok",TRUE
"MOD-00550","2026-08-04 16:00:00",3.312,2.48640141666666,7.5865,2.929,24.6583333333333,0.0081744075,334.0775,6.10633333333333,30.1583333333333,37.945,60,"ok",TRUE
"MOD-00550","2026-08-04 17:00:00",3.49166666666667,2.3944305,7.54266666666667,3.0455,30.2486666666667,0.0144752722,221.0835,6.11833333333333,23.92,41.51,60,"ok",TRUE
"MOD-00550","2026-08-04 18:00:00",3.80683333333333,2.74826735,10.5873333333333,3.16083333333333,39.5108333333333,0.02491466025,255.840666666667,6.95533333333333,21.92,42.2466666666667,60,"ok",TRUE
"MOD-00550","2026-08-04 19:00:00",4.85559322033898,4.09415845762712,17.0666101694915,3.56694915254237,47.5515254237288,0.0339773243050847,352.83593220339,8.00220338983051,21.8203389830508,42.4915254237288,59,"ok",TRUE
"MOD-00550","2026-08-04 20:00:00",5.61666666666667,5.55491601666667,25.4798333333333,3.41483333333333,45.4655,0.03162616505,347.374166666667,7.6155,20.0666666666667,43.2716666666666,60,"ok",TRUE
"MOD-00550","2026-08-04 21:00:00",6.3315,6.62318671666667,37.6196666666667,3.49066666666667,47.4615,0.03387585665,409.435,8.10333333333333,19.7016666666667,42.93,60,"ok",TRUE
"MOD-00550","2026-08-04 22:00:00",7.181,8.17188321666666,40.0591666666667,3.54116666666667,47.1475,0.03352194725,419.918666666667,8.19,18.9466666666667,43.24,60,"ok",TRUE
"MOD-00550","2026-08-04 23:00:00",7.91372881355932,9.69898618644067,36.535593220339,3.5806779661017,47.762372881356,0.0342149704745763,437.67406779661,8.40508474576271,18.828813559322,43.0898305084746,59,"ok",TRUE
"MOD-00550","2026-08-05 00:00:00",8.257,10.1467259166667,51.2928333333333,3.54716666666667,48.9223333333333,0.0355223619,476.570166666667,8.33016666666667,19.355,42.2433333333333,60,"ok",TRUE
"MOD-00550","2026-08-05 01:00:00",8.27733333333333,10.78787375,40.0268333333333,3.49616666666667,49.4208333333333,0.03608422125,522.042833333333,8.18233333333334,20.95,40.0933333333333,60,"ok",TRUE
"MOD-00550","2026-08-05 02:00:00",8.12033333333334,10.6534837166667,40.3161666666667,3.57566666666667,49.4136666666667,0.0360761437,570.355333333333,7.74466666666666,23.36,37.3333333333333,60,"ok",TRUE
"MOD-00550","2026-08-05 03:00:00",8.98516666666667,12.14925085,50.754,3.6375,48.2425,0.03475612175,592.571833333333,7.68716666666667,25.9616666666667,35.8666666666667,60,"ok",TRUE
"MOD-00550","2026-08-05 04:00:00",5.05,5.83279863333333,24.0016666666667,3.01183333333333,51.0136666666667,0.0378795037,629.039333333334,7.75916666666667,29.94,34.9233333333333,60,"ok",TRUE
"MOD-00550","2026-08-05 05:00:00",3.7755,3.36347540000001,8.7565,3.1755,54.0415,0.04129217465,637.886,7.17083333333333,34.56,34.5966666666667,60,"ok",TRUE
"MOD-00550","2026-08-05 06:00:00",3.52133333333333,3.15108853333333,7.77533333333333,3.00966666666667,50.0045,0.03674207195,606.809,6.2225,36.4016666666667,33.8666666666667,60,"ok",TRUE
"MOD-00550","2026-08-05 07:00:00",3.67766666666667,3.42076248333333,8.89616666666667,3.06083333333333,48.0198333333333,0.03450515415,575.342666666667,5.71583333333333,37.5566666666667,33.195,60,"ok",TRUE
"MOD-00550","2026-08-05 08:00:00",4.8075,5.00662875,12.2213333333333,3.50483333333333,45.6128333333333,0.03179222445,560.8095,5.60783333333333,39.7916666666667,32.5733333333334,60,"ok",TRUE
"MOD-00550","2026-08-05 09:00:00",4.984,4.68540383333333,11.594,4.021,44.83,0.030909893,571.410833333333,5.57816666666667,43.6666666666667,31.615,60,"ok",TRUE
"MOD-00550","2026-08-05 10:00:00",5.01916666666666,4.4321821,10.6865,4.30566666666667,42.8306666666667,0.0286564444,571.871,5.26866666666667,47.0866666666667,30.5533333333333,60,"ok",TRUE
"MOD-00550","2026-08-05 11:00:00",5.242,4.8381444,12.7723333333333,4.34783333333333,40.0865,0.02556349415,559.359,4.9345,49.3066666666667,29.5316666666667,60,"ok",TRUE
"MOD-00550","2026-08-05 12:00:00",5.50683333333333,5.16913526666666,14.3051666666667,4.466,35.8165,0.02075077715,564.824333333333,4.6755,51.93,28.9466666666667,60,"ok",TRUE
"MOD-00550","2026-08-05 13:00:00",5.59533333333333,5.18855483333333,17.919,4.4765,32.5415,0.01705952465,587.500666666667,4.6265,52.945,29.1033333333333,60,"ok",TRUE
"MOD-00550","2026-08-05 14:00:00",5.8285,5.36910546666667,15.4325,4.65866666666667,31.5021666666667,0.01588809205,524.7065,5.8355,47.2533333333333,31.0983333333333,60,"ok",TRUE
"MOD-00550","2026-08-05 15:00:00",6.442,5.62843366666666,16.3613333333333,5.05266666666667,23.4896666666667,0.0068572033,448.571333333333,5.979,37.775,36.21,60,"ok",TRUE
"MOD-00550","2026-08-05 16:00:00",6.89183333333333,5.79439556666667,19.0181666666667,5.21433333333333,21.9385,0.00510888335,309.620166666667,5.98183333333333,29.695,41.315,60,"ok",TRUE
"MOD-00550","2026-08-05 17:00:00",6.876,5.62980525,13.2525,5.39016666666667,34.6223333333333,0.0194048319,317.620666666667,6.47533333333334,28.84,41.8133333333333,60,"ok",TRUE
"MOD-00550","2026-08-05 18:00:00",6.81466666666666,5.48931246666667,12.5323333333333,5.5235,40.83,0.026401493,417.567166666667,6.83233333333334,29.9966666666667,40.4583333333333,60,"ok",TRUE
"MOD-00550","2026-08-05 19:00:00",6.42533333333333,5.0173131,11.695,5.32566666666666,40.819,0.0263890949,435.065166666667,6.709,29.1333333333333,40.5333333333333,60,"ok",TRUE
"MOD-00550","2026-08-05 20:00:00",5.94762711864407,4.75118023728813,13.2445762711864,4.73525423728813,39.2825423728814,0.0246573535084746,403.619322033898,6.44796610169491,27.0576271186441,41.5728813559322,59,"ok",TRUE
"MOD-00550","2026-08-05 21:00:00",5.95216666666667,4.55849476666667,11.4461666666667,4.81266666666667,38.6198333333333,0.02391041415,375.5895,6.26083333333333,24.5083333333333,43.2,60,"ok",TRUE
"MOD-00550","2026-08-05 22:00:00",5.51333333333333,4.28658416666666,12.2166666666667,4.29083333333333,40.1558333333333,0.02564163975,368.713166666667,6.48033333333333,22.845,44.225,60,"ok",TRUE
"MOD-00550","2026-08-05 23:00:00",5.51866666666667,4.60258996666667,12.0296666666667,4.09616666666667,42.7318333333334,0.02854504935,407.143666666667,6.8205,22.4983333333333,44.0433333333333,60,"ok",TRUE
"MOD-00550","2026-08-06 00:00:00",5.55050847457627,4.69986649152543,14.5459322033898,4.12915254237288,45.8435593220339,0.0320522757118644,462.244745762712,7.2271186440678,23.2898305084746,42.7847457627119,59,"ok",TRUE
"MOD-00550","2026-08-06 01:00:00",6.0595,5.56885488333334,14.5873333333333,4.44083333333333,49.4771666666667,0.03614771455,545.1675,8.00116666666667,25.7433333333333,40.1533333333333,60,"ok",TRUE
"MOD-00550","2026-08-06 02:00:00",5.90116666666667,5.96229908333333,17.5276666666667,4.07583333333333,49.8355,0.03655159205,589.843333333333,8.02116666666667,29.3316666666667,37.21,60,"ok",TRUE
"MOD-00550","2026-08-06 03:00:00",5.87716666666667,6.10930696666667,20.8785,3.95366666666667,48.055,0.0345447905,592.630666666667,6.965,31.54,35.8666666666667,60,"ok",TRUE
"MOD-00550","2026-08-06 04:00:00",6.58566666666667,6.95263210000001,29.3676666666667,4.25483333333333,46.3678333333333,0.03264318495,573.017,7.16316666666667,33.675,34.9716666666667,60,"ok",TRUE
"MOD-00550","2026-08-06 05:00:00",3.31366666666667,3.69978768333333,16.2031666666667,2.43516666666667,57.4453333333333,0.0451286352,603.813,13.4813333333333,48.7666666666667,28.2,60,"ok",TRUE
"MOD-00550","2026-08-06 06:00:00",4.96733333333333,5.27188291666667,14.1205,3.73133333333333,56.65,0.044232215,634.525333333333,26.7511666666667,62.6316666666667,25.3333333333333,60,"ok",TRUE
"MOD-00550","2026-08-06 07:00:00",3.658,3.49664463333333,6.11633333333333,3.12966666666667,58.2158333333333,0.04599706575,674.640666666666,13.6783333333333,78.5683333333333,23.29,60,"ok",TRUE
"MOD-00550","2026-08-06 08:00:00",3.77866666666667,3.49111568333334,5.56883333333333,3.23633333333333,44.9575,0.03105359825,635.5575,7.031,80.16,23.8166666666667,60,"ok",TRUE
"MOD-00550","2026-08-06 09:00:00",3.5095,3.34887863333333,5.52283333333333,3.00566666666667,36.7458333333333,0.02179822875,571.247333333333,4.73716666666667,77.7183333333333,23.7433333333334,60,"ok",TRUE
"MOD-00550","2026-08-06 10:00:00",2.9885,3.03493561666666,4.19933333333333,2.62966666666667,30.0663333333333,0.0142697643,502.2385,4.452,67.845,24.5183333333333,60,"ok",TRUE
"MOD-00550","2026-08-06 11:00:00",2.98466666666667,3.13797651666667,4.86716666666667,2.68233333333333,22.3431666666667,0.00556498315,419.622833333333,4.8965,54.1633333333333,25.9633333333333,60,"ok",TRUE
"MOD-00550","2026-08-06 12:00:00",3.542,3.37192838333333,6.36083333333333,3.20466666666667,26.9025,0.01070380775,461.499166666667,6.103,61.3533333333333,25.375,60,"ok",TRUE
"MOD-00550","2026-08-06 13:00:00",3.92766666666667,3.63256945,7.4525,3.49916666666667,29.8495,0.01402537145,495.959833333333,6.20083333333333,63.6516666666667,25.4816666666667,60,"ok",TRUE
"MOD-00550","2026-08-06 14:00:00",4.11433333333333,3.65757735,7.3765,3.61666666666667,31.1218333333333,0.01545941835,506.564666666667,4.904,57.2483333333333,28.3,60,"ok",TRUE
"MOD-00550","2026-08-06 15:00:00",4.0515,3.41110006666667,6.4715,3.6215,23.2018333333333,0.00653278635000001,406.599166666667,6.4535,41.9883333333334,32.6383333333333,60,"ok",TRUE
"MOD-00550","2026-08-06 16:00:00",4.26866666666667,3.10301065,6.1595,3.86183333333333,21.7921666666667,0.00494395105,306.480333333333,6.01983333333333,31.3716666666667,38.1216666666667,60,"ok",TRUE
"MOD-00550","2026-08-06 17:00:00",4.18166666666667,2.86714075,5.52383333333333,3.77816666666667,31.3198333333333,0.01568258415,228.881,6.4065,25.6133333333333,40.8233333333333,60,"ok",TRUE
"MOD-00550","2026-08-06 18:00:00",4.61116666666667,3.15935786666666,6.76116666666667,4.187,43.876,0.0298346396,333.959166666667,8.40216666666667,25.5883333333333,40.645,60,"ok",TRUE
"MOD-00550","2026-08-06 19:00:00",5.4275,3.76041231666666,8.295,4.89633333333333,50.457,0.0372520847,412.712,9.457,25.8583333333333,40.7533333333333,60,"ok",TRUE
"MOD-00550","2026-08-06 20:00:00",5.10066666666667,3.49928506666667,8.19933333333333,4.5225,50.3451666666667,0.03712603735,404.218666666667,9.058,24.3766666666667,41.99,60,"ok",TRUE
"MOD-00550","2026-08-06 21:00:00",4.24316666666667,2.7091454,8.04383333333334,3.7935,50.4986666666666,0.0372990472,399.350166666667,8.79816666666667,22.5033333333333,42.9683333333333,60,"ok",TRUE
"MOD-00550","2026-08-06 22:00:00",3.961,2.93674156666667,10.833,3.123,47.1068333333333,0.03347611185,354.845333333333,8.80383333333333,19.6983333333333,43.9783333333333,60,"ok",TRUE
"MOD-00550","2026-08-06 23:00:00",3.91,3.07766827118644,13.905593220339,2.87610169491525,49.1686440677966,0.0357999787288135,397.682542372881,9.64322033898305,19.6525423728814,44.1050847457627,59,"ok",TRUE
"MOD-00550","2026-08-07 00:00:00",5.001,4.83122005,23.0945,3.13216666666667,50.4218333333333,0.03721244835,474.410166666667,9.50416666666666,21.535,42.5016666666667,60,"ok",TRUE
"MOD-00550","2026-08-07 01:00:00",5.6315,6.59969973333333,24.4218333333333,2.97916666666667,52.3515,0.03938737565,563.9415,9.51516666666667,24.8233333333333,39.2866666666667,60,"ok",TRUE
"MOD-00550","2026-08-07 02:00:00",5.521,6.72520253333334,26.1266666666667,2.90583333333333,52.0776666666667,0.0390787381,592.418833333333,9.38216666666667,27.69,36.4716666666667,60,"ok",TRUE
"MOD-00550","2026-08-07 03:00:00",4.20133333333333,4.62083918333334,16.4888333333333,2.774,50.7376666666667,0.0375684241,604.703833333333,7.90916666666667,31.3316666666667,34.875,60,"ok",TRUE
"MOD-00550","2026-08-07 04:00:00",3.65483333333333,3.9041178,13.0651666666667,2.64216666666667,48.3621666666667,0.03489099805,590.355333333333,6.82166666666667,33.7916666666667,33.5266666666667,60,"ok",TRUE
"MOD-00550","2026-08-07 05:00:00",3.5765,3.73384311666667,10.6846666666667,2.76033333333333,46.8486666666667,0.0331851322,601.23,6.26333333333333,38.4866666666667,31.8566666666667,60,"ok",TRUE
"MOD-00550","2026-08-07 06:00:00",3.18983333333333,3.32775943333333,9.01883333333333,2.58416666666667,45.2628333333333,0.03139773945,595.621333333333,5.92966666666667,42.3266666666667,30.395,60,"ok",TRUE
"MOD-00550","2026-08-07 07:00:00",3.54466666666667,3.36765405,7.6985,3.11866666666667,44.2636666666667,0.0302715787,581.224666666667,5.54266666666667,44.7116666666667,29.6733333333333,60,"ok",TRUE
"MOD-00550","2026-08-07 08:00:00",3.51233333333333,3.3459612,8.44266666666667,3.0985,41.889,0.0275950919,561.568833333333,5.2465,47.0066666666667,28.915,60,"ok",TRUE
"MOD-00550","2026-08-07 09:00:00",3.684,3.48511368333333,8.45416666666667,3.26683333333333,37.2128333333333,0.02232458445,548.608666666667,5.0935,48.5,28.3933333333333,60,"ok",TRUE
"MOD-00550","2026-08-07 10:00:00",3.6985,3.64272761666666,9.43633333333333,3.18316666666667,35.859,0.0207986789,541.961,4.88883333333333,49.88,27.7966666666667,60,"ok",TRUE
"MOD-00550","2026-08-07 11:00:00",3.82966666666667,3.6659318,8.00566666666666,3.36266666666667,34.1853333333333,0.0189122892,539.243666666667,5.2395,53.665,27.21,60,"ok",TRUE
"MOD-00550","2026-08-07 12:00:00",4.0025,3.81253845,9.43133333333333,3.49216666666667,32.4231666666667,0.01692615115,545.067666666667,5.2775,57.2616666666666,26.32,60,"ok",TRUE
"MOD-00550","2026-08-07 13:00:00",4.21083333333333,3.95965843333334,9.9605,3.64933333333333,33.5376666666667,0.0181823041,551.4965,5.18916666666667,58.04,26.4616666666667,60,"ok",TRUE
"MOD-00550","2026-08-07 14:00:00",4.5305,4.16503205,9.945,3.86233333333333,33.1056666666667,0.0176953969,505.802166666667,5.34866666666667,49.295,29.435,60,"ok",TRUE
"MOD-00550","2026-08-07 15:00:00",4.60966666666667,3.71659503333334,10.744,4.01066666666667,21.462,0.0045718202,408.998833333333,6.01616666666667,36.6083333333333,35.0733333333333,60,"ok",TRUE
"MOD-00550","2026-08-07 16:00:00",4.57633333333333,3.31770345,10.2198333333333,3.969,23.839,0.0072509369,273.6775,6.1155,27.74,40.035,60,"ok",TRUE
"MOD-00550","2026-08-07 17:00:00",4.426,2.93626526666666,15.097,3.78816666666667,33.389,0.0180147419,244.339,6.28533333333333,24.2333333333333,42.3183333333334,60,"ok",TRUE
"MOD-00550","2026-08-07 18:00:00",4.27233333333333,3.08363716666667,7.781,3.59033333333333,41.425,0.0270721175,314.210333333333,7.12233333333334,23.4966666666667,42.5183333333333,60,"ok",TRUE
"MOD-00550","2026-08-07 19:00:00",4.49762711864407,3.23881786440678,8.99830508474576,3.82864406779661,47.2238983050847,0.033608055779661,397.466440677966,8.18576271186441,23.7881355932203,41.9864406779661,59,"ok",TRUE
"MOD-00550","2026-08-07 20:00:00",4.573,3.21391666666667,9.581,3.90516666666667,47.5065,0.03392657615,409.7715,7.90366666666667,22.1183333333333,42.77,60,"ok",TRUE
"MOD-00550","2026-08-07 21:00:00",4.44983333333333,3.25569418333333,7.77066666666667,3.778,49.1173333333333,0.0357421464,434.941,8.71216666666667,21.7383333333333,42.3433333333333,60,"ok",TRUE
"MOD-00550","2026-08-07 22:00:00",4.3945,3.21010216666666,12.1391666666667,3.69783333333333,48.463,0.0350046473,469.313166666667,8.57533333333334,22.2866666666667,41.7066666666667,60,"ok",TRUE
"MOD-00550","2026-08-07 23:00:00",4.5835,3.70932233333333,9.4375,3.72933333333333,49.2298333333333,0.03586894515,535.457666666667,8.5925,24.0016666666667,40.625,60,"ok",TRUE
"MOD-00550","2026-08-08 00:00:00",4.23186440677966,3.15299491525423,8.9806779661017,3.3993220338983,42.3820338983051,0.0281507904067796,427.887457627119,6.67864406779661,20.4389830508475,43.7847457627119,59,"ok",TRUE
"MOD-00550","2026-08-08 01:00:00",4.4585,3.41870226666667,9.4195,3.62816666666667,46.4655,0.03275326505,444.265666666667,8.47583333333333,20.7833333333333,42.6766666666667,60,"ok",TRUE
"MOD-00550","2026-08-08 02:00:00",4.67916666666667,4.3080843,11.4518333333333,3.639,51.542,0.0384749882,612.821833333333,9.84833333333333,26.7333333333333,37.4966666666667,60,"ok",TRUE
"MOD-00550","2026-08-08 03:00:00",5.24733333333333,5.12460733841808,18.4250847457627,3.8805,52.2583333333334,0.0392823675,618.971,8.6885,28.7,35.6316666666667,60,"ok",TRUE
"MOD-00550","2026-08-08 04:00:00",9.4815,8.25505536355933,39.1735593220339,7.58166666666667,52.7396666666667,0.0398248783,591.436666666666,9.46633333333334,31.97,32.96,60,"ok",TRUE
"MOD-00550","2026-08-08 05:00:00",6.62716666666667,5.48824648333333,10.3206666666667,6.1755,53.7958333333333,0.04101528375,604.083333333333,10.3928333333333,37.0116666666667,29.7983333333333,60,"ok",TRUE
"MOD-00550","2026-08-08 06:00:00",5.41333333333333,4.61977733333333,7.38433333333333,5.183,52.2395,0.03926114045,593.799833333333,7.79016666666667,38.8566666666667,28.445,60,"ok",TRUE
"MOD-00550","2026-08-08 07:00:00",6.32016666666667,5.22922196666666,9.2575,5.9545,42.1401666666667,0.02787818185,487.680666666667,6.54733333333333,30.165,31.0866666666667,60,"ok",TRUE
"MOD-00550","2026-08-08 08:00:00",10.1181666666667,10.0075365333333,31.9228333333333,7.529,44.8545,0.03093750695,506.3595,6.59083333333333,32.445,31.2083333333334,60,"ok",TRUE
"MOD-00550","2026-08-08 09:00:00",11.0585,12.7652788833333,41.547,6.678,46.4333333333333,0.03271701,524.507166666667,5.8905,34.7766666666667,31.01,60,"ok",TRUE
"MOD-00550","2026-08-08 10:00:00",11.9181666666667,12.6110292833333,29.444,8.3175,46.0396666666667,0.0322733083,513.187333333333,5.813,34.4583333333333,30.6533333333333,60,"ok",TRUE
"MOD-00550","2026-08-08 11:00:00",11.915,12.8112009833333,22.0008333333333,8.3505,48.6381666666667,0.03520207765,534.234166666667,7.16333333333333,39.0133333333333,29.2233333333333,60,"ok",TRUE
"MOD-00550","2026-08-08 12:00:00",12.7963333333333,14.5451978166667,26.7281666666667,8.33716666666667,49.7765,0.03648509315,570.728666666667,7.10316666666667,46.24,27.1016666666667,60,"ok",TRUE
"MOD-00550","2026-08-08 13:00:00",6.91383333333333,7.61846303333333,13.6758333333333,5.08533333333333,46.19,0.032442749,539.8825,6.12433333333333,41.6516666666667,27.6566666666667,60,"ok",TRUE
"MOD-00550","2026-08-08 14:00:00",6.85583333333333,7.05241008333333,17.1606666666667,5.17116666666667,43.2973333333333,0.0291824244,526.831333333333,5.582,39.5183333333333,29.9483333333333,60,"ok",TRUE
"MOD-00550","2026-08-08 15:00:00",6.79483333333333,6.04792673333333,10.1171666666667,5.66933333333333,35.7025,0.02062228775,418.455333333333,6.14516666666667,29.5933333333333,34.9866666666667,60,"ok",TRUE
"MOD-00550","2026-08-08 16:00:00",5.20083333333333,4.19923028333333,8.53866666666666,4.44,33.7961666666667,0.01847365945,307.751333333333,6.51233333333334,22.9533333333333,39.31,60,"ok",TRUE
"MOD-00550","2026-08-08 17:00:00",5.22433333333333,3.89155875,7.70683333333333,4.589,38.6018333333333,0.02389012635,248.941333333333,7.865,18.745,41.5216666666667,60,"ok",TRUE
"MOD-00550","2026-08-08 18:00:00",5.50966666666667,3.94255976666667,7.67733333333333,4.887,43.7793333333333,0.0297256866,287.690333333333,9.09,18.1666666666667,42.5,30,"ok",FALSE
"MOD-00551","2026-07-30 00:00:00",3.19254237288136,1.55664091525424,3.68745762711864,2.98254237288136,50.1552542372881,0.0351816978983051,514.053050847458,26.4884745762712,19.0491525423729,44.1508474576271,59,"ok",TRUE
"MOD-00551","2026-07-30 01:00:00",3.16716666666667,1.98118693333333,5.38266666666667,2.895,44.7223333333333,0.0316579054,672.526833333333,33.8285,23.3416666666667,40.305,60,"ok",TRUE
"MOD-00551","2026-07-30 02:00:00",3.483,2.50347163333333,5.793,3.17466666666667,43.7686666666667,0.0310393572,635.373,36.5355,25.4466666666667,37.9166666666667,60,"ok",TRUE
"MOD-00551","2026-07-30 03:00:00",4.08433333333334,3.11507246666667,7.43166666666667,3.68466666666667,40.455,0.028890113,623.598,23.534,27.5266666666667,36.5016666666667,60,"ok",TRUE
"MOD-00551","2026-07-30 04:00:00",3.99516666666667,3.14722518333333,7.01583333333333,3.5665,40.1233333333333,0.028674994,584.382833333333,11.758,28.1066666666667,36.195,60,"ok",TRUE
"MOD-00551","2026-07-30 05:00:00",3.979,3.36982878333333,6.9765,3.48083333333333,40.089,0.0286527254,513.152833333333,8.44116666666667,26.6333333333333,35.7816666666667,60,"ok",TRUE
"MOD-00551","2026-07-30 06:00:00",4.79466666666667,4.07014788333333,7.9115,4.25083333333333,38.0341666666667,0.0273199605,500.191666666667,8.96283333333333,27.5366666666667,34.6716666666667,60,"ok",TRUE
"MOD-00551","2026-07-30 07:00:00",4.74083333333333,4.11088651666666,8.1715,4.22166666666667,32.6073333333333,0.0238001164,588.436333333333,14.9298333333333,32.7366666666667,32.5016666666667,60,"ok",TRUE
"MOD-00551","2026-07-30 08:00:00",4.8825,4.47149071666667,12.9998333333333,4.14316666666667,27.4483333333333,0.020453989,579.722333333333,15.0258333333333,36.7516666666667,30.8833333333333,60,"ok",TRUE
"MOD-00551","2026-07-30 09:00:00",5.01216666666667,4.44149075,11.3301666666667,4.40466666666667,30.1131666666667,0.0221823999,527.093166666667,6.94483333333333,36.25,30.72,60,"ok",TRUE
"MOD-00551","2026-07-30 10:00:00",5.338,4.69493971666666,10.6088333333333,4.70883333333333,31.9605,0.0233805803,522.228333333333,6.94633333333333,38.0916666666667,30.4416666666667,60,"ok",TRUE
"MOD-00551","2026-07-30 11:00:00",5.6675,4.96789573333334,11.6056666666667,4.98516666666667,28.6553333333333,0.0212368492,541.081333333333,7.56183333333334,40.7,29.74,60,"ok",TRUE
"MOD-00551","2026-07-30 12:00:00",5.959,5.18155746666667,13.5076666666667,5.2485,27.0788333333333,0.0202143313,555.292833333333,6.71583333333333,42.5983333333333,28.9016666666667,60,"ok",TRUE
"MOD-00551","2026-07-30 13:00:00",7.15483333333333,6.0284221,19.994,6.208,28.2131666666667,0.0209500599,559.688333333333,5.64516666666667,40.2766666666667,29.955,60,"ok",TRUE
"MOD-00551","2026-07-30 14:00:00",6.16533333333333,5.18393101666667,22.7425,5.09766666666667,34.6251666666667,0.0251088831,582.515,5.569,37.0333333333333,32.7683333333333,60,"ok",TRUE
"MOD-00551","2026-07-30 15:00:00",6.374,4.8552221,15.637,5.52566666666667,40.9451666666667,0.0292080351,465.933333333333,6.3855,30.51,37.0133333333333,60,"ok",TRUE
"MOD-00551","2026-07-30 16:00:00",5.713,3.89513618333332,12.6578333333333,5.01783333333334,47.0056666666667,0.0331388754,220.2715,4.34316666666667,21.625,41.8933333333333,60,"ok",TRUE
"MOD-00551","2026-07-30 17:00:00",6.31483333333334,4.06281165,18.6845,5.4575,52.378,0.0366233708,195.769666666667,5.75733333333333,17.8216666666667,44.58,60,"ok",TRUE
"MOD-00551","2026-07-30 18:00:00",5.90593220338983,3.7312352881356,15.435593220339,5.12694915254237,53.0598305084746,0.0370656060677966,262.175423728814,6.44406779661017,16.9372881355932,45.2440677966101,59,"ok",TRUE
"MOD-00551","2026-07-30 19:00:00",5.46616666666667,3.23944705,11.0288333333333,4.88516666666667,53.8018333333333,0.0375468691,322.064333333333,10.9625,16.68,45.64,60,"ok",TRUE
"MOD-00551","2026-07-30 20:00:00",4.79283333333333,2.69731273333333,9.13233333333333,4.29833333333333,52.9333333333333,0.03698356,362.144166666667,12.7391666666667,15.9966666666667,46.0383333333333,60,"ok",TRUE
"MOD-00551","2026-07-30 21:00:00",4.41491525423729,2.2599933220339,7.9664406779661,3.99186440677966,54.2740677966102,0.0378531603728814,349.837796610169,9.53338983050847,14.3372881355932,47.2525423728814,59,"ok",TRUE
"MOD-00551","2026-07-30 22:00:00",4.16478260869565,1.95544363768116,5.13652173913044,3.79260869565217,57.7648333333333,0.0401172709,299.527333333333,10.1468333333333,12.97,48.7666666666667,60,"ok",TRUE
"MOD-00551","2026-07-30 23:00:00",3.625,1.839263,6.18,3.19666666666667,52.6131666666667,0.0367758999,418.934333333333,13.6623333333333,13.9116666666667,47.275,60,"ok",TRUE
"MOD-00551","2026-07-31 00:00:00",3.60433333333333,2.17528921666667,5.75583333333333,3.19383333333333,45.8698333333333,0.0324021739,526.805166666667,23.6596666666667,15.8483333333333,44.3016666666667,60,"ok",TRUE
"MOD-00551","2026-07-31 01:00:00",3.746,2.49215778333333,8.53883333333334,3.30283333333333,42.3195,0.0300994277,585.660333333333,29.0736666666667,18.0466666666667,41.81,60,"ok",TRUE
"MOD-00551","2026-07-31 02:00:00",3.62216666666667,2.84143748333333,7.1295,3.148,40.4208333333333,0.0288679525,601.1285,30.6473333333333,20.0216666666667,39.125,60,"ok",TRUE
"MOD-00551","2026-07-31 03:00:00",4.05216666666667,3.38966058333333,8.0015,3.52233333333333,38.0876666666667,0.0273546606,621.714,28.942,21.9,37.225,60,"ok",TRUE
"MOD-00551","2026-07-31 04:00:00",4.91483333333333,4.15871113333333,10.3253333333333,4.28716666666667,35.7506666666667,0.0258388824,659.299833333333,16.5711666666667,23.4616666666667,35.91,60,"ok",TRUE
"MOD-00551","2026-07-31 05:00:00",4.62366666666667,4.03557263333333,8.77033333333334,4.04566666666667,36.8065,0.0265236959,614.002,11.7346666666667,24.2866666666667,35.1033333333333,60,"ok",TRUE
"MOD-00551","2026-07-31 06:00:00",4.7285,4.36651268333334,17.7865,3.80366666666667,37.8238333333333,0.0271835383,522.9785,14.0318333333333,24.18,34.845,60,"ok",TRUE
"MOD-00551","2026-07-31 07:00:00",4.4675,4.32656598333333,21.0725,3.31383333333333,42.8145,0.0304204847,641.461166666667,49.3391666666667,35.0916666666667,33.01,60,"ok",TRUE
"MOD-00551","2026-07-31 08:00:00",3.0465,2.63863146666666,5.16966666666667,2.78416666666667,41.775,0.029746265,618.833833333333,39.2745,39.1266666666667,31.2833333333333,60,"ok",TRUE
"MOD-00551","2026-07-31 09:00:00",2.78316666666667,2.49559663333334,5.18033333333333,2.52383333333333,39.3846666666667,0.0281958948,598.8835,17.576,42.6916666666667,30.1666666666667,60,"ok",TRUE
"MOD-00551","2026-07-31 10:00:00",2.82016666666667,2.58584816666667,4.97333333333333,2.5295,41.1156666666667,0.0293186214,557.686166666667,8.40933333333333,42.4883333333333,30.1883333333333,60,"ok",TRUE
"MOD-00551","2026-07-31 11:00:00",3.7445,3.41900206666667,7.41766666666667,3.3065,36.119,0.0260777834,547.338333333333,7.758,44.6616666666667,29.105,60,"ok",TRUE
"MOD-00551","2026-07-31 12:00:00",3.78266666666667,3.56918721666666,10.2461666666667,3.24033333333333,35.3876666666667,0.0256034406,562.344666666667,8.96983333333334,48.1333333333333,27.81,60,"ok",TRUE
"MOD-00551","2026-07-31 13:00:00",3.72533333333333,3.37798856666667,11.1886666666667,3.1835,37.5221666666667,0.0269878773,573.818,5.88316666666667,45.2033333333333,29.32,60,"ok",TRUE
"MOD-00551","2026-07-31 14:00:00",3.8255,3.36156046666667,18.627,2.90766666666667,43.574,0.0309130964,458.350833333333,5.1395,33.1983333333333,35.16,60,"ok",TRUE
"MOD-00551","2026-07-31 15:00:00",3.71694915254237,2.567178,8.26271186440678,3.14728813559322,50.4001694915254,0.0353405499322034,232.761186440678,3.75,23.5949152542373,41.3559322033898,59,"ok",TRUE
"MOD-00551","2026-07-31 16:00:00",4.57884615384615,2.91115632692307,10.3928846153846,4.02961538461538,53.146923076923,0.0371220943076923,283.015192307692,6.19288461538462,21.4134615384615,42.5538461538462,52,"ok",TRUE
"MOD-00551","2026-07-31 17:00:00",4.6525,3.09902569999999,9.96766666666667,4.01016666666667,53.4695,0.0373313177,215.402,6.15666666666667,17.4066666666667,43.795,60,"ok",TRUE
"MOD-00551","2026-07-31 18:00:00",4.7655,2.97971089999999,12.5416666666667,4.12566666666667,53.6731666666667,0.0374634159,245.3005,6.01233333333333,15.6633333333333,44.7966666666667,60,"ok",TRUE
"MOD-00551","2026-07-31 19:00:00",4.4145,2.53485203333333,12.931,3.89916666666667,50.9408333333334,0.0356912245,331.272166666667,12.1613333333333,15.8416666666667,44.6666666666666,60,"ok",TRUE
"MOD-00551","2026-07-31 20:00:00",4.07322033898305,2.55691088135593,8.77898305084746,3.49491525423729,50.4906779661017,0.0353992537288136,351.863389830508,12.4252542372881,15.0881355932203,45.0830508474576,59,"ok",TRUE
"MOD-00551","2026-07-31 21:00:00",4.16866666666667,2.44242065,11.2785,3.55483333333333,52.5156666666667,0.0367126614,375.155166666667,13.46,14.385,46.1833333333333,60,"ok",TRUE
"MOD-00551","2026-07-31 22:00:00",4.24416666666667,2.63478151666667,10.5258333333333,3.52866666666667,53.6721666666667,0.0374627673,381.611833333333,13.6245,13.9333333333333,46.7166666666667,60,"ok",TRUE
"MOD-00551","2026-07-31 23:00:00",4.37516666666667,2.8654919,12.6373333333333,3.57383333333333,52.6603333333333,0.0368064922,450.076666666667,12.393,14.5033333333333,45.9866666666667,60,"ok",TRUE
"MOD-00551","2026-08-01 00:00:00",4.47593220338983,2.95093428813559,17.1310169491525,3.64966101694915,52.3716949152543,0.0366192813220339,486.859830508475,15.0823728813559,15.0169491525424,44.7457627118644,59,"ok",TRUE
"MOD-00551","2026-08-01 01:00:00",4.4755,3.4996411,12.503,3.61566666666667,50.8438333333333,0.0356283103,541.3005,21.5155,16.0516666666667,42.415,60,"ok",TRUE
"MOD-00551","2026-08-01 02:00:00",4.89316666666667,4.2872074,13.774,3.894,44.605,0.031581803,593.560166666667,29.896,18.3833333333333,39.57,60,"ok",TRUE
"MOD-00551","2026-08-01 03:00:00",4.89233333333334,4.44983658333334,12.6765,3.9385,41.583,0.0296217338,615.622,25.7016666666667,20.0566666666667,37.8116666666667,60,"ok",TRUE
"MOD-00551","2026-08-01 04:00:00",5.20333333333333,4.6437941,15.4426666666667,4.26566666666667,39.433,0.0282272438,613.6535,16.6338333333333,21.4616666666667,36.5533333333333,60,"ok",TRUE
"MOD-00551","2026-08-01 05:00:00",5.17683333333333,4.87111515,14.6185,4.182,38.1436666666667,0.0273909822,628.476833333333,13.4658333333333,23.125,35.3633333333333,60,"ok",TRUE
"MOD-00551","2026-08-01 06:00:00",5.0475,4.93117895,14.2111666666667,4.01133333333333,38.2086666666667,0.0274331412,574.388833333333,10.6253333333333,23.4083333333333,34.9,60,"ok",TRUE
"MOD-00551","2026-08-01 07:00:00",5.04466666666667,5.16664656666667,13.682,3.93966666666667,36.614,0.0263988404,571.348166666667,10.6415,24.5133333333333,33.9516666666667,60,"ok",TRUE
"MOD-00551","2026-08-01 08:00:00",6.42433333333334,6.69896885000001,27.7978333333333,4.6955,26.0841666666667,0.0195691905,623.115833333333,14.9015,29.3883333333333,31.7266666666667,60,"ok",TRUE
"MOD-00551","2026-08-01 09:00:00",5.391,5.65535346666667,19.3726666666667,4.1775,27.128,0.0202462208,585.713,11.5801666666667,31.5983333333333,30.0566666666667,60,"ok",TRUE
"MOD-00551","2026-08-01 10:00:00",4.96166666666667,4.97307713333333,13.034,4.08066666666667,28.7968333333333,0.0213286261,584.614333333333,10.2815,33.7383333333333,30.185,60,"ok",TRUE
"MOD-00551","2026-08-01 11:00:00",4.67883333333333,4.78377743333334,13.377,3.832,26.7813333333333,0.0200213728,561.9025,8.059,35.8566666666667,29.1966666666667,60,"ok",TRUE
"MOD-00551","2026-08-01 12:00:00",5.0655,4.71990253333333,12.5986666666667,4.36816666666667,27.2423333333333,0.0203203774,576.6125,8.11783333333333,38.0416666666667,29.2966666666667,60,"ok",TRUE
"MOD-00551","2026-08-01 13:00:00",4.59666666666667,4.14476761666667,12.7875,3.95566666666667,31.7633333333333,0.023252698,597.4695,8.32216666666667,40.2633333333333,29.8866666666667,60,"ok",TRUE
"MOD-00551","2026-08-01 14:00:00",4.5475,4.32788071666667,12.1281666666667,3.73983333333333,37.026,0.0266660636,499.0135,5.56,33.0833333333333,32.3233333333333,60,"ok",TRUE
"MOD-00551","2026-08-01 15:00:00",5.00316666666666,3.86805206666666,11.4226666666667,4.2955,43.9968333333333,0.0311873461,408.796666666667,6.554,27.9916666666667,37.8166666666667,60,"ok",TRUE
"MOD-00551","2026-08-01 16:00:00",4.179,3.0414747,7.94766666666667,3.7165,47.2175,0.0332762705,396.775166666667,6.245,26.535,38.27,60,"ok",TRUE
"MOD-00551","2026-08-01 17:00:00",3.973,2.31387783333333,6.382,3.55833333333333,55.3611666666667,0.0385582527,279.875666666667,5.97933333333333,21.155,43.5633333333333,60,"ok",TRUE
"MOD-00551","2026-08-01 18:00:00",3.91939393939394,1.85977190909091,5.94181818181818,3.52030303030303,64.7493333333333,0.0446474176,117.064166666667,4.584,16.155,47.625,60,"ok",TRUE
"MOD-00551","2026-08-01 19:00:00",4.26818181818182,2.27747316666667,7.37090909090909,3.79636363636364,60.182,0.0416850452,273.009166666667,11.1643333333333,15.9483333333333,46.8166666666666,60,"ok",TRUE
"MOD-00551","2026-08-01 20:00:00",4.65915254237288,2.55889810169492,8.60101694915254,4.21033898305085,60.5857627118644,0.0419469256949152,332.73593220339,10.3342372881356,14.8152542372881,46.2966101694915,59,"ok",TRUE
"MOD-00551","2026-08-01 21:00:00",4.00783333333333,1.98626845000001,7.27716666666666,3.614,60.7881666666667,0.0420782049,285.666166666667,10.5013333333333,12.79,47.5433333333333,60,"ok",TRUE
"MOD-00551","2026-08-01 22:00:00",4.20866666666667,2.02867193333333,7.70633333333333,3.78866666666667,59.0821666666667,0.0409716933,335.375833333333,11.5331666666667,12.475,48.4166666666667,60,"ok",TRUE
"MOD-00551","2026-08-01 23:00:00",4.28525423728813,2.1679670338983,10.6520338983051,3.78305084745763,54.5816949152542,0.0380526873220339,404.759830508475,12.2042372881356,12.9,47.828813559322,59,"ok",TRUE
"MOD-00551","2026-08-02 00:00:00",3.7965,2.23614023333334,8.027,3.31916666666667,49.4323333333333,0.0347128114,483.456666666667,13.984,13.6066666666667,45.4416666666666,60,"ok",TRUE
"MOD-00551","2026-08-02 01:00:00",3.68916666666667,2.57954646666666,7.42933333333333,3.183,46.2216666666667,0.032630373,529.536666666667,19.3868333333333,14.4866666666667,42.8866666666667,60,"ok",TRUE
"MOD-00551","2026-08-02 02:00:00",4.32933333333333,3.39102016666667,8.97766666666667,3.77483333333333,42.1608333333333,0.0299965165,606.983,30.4411666666667,17.0766666666667,39.665,60,"ok",TRUE
"MOD-00551","2026-08-02 03:00:00",5.213,4.36392208333334,9.81216666666667,4.54783333333333,38.694,0.0277479284,663.38,31.6306666666667,19.3733333333333,37.4316666666667,60,"ok",TRUE
"MOD-00551","2026-08-02 04:00:00",5.36616666666667,4.52762213333334,11.46,4.74666666666667,36.9638333333333,0.0266257423,676.6515,23.9255,21.1616666666667,35.5483333333333,60,"ok",TRUE
"MOD-00551","2026-08-02 05:00:00",4.20733333333333,3.66476203333333,10.558,3.68216666666667,32.6241666666667,0.0238110345,685.525666666667,36.1223333333333,27.9516666666667,33.755,60,"ok",TRUE
"MOD-00551","2026-08-02 06:00:00",4.71983333333333,4.49882486666666,13.4223333333333,3.83833333333333,37.2865,0.0268350239,619.720166666667,12.959,27.935,33.6933333333333,60,"ok",TRUE
"MOD-00551","2026-08-02 07:00:00",4.50566666666667,3.83613644999999,9.21483333333334,4.0275,33.0946666666667,0.0241162008,644.415666666667,22.7961666666667,33.015,32.4916666666667,60,"ok",TRUE
"MOD-00551","2026-08-02 08:00:00",6.39033333333333,7.75388381666666,30.7025,3.85533333333333,35.3313333333333,0.0255669028,601.767833333334,9.54233333333333,31.98,32.3183333333333,60,"ok",TRUE
"MOD-00551","2026-08-02 09:00:00",7.60933333333333,11.5467231,38.4296666666667,3.10583333333333,40.5155,0.0289293533,509.204166666667,6.97466666666667,30.0483333333333,33.0933333333333,60,"ok",TRUE
"MOD-00551","2026-08-02 10:00:00",4.907,6.64254108333334,18.3101666666667,2.74683333333333,41.6091666666667,0.0296387055,502.056,7.23783333333333,31.5183333333333,32.5266666666667,60,"ok",TRUE
"MOD-00551","2026-08-02 11:00:00",5.25016666666667,6.44616986666666,16.4316666666667,3.45516666666667,39.836,0.0284886296,513.9225,7.1675,33.7316666666667,31.115,60,"ok",TRUE
"MOD-00551","2026-08-02 12:00:00",4.664,5.0329618,15.9126666666667,3.47766666666667,36.2225,0.0261449135,550.316166666667,8.99483333333333,36.8866666666666,30.43,60,"ok",TRUE
"MOD-00551","2026-08-02 13:00:00",4.25616666666667,5.23027625,16.7738333333333,2.7225,38.9393333333333,0.0279070516,530.514,6.07566666666667,34.1266666666667,31.7583333333333,60,"ok",TRUE
"MOD-00551","2026-08-02 14:00:00",4.1025,3.9199269,12.0716666666667,3.18466666666667,43.6136666666667,0.0309388242,455.068,6.14566666666667,30.715,35.0283333333333,60,"ok",TRUE
"MOD-00551","2026-08-02 15:00:00",4.86116666666667,3.85512545,11.6271666666667,4.129,46.1678333333333,0.0325954567,458.002833333333,6.66366666666667,30.0683333333333,36.985,60,"ok",TRUE
"MOD-00551","2026-08-02 16:00:00",5.49,4.60299405,12.9995,4.38583333333333,48.779,0.0342890594,427.9235,6.86166666666667,27.7233333333333,39.22,60,"ok",TRUE
"MOD-00551","2026-08-02 17:00:00",5.4415,4.69718263333334,14.3,3.994,56.3695,0.0392122577,223.034166666667,5.50833333333333,20.7733333333333,43.735,60,"ok",TRUE
"MOD-00551","2026-08-02 18:00:00",5.29847457627119,3.92678866101695,13.4079661016949,4.17338983050847,56.8210169491525,0.0395051115932203,308.125423728814,5.95508474576271,20.0135593220339,45.0491525423729,59,"ok",TRUE
"MOD-00551","2026-08-02 19:00:00",4.9295,3.06363353333333,8.34066666666667,4.396,52.0595,0.0364167917,373.5735,9.89766666666667,20.3983333333333,43.725,60,"ok",TRUE
"MOD-00551","2026-08-02 20:00:00",4.89433333333333,3.00278246666666,7.29933333333333,4.38833333333333,51.8443333333333,0.0362772346,415.657833333333,9.38616666666667,19.8016666666667,44.105,60,"ok",TRUE
"MOD-00551","2026-08-02 21:00:00",4.27766666666667,2.27573161666666,6.72083333333333,3.8435,56.3636666666667,0.0392084742,273.774666666667,6.032,16.0683333333333,46.5833333333333,60,"ok",TRUE
"MOD-00551","2026-08-02 22:00:00",4.05423728813559,2.02491503389831,7.30559322033898,3.65423728813559,56.5805084745763,0.0393491177966102,286.34,7.36440677966102,14.6525423728814,47.0898305084746,59,"ok",TRUE
"MOD-00551","2026-08-02 23:00:00",3.96366666666667,2.10082798333333,6.78616666666667,3.56016666666667,53.8903333333333,0.0376042702,366.7365,13.7583333333333,14.54,46.3766666666667,60,"ok",TRUE
"MOD-00551","2026-08-03 00:00:00",3.94566666666667,2.251406,7.809,3.52683333333333,50.7645,0.0355768547,419.017666666667,15.576,14.73,45.1033333333333,60,"ok",TRUE
"MOD-00551","2026-08-03 01:00:00",3.97316666666667,2.62581856666667,7.745,3.51766666666667,47.0053333333333,0.0331386592,504.4185,20.8953333333333,16.2016666666667,42.735,60,"ok",TRUE
"MOD-00551","2026-08-03 02:00:00",4.59783333333333,3.47471505,8.1775,4.07666666666667,43.4371666666667,0.0308243463,581.122666666667,29.7178333333333,18.665,39.7366666666667,60,"ok",TRUE
"MOD-00551","2026-08-03 03:00:00",5.423,4.24099018333333,10.2408333333333,4.83633333333333,41.2138333333333,0.0293822923,612.990333333333,27.58,20.3,37.9483333333333,60,"ok",TRUE
"MOD-00551","2026-08-03 04:00:00",5.44933333333333,4.35247618333334,9.97583333333333,4.87983333333333,40.5155,0.0289293533,618.2225,15.9403333333333,21.68,36.8316666666667,60,"ok",TRUE
"MOD-00551","2026-08-03 05:00:00",5.88283333333333,4.65882528333333,12.0708333333333,5.2655,39.0915,0.0280057469,624.0155,12.6701666666667,22.725,36.38,60,"ok",TRUE
"MOD-00551","2026-08-03 06:00:00",6.65966666666667,6.08480873333333,17.5123333333333,5.42116666666667,35.8805,0.0259230923,588.2465,12.3776666666667,24.7666666666667,35.3033333333333,60,"ok",TRUE
"MOD-00551","2026-08-03 07:00:00",5.34883333333333,4.8268249,12.082,4.57216666666667,30.2353333333333,0.0222616372,674.828833333333,14.2786666666667,28.8216666666667,33.1883333333333,60,"ok",TRUE
"MOD-00551","2026-08-03 08:00:00",5.34916666666667,4.65631265,13.0185,4.62083333333333,31.4026666666667,0.0230187696,625.328,20.5043333333333,32.7916666666667,32.55,60,"ok",TRUE
"MOD-00551","2026-08-03 09:00:00",4.8455,4.17728786666667,9.94633333333333,4.2385,33.1746666666667,0.0241680888,610.3735,13.3615,34.985,32.4883333333333,60,"ok",TRUE
"MOD-00551","2026-08-03 10:00:00",4.93333333333333,4.218631,12.0483333333333,4.30583333333333,34.6236666666667,0.0251079102,572.102,8.6575,36.115,31.965,60,"ok",TRUE
"MOD-00551","2026-08-03 11:00:00",5.0775,4.4253214,11.879,4.43183333333333,32.108,0.0234762488,578.262833333333,6.997,37.5416666666667,31.0983333333333,60,"ok",TRUE
"MOD-00551","2026-08-03 12:00:00",5.5975,4.92113941666666,17.2098333333333,4.7255,32.6228333333333,0.0238101697,556.601666666667,7.63683333333333,39.855,30.5983333333333,60,"ok",TRUE
"MOD-00551","2026-08-03 13:00:00",6.38766666666667,5.3591887,21.0413333333333,5.39033333333333,34.4656666666667,0.0250054314,599.214833333333,6.17483333333334,39.45,31.6183333333333,60,"ok",TRUE
"MOD-00551","2026-08-03 14:00:00",5.37183333333333,4.65343844999999,18.8095,4.33416666666667,38.6225,0.0277015535,577.665666666667,5.79483333333333,36.35,33.7866666666667,60,"ok",TRUE
"MOD-00551","2026-08-03 15:00:00",5.7928813559322,4.51638591525423,18.8337288135593,4.66474576271187,45.7277966101695,0.0323100488813559,357.484745762712,4.75813559322034,25.4457627118644,40.3694915254237,59,"ok",TRUE
"MOD-00551","2026-08-03 16:00:00",5.7495,4.46637511666666,15.3338333333333,4.77233333333333,46.5088333333333,0.0328166293,363.105666666667,6.6135,25.2616666666667,39.7816666666667,60,"ok",TRUE
"MOD-00551","2026-08-03 17:00:00",5.32116666666667,3.70858946666667,12.199,4.47383333333333,52.8338333333333,0.0369190243,283.793166666667,5.99666666666667,20.7616666666667,43.5483333333333,60,"ok",TRUE
"MOD-00551","2026-08-03 18:00:00",5.70216666666667,3.54333230000001,16.5866666666667,4.81866666666666,59.1506666666667,0.0410161224,200.961333333333,6.35716666666667,17.6766666666667,46.3416666666667,60,"ok",TRUE
"MOD-00551","2026-08-03 19:00:00",5.58583333333333,3.73581805,13.4251666666667,4.74466666666667,53.8876666666667,0.0376025406,365.927666666667,12.6741666666667,19.3033333333333,44.49,60,"ok",TRUE
"MOD-00551","2026-08-03 20:00:00",5.2955,3.44618376666667,7.79666666666667,4.75383333333333,45.9436666666667,0.0324500622,564.5985,17.1538333333333,21.895,42.615,60,"ok",TRUE
"MOD-00551","2026-08-03 21:00:00",4.95813559322034,2.94921055932203,8.64152542372881,4.37491525423729,53.3849152542373,0.0372764560338983,282.531694915254,6.25305084745763,15.4898305084746,46.3525423728814,59,"ok",TRUE
"MOD-00551","2026-08-03 22:00:00",4.742,2.68715508333333,8.37616666666666,4.2455,53.7831666666667,0.0375347619,288.5015,7.628,14.4483333333333,46.5,60,"ok",TRUE
"MOD-00551","2026-08-03 23:00:00",4.82116666666667,3.48637368333333,9.0265,4.21733333333334,44.1141666666667,0.0312634485,494.4685,24.7661666666667,16.9966666666667,41.8016666666667,60,"ok",TRUE
"MOD-00551","2026-08-04 00:00:00",4.98383333333333,3.43162276666667,8.97833333333333,4.4755,46.3051666666667,0.0326845311,491.3565,18.5283333333333,16.71,41.8716666666667,60,"ok",TRUE
"MOD-00551","2026-08-04 01:00:00",5.421,4.01375668333333,10.0715,4.82866666666667,44.6565,0.0316152059,522.499333333333,21.298,17.9566666666667,40.1966666666667,60,"ok",TRUE
"MOD-00551","2026-08-04 02:00:00",8.49083333333333,7.18490192068966,36.6627586206896,6.74433333333333,17.479,0.0139878794,820.4335,115.150166666667,53.5766666666667,29.3816666666667,60,"ok",TRUE
"MOD-00551","2026-08-04 03:00:00",3.61566666666667,3.15319506666667,5.41066666666667,3.28733333333333,21.4061666666667,0.0165350397,838.9885,63.4083333333333,58.845,26.1316666666667,60,"ok",TRUE
"MOD-00551","2026-08-04 04:00:00",3.28533333333333,2.8229297,4.851,3.08083333333333,30.3218333333333,0.0223177411,660.436166666667,13.8403333333333,52.3466666666667,27.2316666666666,60,"ok",TRUE
"MOD-00551","2026-08-04 05:00:00",3.23383333333333,2.75943926666667,5.84633333333333,2.984,32.457,0.0237026102,606.536166666667,9.69883333333333,54.5116666666667,27.1533333333334,60,"ok",TRUE
"MOD-00551","2026-08-04 06:00:00",1.77316666666667,1.829017,3.07133333333333,1.62566666666667,35.9941666666667,0.0259968165,531.438833333333,7.09033333333334,54.2566666666666,26.6466666666667,60,"ok",TRUE
"MOD-00551","2026-08-04 07:00:00",1.52516666666667,1.69423116666666,2.22066666666667,1.38,35.915,0.025945469,511.305666666667,7.61616666666667,57.33,25.915,60,"ok",TRUE
"MOD-00551","2026-08-04 08:00:00",2.09583333333333,2.1493063,3.49366666666667,1.8925,33.212,0.0241923032,506.821166666667,7.13466666666666,58.7566666666667,25.315,60,"ok",TRUE
"MOD-00551","2026-08-04 09:00:00",2.47716666666667,2.28196475,3.73516666666667,2.27716666666667,27.6948333333333,0.0206138689,514.694333333333,7.88933333333333,62.6133333333333,25.0533333333333,60,"ok",TRUE
"MOD-00551","2026-08-04 10:00:00",2.53666666666667,2.28225596666666,3.58566666666667,2.37066666666667,31.928,0.0233595008,486.065166666666,6.124,62.12,25.0833333333333,60,"ok",TRUE
"MOD-00551","2026-08-04 11:00:00",2.9745,2.54738265,4.76116666666667,2.751,26.3088333333333,0.0197149093,515.887166666667,7.242,66.5516666666666,24.4716666666667,60,"ok",TRUE
"MOD-00551","2026-08-04 12:00:00",3.4375,2.75809806666666,5.541,3.20666666666667,22.259,0.0170881874,510.856,7.0015,69.6083333333333,24.21,60,"ok",TRUE
"MOD-00551","2026-08-04 13:00:00",3.503,2.90032895,10.0965,3.108,23.7001666666667,0.0180229281,531.027666666667,5.33933333333333,65.72,25.125,60,"ok",TRUE
"MOD-00551","2026-08-04 14:00:00",3.71233333333333,2.97055113333333,12.7586666666667,3.2455,33.5336666666667,0.0244009362,527.540666666666,5.065,50.57,29.415,60,"ok",TRUE
"MOD-00551","2026-08-04 15:00:00",3.25316666666667,2.23313276666667,6.73466666666667,3.00683333333333,39.9115,0.0285375989,337.078833333333,4.21733333333333,37.7216666666667,34.7183333333333,60,"ok",TRUE
"MOD-00551","2026-08-04 16:00:00",2.97583333333333,1.87266306666667,4.99033333333333,2.7345,45.9786666666667,0.0324727632,207.586166666667,3.42683333333333,28.22,38.7366666666667,60,"ok",TRUE
"MOD-00551","2026-08-04 17:00:00",3.00576271186441,1.72774047457627,4.52779661016949,2.77322033898305,52.1979661016949,0.0365066008135593,178.25406779661,5.71525423728814,23.3813559322034,41.0915254237288,59,"ok",TRUE
"MOD-00551","2026-08-04 18:00:00",4.85283333333333,4.1787935,16.4486666666667,3.50966666666667,55.3038333333333,0.0385210663,208.100666666667,6.194,21.2083333333333,42.72,60,"ok",TRUE
"MOD-00551","2026-08-04 19:00:00",4.7945,4.40069756666667,16.394,3.3175,52.8556666666667,0.0369331854,270.392,6.91883333333333,20.195,42.7683333333333,60,"ok",TRUE
"MOD-00551","2026-08-04 20:00:00",5.42133333333333,5.56712921666667,20.9325,3.42533333333333,49.7851666666666,0.0349416591,342.731,9.92783333333333,19.675,42.4933333333333,60,"ok",TRUE
"MOD-00551","2026-08-04 21:00:00",4.89677966101695,4.39898793220339,22.98,3.26559322033898,50.2593220338983,0.0352491962711864,356.460508474576,9.90762711864407,18.4677966101695,43.6135593220339,59,"ok",TRUE
"MOD-00551","2026-08-04 22:00:00",5.3405,5.48131256666666,21.0106666666667,3.232,49.9778333333333,0.0350666227,370.265166666667,13.3618333333333,17.9483333333333,44.4466666666667,60,"ok",TRUE
"MOD-00551","2026-08-04 23:00:00",5.67133333333333,6.11507956666667,25.4853333333333,3.24716666666667,48.4846666666667,0.0340981548,449.16,22.5776666666667,19.49,43.63,60,"ok",TRUE
"MOD-00551","2026-08-05 00:00:00",4.285,4.12193711666667,13.5725,2.9365,46.6828333333333,0.0329294857,546.786833333333,33.4151666666667,22.6533333333333,41.0816666666667,60,"ok",TRUE
"MOD-00551","2026-08-05 01:00:00",3.67766666666667,2.96690713333333,7.27933333333333,3.03583333333333,46.542,0.0328381412,578.110666666667,34.6981666666667,24.8733333333333,39.2383333333333,60,"ok",TRUE
"MOD-00551","2026-08-05 02:00:00",3.715,2.9064777,6.527,3.2955,45.1445,0.0319317227,606.546166666667,39.1638333333334,28.2616666666667,36.5866666666667,60,"ok",TRUE
"MOD-00551","2026-08-05 03:00:00",3.762,3.04313495,6.12983333333333,3.351,44.4503333333333,0.0314814862,605.379166666666,30.935,30.6616666666667,35.2766666666667,60,"ok",TRUE
"MOD-00551","2026-08-05 04:00:00",3.691,2.9612731,8.14966666666667,3.25,42.6111666666667,0.0302886027,606.2685,30.5105,34.2866666666667,34.4066666666667,60,"ok",TRUE
"MOD-00551","2026-08-05 05:00:00",4.04383333333333,3.12493736666667,6.77366666666667,3.674,42.0883333333333,0.029949493,610.562,28.2906666666667,38.54,33.3666666666667,60,"ok",TRUE
"MOD-00551","2026-08-05 06:00:00",3.91283333333333,3.04513905,6.6015,3.56216666666667,43.48,0.030852128,543.811666666666,11.1571666666667,38.175,33.2416666666667,60,"ok",TRUE
"MOD-00551","2026-08-05 07:00:00",4.96383333333333,4.1009925,7.52833333333333,4.36933333333333,41.663,0.0296736218,531.485,11.1206666666667,40.6516666666667,32.6816666666667,60,"ok",TRUE
"MOD-00551","2026-08-05 08:00:00",5.948,4.52814588333334,9.6525,5.41366666666667,40.9313333333333,0.0291990628,558.139,11.5983333333333,45.355,31.69,60,"ok",TRUE
"MOD-00551","2026-08-05 09:00:00",6.0035,4.58942993333334,9.08433333333334,5.50766666666667,36.4921666666667,0.0263198193,540.930333333333,9.29816666666667,48.1583333333333,30.5333333333333,60,"ok",TRUE
"MOD-00551","2026-08-05 10:00:00",5.9555,4.98184296666666,15.286,5.10066666666667,32.9748333333333,0.0240384769,527.464333333333,7.38733333333333,50.0816666666667,29.6033333333333,60,"ok",TRUE
"MOD-00551","2026-08-05 11:00:00",5.29366666666667,4.67943943333334,10.7803333333333,4.57166666666667,33.9141666666667,0.0246477285,498.5745,5.5435,49.0233333333333,28.69,60,"ok",TRUE
"MOD-00551","2026-08-05 12:00:00",5.959,5.07038021666666,17.3478333333333,5.02966666666667,29.7398333333333,0.0219402559,534.810333333333,8.1695,53.48,28.4616666666667,60,"ok",TRUE
"MOD-00551","2026-08-05 13:00:00",6.9975,5.83447343333334,16.5116666666667,5.9695,29.8583333333333,0.022017115,533.786166666667,6.43366666666666,54.0716666666667,29.1133333333333,60,"ok",TRUE
"MOD-00551","2026-08-05 14:00:00",7.9675,6.00925691666667,14.4065,7.12716666666667,35.5345,0.0256986767,531.666166666667,5.9985,45.975,32.6566666666667,60,"ok",TRUE
"MOD-00551","2026-08-05 15:00:00",7.68416666666666,5.87500963333333,14.0463333333333,6.59366666666667,40.1391666666667,0.0286852635,335.993166666667,6.50916666666666,34.305,38.2316666666667,60,"ok",TRUE
"MOD-00551","2026-08-05 16:00:00",6.77533333333333,5.03528758333334,12.9885,5.74683333333333,44.725,0.031659635,287.081166666667,6.69616666666667,30.6933333333333,40.395,60,"ok",TRUE
"MOD-00551","2026-08-05 17:00:00",6.41783333333333,4.86308645,11.8305,5.339,46.4766666666667,0.032795766,319.857333333333,6.0675,29.0233333333333,41.3066666666667,60,"ok",TRUE
"MOD-00551","2026-08-05 18:00:00",6.35559322033898,4.45949176271187,11.2525423728814,5.40491525423729,48.8138983050847,0.034311694440678,298.533898305085,6.03220338983051,26.3033898305085,43.135593220339,59,"ok",TRUE
"MOD-00551","2026-08-05 19:00:00",6.39133333333333,4.51425936666666,11.475,5.525,45.8513333333333,0.0323901748,407.960166666667,9.8095,28.04,41.4366666666667,60,"ok",TRUE
"MOD-00551","2026-08-05 20:00:00",5.77783333333333,4.35307939999999,12.0636666666667,4.75433333333333,45.1315,0.0319232909,396.0375,7.694,26.345,41.89,60,"ok",TRUE
"MOD-00551","2026-08-05 21:00:00",5.9085,4.03826968333333,11.6781666666667,5.00533333333333,47.99,0.033777314,347.779666666667,6.5455,23.6433333333333,44.0066666666667,60,"ok",TRUE
"MOD-00551","2026-08-05 22:00:00",5.61101694915254,3.99248942372881,12.3149152542373,4.60135593220339,48.2916949152542,0.0339729933220339,364.752881355932,7.78440677966102,22.5220338983051,44.3338983050848,59,"ok",TRUE
"MOD-00551","2026-08-05 23:00:00",5.48966666666667,3.96476201666666,13.4165,4.46683333333333,46.9598333333333,0.0331091479,413.103833333333,10.4103333333333,22.71,43.7766666666667,60,"ok",TRUE
"MOD-00551","2026-08-06 00:00:00",5.43383333333333,4.13361836666667,12.2616666666667,4.43166666666667,45.0346666666667,0.0318604848,479.079666666667,14.4158333333333,24.28,42.06,60,"ok",TRUE
"MOD-00551","2026-08-06 01:00:00",5.813,5.14408531666667,15.1908333333333,4.454,44.2671666666667,0.0313626843,534.517,24.9295,26.55,39.6083333333333,60,"ok",TRUE
"MOD-00551","2026-08-06 02:00:00",5.69433333333334,5.31324408333334,17.7705,4.30633333333333,41.5875,0.0296246525,583.556,37.2383333333333,30.6,36.5216666666667,60,"ok",TRUE
"MOD-00551","2026-08-06 03:00:00",5.297,4.90593308333333,14.3265,4.11366666666667,40.8528333333333,0.0291481477,570.968,14.3583333333333,32.2416666666667,35.7066666666667,60,"ok",TRUE
"MOD-00551","2026-08-06 04:00:00",5.41916666666667,4.80429251666666,15.7508333333333,4.33116666666666,39.9548333333333,0.0285657049,548.042333333333,11.4403333333333,33.6266666666667,35.09,60,"ok",TRUE
"MOD-00551","2026-08-06 05:00:00",5.73383333333333,4.75165893333333,30.4813333333333,4.53483333333333,36.774,0.0265026164,589.415333333334,60.63,52.385,29.3666666666667,60,"ok",TRUE
"MOD-00551","2026-08-06 06:00:00",4.63766666666667,4.01792751666667,6.46116666666667,4.02133333333333,34.1688333333333,0.0248129053,654.260333333334,67.5995,76.535,23.4816666666667,60,"ok",TRUE
"MOD-00551","2026-08-06 07:00:00",3.36483333333333,2.81826211666666,5.03716666666667,3.04133333333333,33.0741666666667,0.0241029045,602.011833333333,42.1843333333333,77.4416666666666,22.765,60,"ok",TRUE
"MOD-00551","2026-08-06 08:00:00",2.51733333333333,2.23099843333334,4.16833333333333,2.19166666666667,32.3403333333333,0.0236269402,590.446833333333,15.2381666666667,76.5666666666667,23.49,60,"ok",TRUE
"MOD-00551","2026-08-06 09:00:00",2.32066666666667,2.16098245,3.7125,2.037,35.6928333333333,0.0258013717,497.3295,6.89416666666666,71.2033333333333,24.05,60,"ok",TRUE
"MOD-00551","2026-08-06 10:00:00",2.408,2.25155406666667,3.572,2.22133333333333,39.7335,0.0284221481,442.5805,5.52533333333333,64.1516666666667,24.4616666666667,60,"ok",TRUE
"MOD-00551","2026-08-06 11:00:00",3.21583333333333,2.68470546666667,4.443,3.00783333333333,38.0333333333333,0.02731942,459.296166666667,6.184,66.0166666666667,24.65,60,"ok",TRUE
"MOD-00551","2026-08-06 12:00:00",3.63833333333333,3.06818191666667,6.24083333333333,3.35166666666667,36.7283333333333,0.026472997,464.874333333333,5.8465,64.0366666666667,24.8116666666667,60,"ok",TRUE
"MOD-00551","2026-08-06 13:00:00",3.30233333333333,2.84930241666666,6.1235,2.99083333333333,33.3591666666667,0.0242877555,625.5115,5.9,63.435,25.2833333333333,60,"ok",TRUE
"MOD-00551","2026-08-06 14:00:00",3.73833333333333,2.99565976666667,6.18833333333333,3.482,41.9225,0.0298419335,513.311833333333,5.69016666666667,51.6516666666667,28.4783333333333,60,"ok",TRUE
"MOD-00551","2026-08-06 15:00:00",3.7615,2.6764596,5.183,3.5335,44.3496666666667,0.0314161938,348.5245,5.30883333333334,38.1233333333333,34.0733333333333,60,"ok",TRUE
"MOD-00551","2026-08-06 16:00:00",4.39216666666667,2.67554473333334,7.096,4.08433333333333,48.4481666666667,0.0340744809,196.103666666667,3.964,27.1083333333333,40.0283333333333,60,"ok",TRUE
"MOD-00551","2026-08-06 17:00:00",4.914,2.88133081666666,6.86016666666667,4.6055,52.1188333333333,0.0364552753,276.37,6.71383333333334,25.2016666666667,41.5,60,"ok",TRUE
"MOD-00551","2026-08-06 18:00:00",4.78627118644068,2.67121,7.26576271186441,4.56677966101695,54.9764406779661,0.0383087194237288,330.220677966102,7.24169491525423,23.9915254237288,41.5118644067797,59,"ok",TRUE
"MOD-00551","2026-08-06 19:00:00",4.01666666666667,2.34657436666667,5.14866666666667,3.78883333333333,54.279,0.0378563594,361.664,10.4535,22.9733333333333,41.24,60,"ok",TRUE
"MOD-00551","2026-08-06 20:00:00",4.03333333333333,2.40048878333333,5.60816666666667,3.78116666666667,54.7706666666667,0.0381752544,430.0935,16.0888333333333,24.5633333333333,40.7066666666667,60,"ok",TRUE
"MOD-00551","2026-08-06 21:00:00",3.97866666666667,2.3032757,5.37466666666667,3.74733333333333,55.0543333333333,0.0383592406,428.684166666666,10.987,22.3983333333333,41.4866666666667,60,"ok",TRUE
"MOD-00551","2026-08-06 22:00:00",3.421,1.96838218333333,4.9925,3.15566666666667,55.5408333333333,0.0386747845,404.640166666667,12.2683333333333,21.45,42.03,60,"ok",TRUE
"MOD-00551","2026-08-06 23:00:00",3.2065,1.85461098333333,6.39283333333333,2.895,53.1715,0.0371380349,414.582833333333,13.7236666666667,21.0366666666667,42.0983333333333,60,"ok",TRUE
"MOD-00551","2026-08-07 00:00:00",4.1655,3.65999723333333,11.4043333333333,3.09016666666667,48.9988333333333,0.0344316433,470.236833333333,22.9661666666667,22.4783333333333,41.1733333333333,60,"ok",TRUE
"MOD-00551","2026-08-07 01:00:00",4.70783333333333,4.80676285,14.8438333333333,3.17033333333333,46.4108333333333,0.0327530665,522.454333333334,33.5555,25.815,39.345,60,"ok",TRUE
"MOD-00551","2026-08-07 02:00:00",3.83,2.86955226666667,6.97166666666667,3.45783333333333,45.149,0.0319346414,626.3245,51.3978333333333,33.3966666666667,35.4066666666667,60,"ok",TRUE
"MOD-00551","2026-08-07 03:00:00",4.1845,3.09457175,5.5085,3.9335,43.476,0.0308495336,613.532,44.6783333333333,37.425,33.445,60,"ok",TRUE
"MOD-00551","2026-08-07 04:00:00",4.1935,3.18257331666667,5.75516666666667,3.93616666666667,42.8056666666667,0.0304147554,567.582666666667,22.6196666666667,39.075,32.4766666666667,60,"ok",TRUE
"MOD-00551","2026-08-07 05:00:00",4.29816666666667,3.32589568333333,5.26283333333333,4.044,41.9243333333333,0.0298431226,543.281333333333,12.6728333333333,40.8983333333333,31.6116666666667,60,"ok",TRUE
"MOD-00551","2026-08-07 06:00:00",4.6895,3.58217698333333,6.2875,4.42283333333333,39.041,0.0279729926,543.192833333333,11.0671666666667,43.5683333333333,30.8016666666667,60,"ok",TRUE
"MOD-00551","2026-08-07 07:00:00",4.97383333333333,3.80795671666666,6.5145,4.68766666666667,34.6365,0.0251162339,565.992666666667,10.9471666666667,47.105,29.815,60,"ok",TRUE
"MOD-00551","2026-08-07 08:00:00",5.10866666666667,3.88924098333334,7.93716666666666,4.78966666666667,30.914,0.0227018204,609.394166666666,10.2603333333333,50.8916666666667,28.9083333333333,60,"ok",TRUE
"MOD-00551","2026-08-07 09:00:00",5.16433333333333,3.97639775,8.11716666666667,4.81133333333333,29.029,0.0214792094,537.008,9.30816666666666,55.0133333333333,27.8883333333333,60,"ok",TRUE
"MOD-00551","2026-08-07 10:00:00",5.03266666666667,3.90457541666667,8.34316666666667,4.67166666666667,29.3903333333333,0.0217135702,515.798666666666,7.459,56.16,27.5383333333333,60,"ok",TRUE
"MOD-00551","2026-08-07 11:00:00",4.7875,3.70702430000001,7.96133333333333,4.46533333333333,27.2648333333333,0.0203349709,510.901666666667,6.44883333333333,56.6233333333333,27.335,60,"ok",TRUE
"MOD-00551","2026-08-07 12:00:00",4.618,3.67810058333333,9.1635,4.18716666666667,23.885,0.018142811,533.633333333333,6.88516666666667,59.17,27.08,60,"ok",TRUE
"MOD-00551","2026-08-07 13:00:00",4.33333333333333,3.5388346,11.5003333333333,3.80516666666667,29.7471666666667,0.0219450123,534.906333333333,5.97616666666667,57.98,27.5366666666667,60,"ok",TRUE
"MOD-00551","2026-08-07 14:00:00",3.25,2.7371852,8.96533333333333,2.80716666666667,38.2788333333333,0.0274786513,508.456666666667,6.08633333333333,46.8883333333333,30.6466666666667,60,"ok",TRUE
"MOD-00551","2026-08-07 15:00:00",3.70833333333333,2.76245368333333,7.3005,3.32466666666667,43.007,0.0305453402,348.569,6.15216666666667,35.365,35.1533333333333,60,"ok",TRUE
"MOD-00551","2026-08-07 16:00:00",4.22474576271186,2.71230501694916,8.17694915254237,3.78423728813559,47.85,0.03368651,231.513559322034,6.25338983050847,27.635593220339,40.1457627118644,59,"ok",TRUE
"MOD-00551","2026-08-07 17:00:00",4.29633333333333,2.42282471666667,10.2118333333333,3.83816666666667,53.084,0.0370812824,175.727166666667,6.22516666666667,22.7766666666667,43.2916666666667,60,"ok",TRUE
"MOD-00551","2026-08-07 18:00:00",5.19866666666667,3.15567040000001,13.05,4.572,55.4178333333333,0.0385950067,281.611333333333,7.49066666666667,21.815,43.7116666666667,60,"ok",TRUE
"MOD-00551","2026-08-07 19:00:00",5.3215,3.18322236666666,10.333,4.758,56.406,0.0392359316,318.439833333333,9.58966666666667,20.75,44.3633333333333,60,"ok",TRUE
"MOD-00551","2026-08-07 20:00:00",4.64813559322034,2.74215971186441,9.35745762711865,4.10457627118644,56.0525423728813,0.0390066789830508,351.985593220339,12.1415254237288,19.828813559322,44.6457627118644,59,"ok",TRUE
"MOD-00551","2026-08-07 21:00:00",4.42733333333334,2.58161128333334,7.74516666666667,3.88983333333333,55.3808333333333,0.0385710085,364.798,14.8546666666667,18.6733333333333,45.43,60,"ok",TRUE
"MOD-00551","2026-08-07 22:00:00",4.34683333333333,2.58095185,8.94683333333333,3.69516666666667,54.597,0.0380626142,373.645833333333,15.3248333333333,17.9066666666667,46.2633333333333,60,"ok",TRUE
"MOD-00551","2026-08-07 23:00:00",4.41916666666667,2.76204371666667,7.3625,3.7585,51.9603333333333,0.0363524722,423.179,18.7055,18.1583333333333,45.8333333333333,60,"ok",TRUE
"MOD-00551","2026-08-08 00:00:00",4.6165,3.04184123333334,12.0063333333333,3.882,49.2086666666667,0.0345677412,498.442833333333,25.7501666666667,19.515,44.0116666666667,60,"ok",TRUE
"MOD-00551","2026-08-08 01:00:00",4.86152542372881,3.88081184745763,11.7981355932203,3.96305084745763,45.8179661016949,0.0323685328135593,601.604915254238,39.8449152542373,23.3762711864407,40.3677966101695,59,"ok",TRUE
"MOD-00551","2026-08-08 02:00:00",4.98116666666667,4.38299876666667,11.2193333333333,4.033,43.5188333333333,0.0308773153,628.402666666667,40.1903333333333,26.395,37.45,60,"ok",TRUE
"MOD-00551","2026-08-08 03:00:00",5.2235,4.50016089999999,11.599,4.373,42.3195,0.0300994277,627.894,31.0851666666667,28.225,36.025,60,"ok",TRUE
"MOD-00551","2026-08-08 04:00:00",8.43966666666666,6.62125734999999,28.2348333333333,7.29266666666667,42.5891666666666,0.0302743335,609.2835,24.422,30.7783333333333,34.0083333333333,60,"ok",TRUE
"MOD-00551","2026-08-08 05:00:00",8.886,6.71911426666667,12.053,8.425,46.4518333333333,0.0327796591,526.040333333333,10.5876666666667,29.7466666666667,32.115,60,"ok",TRUE
"MOD-00551","2026-08-08 06:00:00",8.32966666666667,6.11494981666667,10.7645,8.11966666666667,46.4791666666667,0.0327973875,474.593833333333,7.45333333333333,26.1766666666667,32.075,60,"ok",TRUE
"MOD-00551","2026-08-08 07:00:00",7.68283333333333,5.83488451666667,10.8798333333333,7.3465,46.5038333333333,0.0328133863,445.220333333333,8.343,24.3416666666667,33.0033333333334,60,"ok",TRUE
"MOD-00551","2026-08-08 08:00:00",7.24983333333333,6.49195463333333,14.7136666666667,6.203,46.0901666666667,0.0325450821,479.642333333333,10.6871666666667,26.9033333333333,33.1633333333333,60,"ok",TRUE
"MOD-00551","2026-08-08 09:00:00",13.0928333333333,14.0136740666667,28.162,9.51183333333333,44.1853333333333,0.0313096072,554.742333333333,41.3725,35.2233333333333,31.5216666666667,60,"ok",TRUE
"MOD-00551","2026-08-08 10:00:00",12.9151666666667,14.9220627166667,23.5301666666667,8.90916666666666,43.6641666666667,0.0309715785,582.6195,36.3116666666667,40.8416666666667,29.385,60,"ok",TRUE
"MOD-00551","2026-08-08 11:00:00",8.59983333333333,9.29875413333334,15.0503333333333,6.48633333333333,43.163,0.0306465218,551.526166666667,13.8611666666667,41.5383333333333,28.72,60,"ok",TRUE
"MOD-00551","2026-08-08 12:00:00",7.5845,7.86433725,12.7035,6.021,43.5645,0.0309069347,527.974166666667,9.489,41.3833333333333,28.2783333333333,60,"ok",TRUE
"MOD-00551","2026-08-08 13:00:00",5.68816666666667,5.49820336666667,9.81533333333334,4.8385,43.4868333333333,0.0308565601,519.877,7.01,39.3483333333333,28.9883333333333,60,"ok",TRUE
"MOD-00551","2026-08-08 14:00:00",5.16366666666667,4.47280696666667,7.44933333333333,4.64033333333333,43.7431666666667,0.0310228179,473.942333333333,5.7605,34.3433333333333,31.765,60,"ok",TRUE
"MOD-00551","2026-08-08 15:00:00",6.3525,5.00589284999999,9.99316666666667,5.74166666666667,46.193,0.0326117798,406.932666666667,5.89883333333333,29.11,35.0333333333333,60,"ok",TRUE
"MOD-00551","2026-08-08 16:00:00",6.43966666666667,4.50532438333334,10.2378333333333,5.93933333333333,49.8605,0.0349905203,333.101666666667,6.56466666666667,23.9883333333333,38.7683333333333,60,"ok",TRUE
"MOD-00551","2026-08-08 17:00:00",5.66683333333333,3.42483338333334,7.9095,5.32533333333333,56.1661666666667,0.0390803757,204.1435,6.3945,18.0216666666667,43.0033333333333,60,"ok",TRUE
"MOD-00551","2026-08-08 18:00:00",7.10483870967742,4.12313838709678,13.7335483870968,6.65741935483871,58.4051612903226,0.0405325876129032,211.192580645161,5.77870967741935,16.4290322580645,44.641935483871,31,"ok",FALSE
"MOD-00552","2026-07-30 00:00:00",3.18542372881356,2.78861794915254,6.47593220338983,2.7093220338983,43.9218644067797,0.0386473734915254,547.927627118644,30.6362711864407,19.3203389830508,44.0084745762712,59,"ok",TRUE
"MOD-00552","2026-07-30 01:00:00",3.2835,2.93830858333334,6.6365,2.80666666666667,41.424,0.0368179376,585.84,31.4846666666667,21.45,41.9633333333333,60,"ok",TRUE
"MOD-00552","2026-07-30 02:00:00",3.29966666666667,3.03283253333333,8.38716666666667,2.78883333333333,40.2636666666667,0.0359681094666667,589.594166666667,28.707,22.8666666666667,40.0566666666667,60,"ok",TRUE
"MOD-00552","2026-07-30 03:00:00",3.69833333333333,3.4168207,12.4268333333333,3.09016666666667,37.6708333333333,0.0340691183333333,605.493333333333,25.4008333333333,25.2616666666667,38.5683333333333,60,"ok",TRUE
"MOD-00552","2026-07-30 04:00:00",3.984,3.79872231666667,15.4646666666667,3.24216666666667,36.3418333333333,0.0330957587333333,609.630666666666,14.2438333333333,27.2716666666667,37.32,60,"ok",TRUE
"MOD-00552","2026-07-30 05:00:00",3.94483333333333,3.83262535,15.4131666666667,3.205,32.6761666666667,0.0304110244666667,610.7415,13.1196666666667,29.5616666666667,35.9833333333333,60,"ok",TRUE
"MOD-00552","2026-07-30 06:00:00",4.28933333333333,4.17344743333333,11.3853333333333,3.56433333333333,34.326,0.0316193624,538.897,8.55183333333333,27.83,35.0783333333333,60,"ok",TRUE
"MOD-00552","2026-07-30 07:00:00",4.33833333333333,4.24805453333333,9.416,3.63133333333333,34.7188333333333,0.0319070735333333,495.151,8.2825,27.2383333333333,34.51,60,"ok",TRUE
"MOD-00552","2026-07-30 08:00:00",4.415,4.32535676666667,9.893,3.70666666666667,33.8021666666667,0.0312357068666667,499.9135,8.47,28.0233333333333,33.6333333333333,60,"ok",TRUE
"MOD-00552","2026-07-30 09:00:00",4.34583333333333,4.2324075,9.535,3.69166666666667,31.8451666666667,0.0298024000666667,500.563833333333,8.25516666666667,28.5783333333333,32.8666666666667,60,"ok",TRUE
"MOD-00552","2026-07-30 10:00:00",4.7815,4.72548056666667,10.6571666666667,4.0295,22.4276666666667,0.0229050230666667,544.3755,11.6201666666667,32.8,31.6066666666667,60,"ok",TRUE
"MOD-00552","2026-07-30 11:00:00",5.0365,5.06849715,17.5621666666667,4.10533333333333,17.2138333333333,0.0190864115333333,587.018666666667,12.8403333333333,37.275,30.39,60,"ok",TRUE
"MOD-00552","2026-07-30 12:00:00",5.831,5.53901125,46.9481666666667,4.45333333333333,17.9188333333333,0.0196027535333333,1032.7775,9.42983333333333,38.9433333333333,30.1366666666667,60,"ok",TRUE
"MOD-00552","2026-07-30 13:00:00",5.19366666666666,5.13591301666666,18.5676666666667,4.24616666666667,26.4786666666667,0.0258719754666667,579.804833333333,6.176,37.61,31.5116666666667,60,"ok",TRUE
"MOD-00552","2026-07-30 14:00:00",5.27016666666667,5.1680473,16.993,4.295,34.9441666666667,0.0320721076666667,531.809833333333,6.08033333333333,34.1333333333333,33.8916666666667,60,"ok",TRUE
"MOD-00552","2026-07-30 15:00:00",5.4295,5.06150366666667,17.4605,4.47516666666667,41.9956666666667,0.0372366262666667,448.446333333333,6.40916666666667,28.3066666666667,37.575,60,"ok",TRUE
"MOD-00552","2026-07-30 16:00:00",5.449,4.66010021666666,16.3991666666667,4.64466666666667,49.8056666666667,0.0429566702666667,308.645333333333,6.61333333333333,21.6216666666667,42.09,60,"ok",TRUE
"MOD-00552","2026-07-30 17:00:00",4.89762711864407,4.10891410169491,11.2508474576271,4.21627118644068,53.5681355932203,0.0457123025084746,231.344237288136,6.0235593220339,17.1576271186441,44.6932203389831,59,"ok",TRUE
"MOD-00552","2026-07-30 18:00:00",4.94033333333333,4.19781975,11.418,4.19916666666667,52.3401666666667,0.0448129380666667,270.741166666667,9.51033333333333,16.2233333333333,45.4016666666666,60,"ok",TRUE
"MOD-00552","2026-07-30 19:00:00",4.7655,3.92796936666666,14.698,4.06133333333333,50.8306666666667,0.0437073802666667,361.527166666667,16.0156666666667,16.1966666666667,45.47,60,"ok",TRUE
"MOD-00552","2026-07-30 20:00:00",4.51796610169492,3.81410744067797,15.3094915254237,3.75033898305085,51.4615254237288,0.044169421220339,416.43406779661,15.714406779661,15.406779661017,46.1983050847458,59,"ok",TRUE
"MOD-00552","2026-07-30 21:00:00",4.41316666666667,3.59080665,11.4788333333333,3.76033333333333,53.6721666666667,0.0457884948666667,364.322333333333,14.2268333333333,14.0766666666667,48.0133333333333,60,"ok",TRUE
"MOD-00552","2026-07-30 22:00:00",3.76142857142857,2.60504842857143,24.32,3.20714285714286,53.0636666666667,0.0453428294666667,364.076833333333,14.5488333333333,13.1483333333333,48.8516666666667,60,"ok",TRUE
"MOD-00552","2026-07-30 23:00:00",3.708,2.808704,17.402,3.138,49.7661666666667,0.0429277404666667,406.072333333333,13.2295,13.09,48.115,60,"ok",TRUE
"MOD-00552","2026-07-31 00:00:00",3.63883333333333,3.13869366666666,7.307,3.08533333333333,43.2006666666667,0.0381191682666667,537.908166666667,22.978,15.11,44.8916666666667,60,"ok",TRUE
"MOD-00552","2026-07-31 01:00:00",3.60745762711864,3.04381249152542,9.83508474576271,3.10101694915254,41.658813559322,0.0369899150508475,555.726610169492,24.5537288135593,16.3254237288136,43.1237288135593,59,"ok",TRUE
"MOD-00552","2026-07-31 02:00:00",3.429,3.16231143333333,8.78816666666667,2.8615,39.7176666666667,0.0355682190666667,603.414833333333,28.876,18.4716666666667,40.3316666666667,60,"ok",TRUE
"MOD-00552","2026-07-31 03:00:00",3.62016666666667,3.3592794,11.7851666666667,2.9985,38.4953333333333,0.0346729821333333,597.455,26.3123333333333,19.7883333333333,38.8116666666667,60,"ok",TRUE
"MOD-00552","2026-07-31 04:00:00",3.79483333333333,3.52374408333333,12.1418333333333,3.17166666666667,38.9358333333333,0.0349956043333333,606.0115,19.2,21.4616666666667,37.6116666666667,60,"ok",TRUE
"MOD-00552","2026-07-31 05:00:00",4.22766666666667,4.04471321666667,14.3446666666667,3.4685,31.8391666666667,0.0297980056666667,632.751666666666,22.5131666666667,24.2483333333333,36.1433333333333,60,"ok",TRUE
"MOD-00552","2026-07-31 06:00:00",4.26416666666667,4.10104471666667,14.5006666666667,3.50716666666667,28.5368333333333,0.0273793767333333,619.225666666667,16.5586666666667,24.32,35.0516666666667,60,"ok",TRUE
"MOD-00552","2026-07-31 07:00:00",6.1725,7.03554470762711,71.2133898305085,3.43983333333333,39.1638333333333,0.0351625915333333,593.095,36.4735,28.8833333333333,35.1016666666667,60,"ok",TRUE
"MOD-00552","2026-07-31 08:00:00",3.1185,3.36054351666667,10.287,2.51616666666667,36.4005,0.0331387262,668.641666666667,49.3843333333333,38.1583333333333,32.8083333333333,60,"ok",TRUE
"MOD-00552","2026-07-31 09:00:00",3.0165,3.24322898333333,7.713,2.5195,38.5018333333333,0.0346777427333333,638.494833333333,23.9895,40.15,31.7583333333333,60,"ok",TRUE
"MOD-00552","2026-07-31 10:00:00",3.15833333333333,3.24522653333333,8.76016666666666,2.68516666666667,41.3213333333333,0.0367427445333333,570.289833333333,8.08883333333334,38.1416666666667,32.1666666666667,60,"ok",TRUE
"MOD-00552","2026-07-31 11:00:00",3.58816666666667,3.66260453333333,15.082,2.947,35.8366666666667,0.0327257746666667,561.674,8.7925,40.19,31.6983333333333,60,"ok",TRUE
"MOD-00552","2026-07-31 12:00:00",4.10433333333333,4.13582186666667,27.2391666666667,3.22483333333333,27.4848333333333,0.0266088919333333,802.0455,9.6355,43.96,30.3016666666667,60,"ok",TRUE
"MOD-00552","2026-07-31 13:00:00",4.2685,4.53086636666667,22.44,3.27133333333333,31.2013333333333,0.0293308565333333,786.347833333333,7.20816666666667,42.8083333333333,31.0933333333333,60,"ok",TRUE
"MOD-00552","2026-07-31 14:00:00",4.19716666666667,4.12935856666667,22.3556666666667,3.25233333333333,45.2238333333333,0.0396009355333333,557.219666666667,6.6145,31.8933333333333,36.7633333333333,60,"ok",TRUE
"MOD-00552","2026-07-31 15:00:00",3.93483333333333,3.59056295,14.3578333333333,3.22166666666667,51.5548333333334,0.0442377599333334,360.414833333333,7.26233333333333,24.595,41.31,60,"ok",TRUE
"MOD-00552","2026-07-31 16:00:00",4.51767857142857,4.15518641071429,13.3898214285714,3.63642857142857,54.2569642857143,0.0462168006428571,263.826964285714,6.43642857142857,19.6214285714286,43.95,56,"ok",TRUE
"MOD-00552","2026-07-31 17:00:00",4.36118644067797,3.82143708474576,25.5310169491525,3.36084745762712,53.8469491525424,0.045916505559322,216.623389830508,6.31898305084745,15.8338983050847,45.7084745762712,59,"ok",TRUE
"MOD-00552","2026-07-31 18:00:00",4.21642857142857,3.781021375,16.9105357142857,3.34428571428571,48.1676785714286,0.0417570077857143,358.536607142857,14.3894642857143,16.1839285714286,44.9982142857143,56,"ok",TRUE
"MOD-00552","2026-07-31 19:00:00",4.03883333333333,3.73809916666667,16.9145,3.1355,45.9743333333333,0.0401506017333333,509.002,17.2155,16.0783333333333,44.2033333333333,60,"ok",TRUE
"MOD-00552","2026-07-31 20:00:00",4.214,3.74207065,29.7538333333333,3.13833333333333,48.3065,0.0418586806,425.537,16.5508333333333,15.2633333333333,45.1816666666667,60,"ok",TRUE
"MOD-00552","2026-07-31 21:00:00",4.36593220338983,4.04726450847458,17.2871186440678,3.33389830508474,51.8233898305085,0.0444344507118644,379.095084745763,15.0779661016949,13.9457627118644,46.8627118644068,59,"ok",TRUE
"MOD-00552","2026-07-31 22:00:00",4.5465,4.1162785,26.0051666666667,3.3735,53.6343333333333,0.0457607857333333,384.7435,13.3033333333333,13.3233333333333,47.9016666666667,60,"ok",TRUE
"MOD-00552","2026-07-31 23:00:00",4.743,4.55420825,24.6211666666667,3.42633333333333,52.4568333333333,0.0448983847333333,445.565833333333,11.9318333333333,13.5483333333333,46.9016666666667,60,"ok",TRUE
"MOD-00552","2026-08-01 00:00:00",5.15508474576271,5.07107394915254,22.7286440677966,3.78169491525424,50.6977966101695,0.0436100662372881,531.99,19.8808474576271,14.4237288135593,44.3864406779661,59,"ok",TRUE
"MOD-00552","2026-08-01 01:00:00",4.52466666666667,4.20813805,18.1868333333333,3.53,47.3576666666667,0.0411637550666667,523.2345,20.9251666666667,14.86,43.16,60,"ok",TRUE
"MOD-00552","2026-08-01 02:00:00",4.69916666666667,4.54270956666667,21.2103333333333,3.59033333333333,39.853,0.0356673372,612.713833333333,29.749,17.69,40.4066666666667,60,"ok",TRUE
"MOD-00552","2026-08-01 03:00:00",4.77983333333333,4.8444243,19.2841666666667,3.58716666666667,36.8683333333333,0.0334813673333333,626.92,29.0061666666667,19.1833333333333,38.9816666666667,60,"ok",TRUE
"MOD-00552","2026-08-01 04:00:00",4.965,5.18339323333333,23.0311666666667,3.61783333333333,35.4376666666667,0.0324335470666667,640.835666666666,22.9338333333333,21.19,37.4183333333333,60,"ok",TRUE
"MOD-00552","2026-08-01 05:00:00",5.60983333333333,5.54534725,30.836,4.21383333333333,33.1961666666667,0.0307918724666667,634.412,18.6766666666667,23.4516666666667,36.1433333333333,60,"ok",TRUE
"MOD-00552","2026-08-01 06:00:00",5.14866666666667,5.17965976666667,31.2835,3.8195,31.6233333333333,0.0296399293333333,628.126,15.4936666666667,25.6566666666667,34.685,60,"ok",TRUE
"MOD-00552","2026-08-01 07:00:00",5.0915,5.28693103333334,28.977,3.73766666666667,31.6086666666667,0.0296291874666667,598.557833333333,11.2093333333333,26.92,33.6883333333333,60,"ok",TRUE
"MOD-00552","2026-08-01 08:00:00",4.79866666666667,5.14537003333333,20.6923333333333,3.57533333333333,30.599,0.0288897076,569.161666666667,9.57516666666666,27.8116666666667,32.7366666666667,60,"ok",TRUE
"MOD-00552","2026-08-01 09:00:00",4.52433333333333,4.96807363333333,20.4538333333333,3.31783333333333,30.6033333333333,0.0288928813333333,551.677166666667,8.35683333333333,28.355,32.0183333333333,60,"ok",TRUE
"MOD-00552","2026-08-01 10:00:00",4.61483333333333,4.9233597,20.867,3.485,29.0361666666667,0.0277450884666667,553.956166666667,7.96916666666667,29.42,31.425,60,"ok",TRUE
"MOD-00552","2026-08-01 11:00:00",5.42983333333333,5.7661875,22.3976666666667,4.113,22.3356666666667,0.0228376422666667,591.335333333333,8.67866666666666,31.85,30.935,60,"ok",TRUE
"MOD-00552","2026-08-01 12:00:00",5.20383333333333,5.48488135,22.5241666666667,3.96266666666667,24.5883333333333,0.0244874953333333,576.296666666667,7.07433333333333,31.79,31.025,60,"ok",TRUE
"MOD-00552","2026-08-01 13:00:00",4.86966666666667,5.14552083333334,19.0386666666667,3.74166666666667,28.2656666666667,0.0271807742666667,548.550333333333,7.06283333333333,31.6433333333333,31.755,60,"ok",TRUE
"MOD-00552","2026-08-01 14:00:00",4.66666666666667,4.59991178333333,19.7618333333333,3.70166666666667,38.7248333333333,0.0348410679333333,578.904,7.09933333333334,30.4066666666667,35.1116666666667,60,"ok",TRUE
"MOD-00552","2026-08-01 15:00:00",4.36066666666667,4.3425728,15.93,3.34866666666667,47.7486666666667,0.0414501234666667,382.288666666667,6.51966666666667,22.36,40.12,60,"ok",TRUE
"MOD-00552","2026-08-01 16:00:00",4.1205,3.82335881666666,10.109,3.40783333333333,49.593,0.0428009132,389.980333333333,7.81866666666667,22.04,41.0816666666667,60,"ok",TRUE
"MOD-00552","2026-08-01 17:00:00",4.02033898305085,3.36136916949152,11.8369491525424,3.42186440677966,60.7538983050847,0.0509751551186441,341.887627118644,6.22898305084746,17.9762711864407,44.9627118644068,59,"ok",TRUE
"MOD-00552","2026-08-01 18:00:00",3.71216666666667,3.02182135,9.99083333333333,3.15933333333333,61.2105,0.0513095702,183.019666666667,7.4155,14.345,47.345,60,"ok",TRUE
"MOD-00552","2026-08-01 19:00:00",3.76433333333333,3.36261655,11.9405,3.03733333333333,51.3471666666666,0.0440856648666667,354.745333333333,15.5388333333333,14.6033333333333,45.1466666666667,60,"ok",TRUE
"MOD-00552","2026-08-01 20:00:00",3.65305084745763,3.08505583050848,10.7430508474576,3.04338983050847,55.6201694915254,0.0472152121355932,384.962881355932,13.4023728813559,13.9525423728814,46.3508474576271,59,"ok",TRUE
"MOD-00552","2026-08-01 21:00:00",3.863125,3.21303748958333,13.1,3.1584375,58.3771666666667,0.0492344368666667,297.8675,12.8688333333333,11.8683333333333,48.845,60,"ok",TRUE
"MOD-00552","2026-08-01 22:00:00",NA,NA,NA,NA,53.6175,0.045748457,352.704166666667,16.0843333333333,11.6883333333333,49.4766666666667,60,"thermal_cutoff",TRUE
"MOD-00552","2026-08-01 23:00:00",3.4475,2.92412175,8.6475,2.84,48.6403333333333,0.0421031801333333,429.043833333333,12.2386666666667,11.8666666666667,48.0933333333333,60,"ok",TRUE
"MOD-00552","2026-08-02 00:00:00",3.75216666666667,3.16797983333333,10.8036666666667,3.15633333333333,44.7701666666667,0.0392686700666667,521.428833333333,17.2703333333333,12.9316666666667,45.0566666666667,60,"ok",TRUE
"MOD-00552","2026-08-02 01:00:00",3.83881355932203,3.28545554237288,14.7571186440678,3.18271186440678,43.1559322033898,0.0380864047457627,545.823050847458,20.9440677966102,13.9254237288136,43.2627118644068,59,"ok",TRUE
"MOD-00552","2026-08-02 02:00:00",4.057,3.65990468333333,14.3168333333333,3.33566666666667,39.9001666666667,0.0357018820666667,618.919666666667,26.9495,16.095,40.5583333333333,60,"ok",TRUE
"MOD-00552","2026-08-02 03:00:00",12.88,11.1257139666667,29.274,11.0223333333333,36.4918333333333,0.0332056187333333,649.182,27.8318333333333,17.8883333333333,38.7433333333333,60,"ok",TRUE
"MOD-00552","2026-08-02 04:00:00",4.41433333333333,4.1650723,14.9805,3.60316666666667,36.5855,0.0332742202,639.821666666666,21.9813333333333,19.625,37.335,60,"ok",TRUE
"MOD-00552","2026-08-02 05:00:00",4.69816666666667,4.43869585,13.3748333333333,3.88233333333333,34.6231666666667,0.0318370072666667,658.810833333333,16.968,20.9233333333333,36.7266666666667,60,"ok",TRUE
"MOD-00552","2026-08-02 06:00:00",5.225,4.9902627,17.671,4.25466666666667,28.031,0.0270089044,698.181,16.1033333333333,23.4983333333333,35.3766666666667,60,"ok",TRUE
"MOD-00552","2026-08-02 07:00:00",5.278,5.31539831666667,20.3031666666667,4.09633333333333,28.0778333333333,0.0270432051333333,684.516833333333,13.3283333333333,25.815,35.1516666666667,60,"ok",TRUE
"MOD-00552","2026-08-02 08:00:00",10.2986666666667,14.7790551,57.791,4.69133333333333,34.8176666666667,0.0319794590666667,606.137166666667,10.8271666666667,25.8866666666667,35.1283333333333,60,"ok",TRUE
"MOD-00552","2026-08-02 09:00:00",9.8145,14.2872075333333,57.149,4.33866666666667,36.4648333333333,0.0331858439333333,566.477,10.3861666666667,26.8816666666667,34.4866666666667,60,"ok",TRUE
"MOD-00552","2026-08-02 10:00:00",10.0246666666667,15.1677649833333,61.459,4.0465,37.2543333333333,0.0337640737333333,566.215333333333,10.3768333333333,29.2933333333333,33.465,60,"ok",TRUE
"MOD-00552","2026-08-02 11:00:00",8.09033333333333,11.9137945,43.2446666666667,3.655,38.5721666666667,0.0347292548666667,561.368833333333,8.87916666666667,30.4933333333333,32.8666666666667,60,"ok",TRUE
"MOD-00552","2026-08-02 12:00:00",5.94933333333333,8.40628016666667,27.1856666666667,3.07533333333333,39.3271666666667,0.0352822168666667,536.515333333334,7.884,30.6183333333333,32.7783333333333,60,"ok",TRUE
"MOD-00552","2026-08-02 13:00:00",5.54566666666667,6.98403906666667,25.4813333333333,3.39133333333333,40.5711666666667,0.0361933224666667,553.229833333333,7.503,30.395,33.9566666666667,60,"ok",TRUE
"MOD-00552","2026-08-02 14:00:00",4.734,5.59072905,18.46,3.14483333333333,44.6956666666667,0.0392141062666667,471.969,7.78,27.1283333333333,37.0316666666667,60,"ok",TRUE
"MOD-00552","2026-08-02 15:00:00",4.47216666666667,4.898629,15.7311666666667,3.21116666666667,47.4783333333333,0.0412521313333333,466.871166666667,7.547,25.7716666666667,38.5833333333333,60,"ok",TRUE
"MOD-00552","2026-08-02 16:00:00",4.93783333333333,4.64941516666666,14.268,4.04866666666667,45.7951666666667,0.0400193800666667,482.5275,10.6708333333333,27.235,39.1166666666667,60,"ok",TRUE
"MOD-00552","2026-08-02 17:00:00",4.95233333333333,4.52401023333333,13.4971666666667,4.08583333333333,52.7875,0.045140565,462.2735,7.53533333333333,24.1716666666667,41.9366666666667,60,"ok",TRUE
"MOD-00552","2026-08-02 18:00:00",5.05083333333333,4.18544826666667,13.9888333333333,4.32483333333333,57.4448333333333,0.0485515959333333,310.529166666667,5.56116666666667,19.935,45.8666666666667,60,"ok",TRUE
"MOD-00552","2026-08-02 19:00:00",4.70627118644068,3.85495715254237,14.3362711864407,4.03898305084746,51.6664406779661,0.0443195011525424,346.016949152542,9.58983050847458,19.5949152542373,45.6237288135593,59,"ok",TRUE
"MOD-00552","2026-08-02 20:00:00",3.9515,3.25816008333333,12.8485,3.37833333333333,48.8205,0.0422351342,393.831666666667,9.754,18.3866666666667,44.7116666666667,60,"ok",TRUE
"MOD-00552","2026-08-02 21:00:00",3.699,3.00904041666667,8.49683333333333,3.17433333333333,55.1283333333333,0.0468549913333333,285.5545,6.7625,14.7933333333333,47.4133333333333,60,"ok",TRUE
"MOD-00552","2026-08-02 22:00:00",3.63865384615385,2.91986966025641,7.92,3.11557692307692,55.5316666666667,0.0471503926666667,283.944,10.2845,13.42,48.8933333333334,60,"ok",TRUE
"MOD-00552","2026-08-02 23:00:00",4.14,3.34182318474576,11.738,3.525,50.4166101694915,0.0434041252881356,352.512203389831,13.7476271186441,13.1677966101695,47.7440677966102,59,"ok",TRUE
"MOD-00552","2026-08-03 00:00:00",3.99,3.29504166666667,10.9866666666667,3.42733333333333,44.6073333333333,0.0391494109333333,499.050333333333,18.2991666666667,14.6916666666667,44.7,60,"ok",TRUE
"MOD-00552","2026-08-03 01:00:00",4.18116666666667,3.48375238333333,12.3995,3.58633333333333,44.3531666666667,0.0389632592666667,522.871,20.2355,15.4,43.5283333333333,60,"ok",TRUE
"MOD-00552","2026-08-03 02:00:00",5.19466666666666,4.3247696,15.2166666666667,4.526,40.063,0.0358211412,595.756166666666,27.262,17.4666666666667,40.7283333333333,60,"ok",TRUE
"MOD-00552","2026-08-03 03:00:00",5.10233333333334,4.42650090000001,14.8796666666667,4.38266666666667,35.1758333333333,0.0322417803333333,648.735166666667,29.9906666666667,19.64,39.055,60,"ok",TRUE
"MOD-00552","2026-08-03 04:00:00",5.03283333333333,4.64345193333333,13.6118333333333,4.22516666666667,31.2473333333333,0.0293645469333333,662.048333333333,31.3003333333333,22.6083333333333,37.1,60,"ok",TRUE
"MOD-00552","2026-08-03 05:00:00",5.9875,5.44721505,19.0831666666667,5.02733333333333,29.9106666666667,0.0283855722666667,691.588333333333,16.8908333333333,24.8633333333333,35.7616666666667,60,"ok",TRUE
"MOD-00552","2026-08-03 06:00:00",6.22266666666667,5.6975104,23.7285,5.13083333333333,28.5915,0.0274194146,651.444833333333,11.9665,24.92,35.575,60,"ok",TRUE
"MOD-00552","2026-08-03 07:00:00",6.49333333333333,6.06428948333333,23.9511666666667,5.31133333333333,20.6433333333333,0.0215981773333333,631.969,12.1616666666667,26.3233333333333,34.56,60,"ok",TRUE
"MOD-00552","2026-08-03 08:00:00",5.90983333333333,5.82499434999999,19.619,4.72783333333333,28.9116666666667,0.0276539046666667,603.5145,10.7756666666667,28.2733333333333,33.8466666666667,60,"ok",TRUE
"MOD-00552","2026-08-03 09:00:00",5.945,5.92888161666667,18.631,4.73683333333333,26.0898333333333,0.0255871939333333,595.7985,9.255,29.69,33.7866666666667,60,"ok",TRUE
"MOD-00552","2026-08-03 10:00:00",5.63533333333333,5.48474345,18.634,4.57616666666667,29.0993333333333,0.0277913517333333,565.7835,7.80116666666667,29.2183333333333,33.5816666666666,60,"ok",TRUE
"MOD-00552","2026-08-03 11:00:00",4.97433333333333,4.84001085,13.5011666666667,4.14966666666666,27.0501666666667,0.0262905420666667,563.432833333333,10.748,32.375,33.07,60,"ok",TRUE
"MOD-00552","2026-08-03 12:00:00",5.022,4.8801641,14.711,4.20133333333333,26.1113333333333,0.0256029405333333,594.346333333333,12.0733333333333,35.3866666666667,32.2833333333333,60,"ok",TRUE
"MOD-00552","2026-08-03 13:00:00",5.39066666666667,5.32645475,28.6376666666667,4.19283333333333,30.348,0.0287058752,656.392833333333,8.12716666666667,35.0783333333333,32.9866666666667,60,"ok",TRUE
"MOD-00552","2026-08-03 14:00:00",5.32633333333333,5.23326268333333,25.46,4.1385,37.8573333333333,0.0342057109333333,553.222833333333,6.71816666666667,31.5166666666667,35.7266666666667,60,"ok",TRUE
"MOD-00552","2026-08-03 15:00:00",4.68966101694915,4.56796166101695,13.8703389830508,3.67338983050847,49.2961016949152,0.0425834648813559,372.232542372881,6.46983050847458,23.1169491525424,41.9593220338983,59,"ok",TRUE
"MOD-00552","2026-08-03 16:00:00",4.7515,4.23388138333333,19.5833333333333,3.82716666666667,49.062,0.0424120088,281.248666666667,8.37166666666667,21.2733333333333,43.675,60,"ok",TRUE
"MOD-00552","2026-08-03 17:00:00",4.33883333333333,3.85234813333333,13.3201666666667,3.54016666666667,54.212,0.0461838688,343.576333333333,6.36616666666667,18.8366666666667,45.2516666666667,60,"ok",TRUE
"MOD-00552","2026-08-03 18:00:00",4.6865,4.3689871,26.5156666666667,3.463,52.3866666666667,0.0448469946666667,296.6705,8.013,16.955,46,60,"ok",TRUE
"MOD-00552","2026-08-03 19:00:00",4.90169491525424,4.33314613559322,21.3772881355932,3.87525423728814,51.0347457627119,0.0438568477966102,316.016610169492,11.8340677966102,15.6372881355932,45.9474576271186,59,"ok",TRUE
"MOD-00552","2026-08-03 20:00:00",4.84966666666667,4.12817983333333,11.9803333333333,4.07133333333333,51.6553333333333,0.0443113661333333,351.253833333333,15.5556666666667,14.7683333333333,46.61,60,"ok",TRUE
"MOD-00552","2026-08-03 21:00:00",4.549,3.67267123333334,13.7305,3.8585,53.6415,0.0457660346,349.849,12.885,13.2166666666667,48.1116666666667,60,"ok",TRUE
"MOD-00552","2026-08-03 22:00:00",4.30461538461538,3.44484176923077,11.9838461538462,3.66,53.4196666666667,0.0456035638666667,337.357333333333,15.7411666666667,12.295,48.97,60,"ok",TRUE
"MOD-00552","2026-08-03 23:00:00",4.35142857142857,3.2680583874092,9.96,3.89428571428571,50.1713559322034,0.0432245010847458,401.362711864407,13.8720338983051,12.5508474576271,47.9966101694915,59,"ok",TRUE
"MOD-00552","2026-08-04 00:00:00",5.11516666666667,4.2294991,11.8011666666667,4.43016666666667,43.613,0.0384211612,542.821,20.997,14.3633333333333,44.6866666666667,60,"ok",TRUE
"MOD-00552","2026-08-04 01:00:00",5.15216666666667,4.05659526666667,16.8483333333333,4.56266666666667,40.7878333333333,0.0363520091333333,583.623333333333,24.4216666666667,15.7783333333333,42.3383333333333,60,"ok",TRUE
"MOD-00552","2026-08-04 02:00:00",8.65116666666666,9.38861379912281,86.7285964912281,5.1175,31.0893333333333,0.0292488277333333,698.019166666666,37.6103333333333,23.185,39.2783333333333,60,"ok",TRUE
"MOD-00552","2026-08-04 03:00:00",4.68083333333334,5.60549556666667,18.202,3.19,22.5518333333333,0.0229959627333333,809.226166666667,59.279,35.555,32.8966666666667,60,"ok",TRUE
"MOD-00552","2026-08-04 04:00:00",3.657,3.64821638333333,7.21116666666667,3.215,23.0086666666667,0.0233305474666667,806.007166666667,49.483,42.6216666666667,30.9316666666667,60,"ok",TRUE
"MOD-00552","2026-08-04 05:00:00",3.3175,3.46372026666667,6.66216666666667,2.8835,30.7485,0.0289992014,688.986,30.3946666666667,44.925,30.1266666666667,60,"ok",TRUE
"MOD-00552","2026-08-04 06:00:00",3.52566666666667,3.67473515,8.96966666666667,3.05883333333333,28.4538333333333,0.0273185875333333,668.264333333333,24.8403333333333,51.2366666666667,29.0033333333333,60,"ok",TRUE
"MOD-00552","2026-08-04 07:00:00",2.51966666666667,2.77126933333333,4.86783333333333,2.24016666666667,36.4288333333333,0.0331594775333333,582.6515,6.29833333333333,46.7166666666667,29.1416666666667,60,"ok",TRUE
"MOD-00552","2026-08-04 08:00:00",2.117,2.48472061666667,3.4665,1.87466666666667,40.0225,0.035791479,510.746,5.64783333333333,45.98,28.7966666666667,60,"ok",TRUE
"MOD-00552","2026-08-04 09:00:00",2.05383333333333,2.40865705,4.4835,1.81966666666667,39.6158333333333,0.0354936363333333,493.251,5.572,45.82,28.555,60,"ok",TRUE
"MOD-00552","2026-08-04 10:00:00",2.1285,2.44701495,3.99416666666667,1.91666666666667,38.0128333333333,0.0343195991333333,486.5855,5.60633333333333,46.1716666666667,28.3333333333333,60,"ok",TRUE
"MOD-00552","2026-08-04 11:00:00",2.33566666666667,2.65381983333333,4.7385,2.0725,35.7718333333333,0.0326782907333333,481.368,5.61983333333333,46.2366666666667,28.2166666666667,60,"ok",TRUE
"MOD-00552","2026-08-04 12:00:00",2.88966666666667,3.13807593333333,8.56083333333333,2.51316666666667,29.6536666666667,0.0281973454666667,509.161,7.01916666666667,48.6883333333333,27.765,60,"ok",TRUE
"MOD-00552","2026-08-04 13:00:00",3.58616666666667,3.62511755,13.227,3.11516666666667,21.9306666666667,0.0225410202666667,602.344666666667,8.60083333333333,51.09,28.445,60,"ok",TRUE
"MOD-00552","2026-08-04 14:00:00",3.81316666666667,3.68463306666667,12.3921666666667,3.2555,35.937,0.0327992588,532.0295,5.81766666666667,39.2916666666667,33.51,60,"ok",TRUE
"MOD-00552","2026-08-04 15:00:00",3.10766666666667,2.95063845,11.4975,2.62133333333333,42.6623333333333,0.0377248929333333,393.629333333333,6.63866666666667,31.1983333333333,36.7216666666667,60,"ok",TRUE
"MOD-00552","2026-08-04 16:00:00",2.73483333333333,2.3664188,7.75833333333333,2.40533333333333,52.8286666666667,0.0451707154666667,271.8135,7.336,24.3116666666667,40.6133333333333,60,"ok",TRUE
"MOD-00552","2026-08-04 17:00:00",3.56050847457627,3.41957871186441,15.8110169491525,2.71406779661017,55.1566101694915,0.0468757012881356,235.282203389831,5.95525423728814,21.1254237288136,43.2406779661017,59,"ok",TRUE
"MOD-00552","2026-08-04 18:00:00",4.696,5.38503688333333,33.8005,2.77866666666667,52.7515,0.0451141986,266.2935,7.4525,19.855,43.7683333333333,60,"ok",TRUE
"MOD-00552","2026-08-04 19:00:00",5.45233333333333,7.18935635,31.744,2.7765,49.5083333333333,0.0427389033333333,357.954,12.49,19.6933333333333,43.1316666666667,60,"ok",TRUE
"MOD-00552","2026-08-04 20:00:00",5.94220338983051,7.59312849152542,43.9820338983051,3.00864406779661,48.8783050847458,0.0422774706440678,411.472033898305,14.02,19.3525423728814,43.2559322033899,59,"ok",TRUE
"MOD-00552","2026-08-04 21:00:00",5.78033333333333,7.59423361666666,42.3981666666667,2.77033333333333,50.4615,0.0434370026,395.8295,13.0675,17.8433333333333,44.5233333333333,60,"ok",TRUE
"MOD-00552","2026-08-04 22:00:00",6.61033333333333,8.51176573333333,41.2225,3.36683333333333,50.8631666666667,0.0437311832666667,362.9295,14.529,16.335,45.6783333333333,60,"ok",TRUE
"MOD-00552","2026-08-04 23:00:00",7.05677966101695,9.22565930508475,54.8232203389831,3.34949152542373,46.5594915254237,0.0405791715932203,424.64406779661,19.0057627118644,17.1118644067797,44.6847457627119,59,"ok",TRUE
"MOD-00552","2026-08-05 00:00:00",7.64083333333333,10.47879875,57.8375,3.41733333333333,41.5888333333333,0.0369386615333333,543.520666666667,29.5558333333333,20.0016666666667,42.0183333333334,60,"ok",TRUE
"MOD-00552","2026-08-05 01:00:00",8.4535,12.41100295,63.7,3.30416666666667,40.8868333333333,0.0364245167333333,552.250166666667,27.8106666666667,21.275,40.57,60,"ok",TRUE
"MOD-00552","2026-08-05 02:00:00",9.447,14.3835262833333,71.864,3.39316666666667,40.0543333333333,0.0358147937333333,575.492166666667,28.2963333333333,23.2666666666667,38.8366666666667,60,"ok",TRUE
"MOD-00552","2026-08-05 03:00:00",10.2736666666667,15.9723181333333,81.1136666666667,3.44966666666667,39.6866666666667,0.0355455146666667,590.0155,21.9095,25.3816666666667,37.8566666666667,60,"ok",TRUE
"MOD-00552","2026-08-05 04:00:00",3.3445,3.46798483333334,12.258,2.60866666666667,42.2851666666667,0.0374486560666667,589.747833333333,29.6246666666667,27.9716666666667,36.7516666666667,60,"ok",TRUE
"MOD-00552","2026-08-05 05:00:00",3.28883333333333,3.241745,9.70283333333333,2.74216666666667,41.0608333333333,0.0365519543333333,586.413333333333,16.4065,29.88,35.845,60,"ok",TRUE
"MOD-00552","2026-08-05 06:00:00",3.948,3.78012158333333,9.11033333333333,3.3745,40.1425,0.035879367,623.085166666666,29.4338333333333,33.1283333333333,35.515,60,"ok",TRUE
"MOD-00552","2026-08-05 07:00:00",5.35483333333334,5.81121851666667,17.144,3.9965,35.3493333333333,0.0323688517333333,603.159666666667,23.2658333333333,36.41,34.9566666666667,60,"ok",TRUE
"MOD-00552","2026-08-05 08:00:00",6.35683333333333,7.27458583333333,22.5256666666667,4.45033333333333,31.7756666666667,0.0297514982666667,592.1315,15.3548333333333,39.75,34.0433333333333,60,"ok",TRUE
"MOD-00552","2026-08-05 09:00:00",6.55766666666667,7.55727585,21.912,4.59616666666667,30.9546666666667,0.0291501978666667,574.311833333333,12.1075,42.4716666666667,33.3583333333333,60,"ok",TRUE
"MOD-00552","2026-08-05 10:00:00",6.4265,7.3518689,19.0871666666667,4.5955,30.9198333333333,0.0291246859333333,538.137,7.35216666666667,42.775,32.985,60,"ok",TRUE
"MOD-00552","2026-08-05 11:00:00",7.0225,8.10595935,23.9238333333333,4.91366666666667,27.0938333333333,0.0263225235333333,538.315,8.37883333333334,45.555,32.43,60,"ok",TRUE
"MOD-00552","2026-08-05 12:00:00",7.353,8.40970403333333,26.6213333333333,5.163,27.1495,0.0263632938,559.537,7.58516666666667,47.8083333333333,32.175,60,"ok",TRUE
"MOD-00552","2026-08-05 13:00:00",7.50033333333333,8.5285297,28.3023333333333,5.27066666666667,27.7275,0.026786621,585.919166666667,6.42383333333333,48.2283333333333,32.2116666666667,60,"ok",TRUE
"MOD-00552","2026-08-05 14:00:00",7.22383333333333,7.94468616666666,27.8586666666667,5.18133333333333,33.7406666666667,0.0311906642666667,559.795666666667,5.86283333333333,43.1083333333333,34.3533333333333,60,"ok",TRUE
"MOD-00552","2026-08-05 15:00:00",6.33233333333333,6.67401555,20.1891666666667,4.70666666666667,43.9705,0.0386829942,392.612666666667,6.09666666666667,33.865,38.555,60,"ok",TRUE
"MOD-00552","2026-08-05 16:00:00",6.167,6.20244528333334,20.6723333333333,4.6855,45.8588333333333,0.0400660095333333,327.738166666667,6.19066666666667,29.7466666666667,41.0616666666667,60,"ok",TRUE
"MOD-00552","2026-08-05 17:00:00",5.47237288135593,5.22033247457627,12.361186440678,4.42016949152542,47.0272881355932,0.0409217858305085,306.592711864407,6.22864406779661,27.1406779661017,42.0305084745762,59,"ok",TRUE
"MOD-00552","2026-08-05 18:00:00",5.734,5.32295291666667,15.9843333333333,4.66583333333333,45.8458333333333,0.0400564883333333,376.842166666667,7.888,27.1816666666667,42.075,60,"ok",TRUE
"MOD-00552","2026-08-05 19:00:00",5.738,5.45114368333333,18.4833333333333,4.55383333333333,44.8055,0.0392945482,461.283666666667,9.30183333333333,27.15,41.8433333333333,60,"ok",TRUE
"MOD-00552","2026-08-05 20:00:00",5.39338983050847,5.32010452542372,14.8694915254237,4.17033898305085,46.5359322033898,0.0405619167457627,384.241525423729,7.58033898305085,24.8661016949153,43.0728813559322,59,"ok",TRUE
"MOD-00552","2026-08-05 21:00:00",5.13433333333333,5.13700143333333,16.5128333333333,3.8395,48.8298333333333,0.0422419699333333,377.811166666667,6.94483333333334,22.1033333333333,44.755,60,"ok",TRUE
"MOD-00552","2026-08-05 22:00:00",5.52833333333333,5.48935561666666,17.4993333333333,4.1325,49.3525,0.042624771,333.871666666667,9.00183333333334,20.3583333333333,45.8283333333333,60,"ok",TRUE
"MOD-00552","2026-08-05 23:00:00",5.39627118644068,5.51746418644067,19.3640677966102,3.92559322033898,45.94,0.040125456,415.911525423729,16.7103389830508,21.0542372881356,44.5847457627119,59,"ok",TRUE
"MOD-00552","2026-08-06 00:00:00",5.87766666666667,6.26087823333333,22.6393333333333,4.171,43.2671666666667,0.0381678728666667,535.764666666667,30.765,23.9783333333333,41.49,60,"ok",TRUE
"MOD-00552","2026-08-06 01:00:00",6.01916666666667,6.7495833,22.9648333333333,4.0965,41.5946666666667,0.0369429338666667,538.113,24.1183333333333,25.245,40.145,60,"ok",TRUE
"MOD-00552","2026-08-06 02:00:00",5.8445,6.368437,23.808,4.13433333333333,38.9725,0.035022459,585.155,33.0638333333333,28.8633333333333,37.9766666666667,60,"ok",TRUE
"MOD-00552","2026-08-06 03:00:00",5.4435,5.92385811666667,19.5541666666667,3.943,38.229,0.0344779196,575.521833333334,14.6016666666667,30.4833333333333,36.9583333333333,60,"ok",TRUE
"MOD-00552","2026-08-06 04:00:00",5.19233333333333,5.4623413,17.0716666666667,3.93733333333333,38.1615,0.0344284826,561.193333333333,11.7548333333333,32.0083333333333,36.2816666666667,60,"ok",TRUE
"MOD-00552","2026-08-06 05:00:00",6.45683333333333,8.1875268,84.5263333333333,2.96666666666667,36.7516666666667,0.0333959206666667,553.509666666667,36.524,37.6433333333333,33.5766666666667,60,"ok",TRUE
"MOD-00552","2026-08-06 06:00:00",5.95516666666667,7.56048315,18.7918333333333,4.00633333333333,22.4626666666667,0.0229306570666667,644.546,76.8493333333333,63.32,27.37,60,"ok",TRUE
"MOD-00552","2026-08-06 07:00:00",3.60033333333333,4.2621502,5.38483333333333,3.0345,27.3725,0.026526619,660.1155,46.213,71.0066666666667,24.6783333333333,60,"ok",TRUE
"MOD-00552","2026-08-06 08:00:00",3.556,4.0061505,5.044,3.111,32.07,0.029967068,605.641666666667,14.085,67.2,25.17,10,"ok",FALSE
"MOD-00552","2026-08-06 10:00:00",3.77516129032258,4.2693695483871,7.01451612903226,3.19,NA,NA,NA,NA,63.5225806451613,26.0774193548387,31,"ok",FALSE
"MOD-00552","2026-08-06 11:00:00",4.00716666666667,3.9769692,5.453,3.69933333333333,37.3106666666667,0.0338053322666667,465.218333333333,5.78833333333333,58.3483333333333,26.5066666666667,60,"ok",TRUE
"MOD-00552","2026-08-06 12:00:00",3.78233333333333,3.87965753333334,6.26283333333333,3.43116666666667,34.8218333333334,0.0319825107333334,492.088333333333,6.39866666666667,59.3,26.4583333333333,60,"ok",TRUE
"MOD-00552","2026-08-06 13:00:00",3.87633333333333,4.04208081666667,6.93733333333333,3.4265,35.5645,0.0325264398,531.6125,5.722,57.285,27.2416666666667,60,"ok",TRUE
"MOD-00552","2026-08-06 14:00:00",4.3365,4.30846133333333,8.70933333333333,3.82033333333333,34.728,0.0319137872,528.745333333333,6.24616666666667,52.7383333333334,29.325,60,"ok",TRUE
"MOD-00552","2026-08-06 15:00:00",4.13916666666667,3.76574998333333,7.75616666666667,3.695,45.6698333333333,0.0399275859333333,417.6885,5.88183333333333,36.28,35.3483333333333,60,"ok",TRUE
"MOD-00552","2026-08-06 16:00:00",4.36833333333333,3.71188468333334,8.2455,3.92033333333333,49.7953333333333,0.0429491021333333,298.096,7.333,29.145,39.7383333333333,60,"ok",TRUE
"MOD-00552","2026-08-06 17:00:00",4.81101694915254,3.99211593220339,10.6084745762712,4.29491525423729,52.2916949152542,0.0447774373559322,302.320677966102,6.1793220338983,26.5084745762712,41.0694915254237,59,"ok",TRUE
"MOD-00552","2026-08-06 18:00:00",4.21633333333333,3.60678741666667,8.94783333333333,3.716,53.2116666666667,0.0454512246666667,331.387,7.86933333333333,25.2633333333333,40.9133333333333,60,"ok",TRUE
"MOD-00552","2026-08-06 19:00:00",4.076,3.61650848333334,8.776,3.49983333333333,53.3818333333333,0.0455758547333333,377.327666666667,10.2641666666667,24.3183333333333,41.34,60,"ok",TRUE
"MOD-00552","2026-08-06 20:00:00",3.3875,2.91126626666667,11.0196666666667,2.86933333333333,55.5166666666667,0.0471394066666667,336.896,8.29383333333333,20.3666666666667,43.005,60,"ok",TRUE
"MOD-00552","2026-08-06 21:00:00",3.3071186440678,3.16549203389831,12.8335593220339,2.51254237288136,55.1518644067797,0.0468722254915254,306.245593220339,10.7571186440678,18.1796610169492,44.9762711864407,59,"ok",TRUE
"MOD-00552","2026-08-06 22:00:00",3.48983333333333,3.39861321666666,17.4933333333333,2.5315,52.4248333333333,0.0448749479333333,350.772666666667,18.1298333333333,17.9016666666667,45.645,60,"ok",TRUE
"MOD-00552","2026-08-06 23:00:00",4.334,4.77175976666667,25.3865,2.76983333333333,47.3443333333333,0.0411539897333333,436.168166666667,24.4741666666667,19.2133333333333,44.5633333333333,60,"ok",TRUE
"MOD-00552","2026-08-07 00:00:00",4.75559322033898,5.71067089830509,32.7891525423729,2.73847457627119,42.8291525423729,0.0378470713220339,544.13406779661,36.068813559322,22.2186440677966,41.442372881356,59,"ok",TRUE
"MOD-00552","2026-08-07 01:00:00",4.99066666666667,6.2419026,29.8181666666667,2.82716666666667,42.5716666666667,0.0376584886666667,545.002666666667,33.6928333333333,23.39,40.065,60,"ok",TRUE
"MOD-00552","2026-08-07 02:00:00",3.99133333333333,4.70686446666667,21.0351666666667,2.58483333333333,39.9406666666667,0.0357315442666667,596.956666666667,41.772,27.53,37.6066666666667,60,"ok",TRUE
"MOD-00552","2026-08-07 03:00:00",3.24483333333333,3.34422753333333,9.512,2.62566666666667,40.2805,0.0359804382,602.983333333333,39.1723333333333,30.5783333333333,35.66,60,"ok",TRUE
"MOD-00552","2026-08-07 04:00:00",3.37183333333333,3.51386248333333,11.5818333333333,2.68833333333333,40.2188333333333,0.0359352735333333,575.133333333334,15.507,31.5,34.7833333333333,60,"ok",TRUE
"MOD-00552","2026-08-07 05:00:00",2.85,3.07745131666667,11.4453333333333,2.23416666666667,40.159,0.0358914516,529.1865,9.656,31.1066666666667,34.1,60,"ok",TRUE
"MOD-00552","2026-08-07 06:00:00",2.6065,2.7649675,9.75683333333333,2.13583333333333,39.6378333333333,0.0355097491333333,520.122833333333,10.4188333333333,32.2616666666667,33.2183333333333,60,"ok",TRUE
"MOD-00552","2026-08-07 07:00:00",2.611,2.7788517,9.23166666666667,2.16533333333333,39.7953333333333,0.0356251021333333,524.1205,11.3176666666667,33.7666666666667,32.4633333333333,60,"ok",TRUE
"MOD-00552","2026-08-07 08:00:00",2.855,3.04843353333333,10.5618333333333,2.35216666666667,32.4261666666667,0.0302279244666667,537.0105,14.1435,36.4416666666667,31.5666666666667,60,"ok",TRUE
"MOD-00552","2026-08-07 09:00:00",3.45766666666667,3.47822288333334,9.348,2.9965,31.2445,0.0293624718,563.6645,16.7556666666667,40.8683333333333,30.82,60,"ok",TRUE
"MOD-00552","2026-08-07 10:00:00",3.7335,3.67415225,8.149,3.3075,27.3366666666667,0.0265003746666667,564.171833333333,12.7091666666667,44.035,30.475,60,"ok",TRUE
"MOD-00552","2026-08-07 11:00:00",4.032,3.90496291666667,7.87466666666667,3.61016666666667,28.7125,0.027508035,553.724333333334,10.7423333333333,45.8316666666667,30.02,60,"ok",TRUE
"MOD-00552","2026-08-07 12:00:00",4.35316666666667,4.16469963333333,8.94833333333333,3.90233333333333,27.3975,0.026544929,549.404833333333,9.53283333333333,47.8433333333333,29.68,60,"ok",TRUE
"MOD-00552","2026-08-07 13:00:00",4.53616666666667,4.34341615,9.84333333333333,4.03016666666667,29.7558333333333,0.0282721723333333,558.806333333333,7.79916666666667,47.9783333333333,29.9616666666667,60,"ok",TRUE
"MOD-00552","2026-08-07 14:00:00",4.63566666666667,4.42298286666667,10.9986666666667,4.00666666666667,39.8596666666667,0.0356722198666667,525.060833333333,5.70566666666667,41.12,33.0316666666667,60,"ok",TRUE
"MOD-00552","2026-08-07 15:00:00",4.57316666666667,4.18371586666667,11.8261666666667,3.92416666666667,44.6038333333333,0.0391468475333333,417.286666666667,5.978,32.9016666666667,37.35,60,"ok",TRUE
"MOD-00552","2026-08-07 16:00:00",4.55283333333333,4.0040875,12.6913333333333,3.89066666666667,50.3135,0.0433286074,380.579833333333,6.45683333333333,26.91,40.86,60,"ok",TRUE
"MOD-00552","2026-08-07 17:00:00",4.476,3.77528298333334,11.7918333333333,3.87166666666667,54.5628333333333,0.0464408191333333,305.268666666667,6.2255,22.7983333333333,43.175,60,"ok",TRUE
"MOD-00552","2026-08-07 18:00:00",3.92033333333333,3.45601065,11.2225,3.27566666666667,54.2186666666667,0.0461887514666667,311.050333333333,8.178,21.295,43.545,60,"ok",TRUE
"MOD-00552","2026-08-07 19:00:00",4.12779661016949,3.67596959322034,18.8379661016949,3.31423728813559,52.7010169491526,0.0450772248135593,428.828305084746,14.7503389830508,21.7322033898305,43.1474576271186,59,"ok",TRUE
"MOD-00552","2026-08-07 20:00:00",3.84283333333333,3.46202271666667,13.7178333333333,3.10266666666667,53.0693333333333,0.0453469797333333,406.3715,12.9781666666667,20.3083333333333,44.1033333333333,60,"ok",TRUE
"MOD-00552","2026-08-07 21:00:00",3.84866666666667,3.4755022,16.5281666666667,2.99983333333333,52.5438333333333,0.0449621035333333,379.072833333333,11.2316666666667,18.3,46.205,60,"ok",TRUE
"MOD-00552","2026-08-07 22:00:00",4.0771186440678,3.82541376271187,13.2679661016949,3.13305084745763,51.98,0.044549152,352.916440677966,14.988813559322,17,47.2728813559322,59,"ok",TRUE
"MOD-00552","2026-08-07 23:00:00",4.12983333333333,3.74159076666667,12.9623333333333,3.30766666666667,47.538,0.0412958312,451.761833333333,21.0273333333333,18.0016666666667,45.565,60,"ok",TRUE
"MOD-00552","2026-08-08 00:00:00",4.63666666666667,4.37161391666666,15.1675,3.66933333333333,44.1986666666667,0.0388501034666667,555.907166666667,33.4758333333333,20.6916666666667,42.835,60,"ok",TRUE
"MOD-00552","2026-08-08 01:00:00",4.46508474576271,4.55051401694915,17.0291525423729,3.3235593220339,43.6715254237288,0.038464025220339,569.227288135593,31.954406779661,21.928813559322,41.1694915254237,59,"ok",TRUE
"MOD-00552","2026-08-08 02:00:00",4.75533333333333,4.84937495,17.4873333333333,3.59716666666667,41.2805,0.0367128382,591.934166666666,34.4255,23.6533333333333,39.0066666666667,60,"ok",TRUE
"MOD-00552","2026-08-08 03:00:00",4.901,4.8759336,16.5428333333333,3.83583333333333,40.4561666666666,0.0361090964666667,596.4575,24.9851666666667,24.9966666666667,37.8183333333333,60,"ok",TRUE
"MOD-00552","2026-08-08 04:00:00",6.37683333333333,6.29211965,30.0443333333333,4.8475,43.1021666666667,0.0380470268666667,575.943666666667,20.6343333333333,26.405,36.9,60,"ok",TRUE
"MOD-00552","2026-08-08 05:00:00",9.1165,6.91368148333333,15.3071666666667,8.63033333333334,48.9226666666667,0.0423099610666667,516.8255,10.4241666666667,23.66,35.5033333333333,60,"ok",TRUE
"MOD-00552","2026-08-08 06:00:00",7.39683333333333,5.76343897011494,10.7474137931035,6.97933333333333,49.4325,0.042683363,460.1255,10.6888333333333,21.7783333333333,35.1483333333333,60,"ok",TRUE
"MOD-00552","2026-08-08 07:00:00",9.30566666666667,7.35932613333333,14.9583333333333,8.70366666666667,42.0555,0.0372804482,602.725666666667,36.2036666666667,31.0316666666667,33.3866666666667,60,"ok",TRUE
"MOD-00552","2026-08-08 08:00:00",9.09533333333333,7.49751645,17.7648333333333,8.244,47.5423333333333,0.0412990049333333,501.578666666667,10.1078333333333,25.34,33.535,60,"ok",TRUE
"MOD-00552","2026-08-08 09:00:00",12.0101666666667,13.6117550166667,39.9061666666666,8.20466666666667,45.5278333333333,0.0398235851333333,522.05,20.518,28.7116666666667,33.715,60,"ok",TRUE
"MOD-00552","2026-08-08 10:00:00",13.6615,16.71846445,33.5253333333333,8.78783333333334,43.6136666666667,0.0384216494666667,575.506833333333,40.9295,34.5383333333333,31.8466666666667,60,"ok",TRUE
"MOD-00552","2026-08-08 11:00:00",13.659,18.2125117833333,33.7261666666667,7.898,40.9068333333333,0.0364391647333333,588.5015,39.4935,39.2383333333333,30.415,60,"ok",TRUE
"MOD-00552","2026-08-08 12:00:00",12.5965,15.9260110333333,26.0011666666667,7.9735,39.9995,0.0357746338,572.352166666667,15.6753333333333,40.7783333333333,29.455,60,"ok",TRUE
"MOD-00552","2026-08-08 13:00:00",11.8545,13.8449844166666,23.9021666666667,8.23666666666667,41.6883333333333,0.0370115353333333,565.988833333333,9.17016666666667,39.535,29.9816666666667,60,"ok",TRUE
"MOD-00552","2026-08-08 14:00:00",9.329,9.84326889999999,17.3655,7.1335,47.3421666666667,0.0411524028666667,489.798,5.95316666666667,31.1433333333333,33.8716666666667,60,"ok",TRUE
"MOD-00552","2026-08-08 15:00:00",8.04633333333333,7.84288601666666,14.78,6.49716666666667,51.0611666666666,0.0438761984666666,388.034833333333,6.13783333333333,25.4716666666667,37.55,60,"ok",TRUE
"MOD-00552","2026-08-08 16:00:00",6.66266666666667,5.54659511666667,11.02,5.95216666666667,55.082,0.0468210568,336.083,6.398,21.3216666666667,40.145,60,"ok",TRUE
"MOD-00552","2026-08-08 17:00:00",6.27166666666667,4.93432715,8.6195,5.76833333333333,57.4865,0.0485821126,331.289166666667,7.78716666666667,19.0466666666667,42.0183333333333,60,"ok",TRUE
"MOD-00552","2026-08-08 18:00:00",6.69032258064516,5.17238887096774,8.11612903225807,6.18354838709677,59.6354838709677,0.0501560283870968,304.463548387097,9.14032258064516,17.2,43.5096774193548,31,"ok",FALSE
"MOD-00553","2026-07-30 00:00:00",2.83516666666667,1.3013353,4.43866666666667,2.59683333333333,52.2971666666667,0.0460891019666667,320.536666666667,14.4868333333333,16.315,47.1633333333333,60,"ok",TRUE
"MOD-00553","2026-07-30 01:00:00",3.08266666666667,2.06607456666667,7.1365,2.6735,47.2608333333333,0.0416843248333333,485.1625,25.3778333333333,20.5733333333333,42.5266666666667,60,"ok",TRUE
"MOD-00553","2026-07-30 02:00:00",3.3585,2.4071983,7.40266666666667,2.96783333333333,44.1643333333333,0.0389761259333333,483.761333333333,14.326,22.1133333333333,40.0216666666667,60,"ok",TRUE
"MOD-00553","2026-07-30 03:00:00",3.3725,2.9154892,10.6905,2.75766666666667,40.7333333333333,0.0359753733333333,480.297666666667,11.474,23.86,37.8233333333333,60,"ok",TRUE
"MOD-00553","2026-07-30 04:00:00",3.2185,2.71130846666667,6.57433333333333,2.757,39.7203333333333,0.0350894035333333,442.542,9.87516666666667,24.4733333333333,36.805,60,"ok",TRUE
"MOD-00553","2026-07-30 05:00:00",3.87116666666667,3.3470817,8.42733333333333,3.3315,36.6103333333333,0.0323693975333333,455.317,10.1945,27.36,35.2333333333333,60,"ok",TRUE
"MOD-00553","2026-07-30 06:00:00",4.313,3.87805613333333,10.6566666666667,3.68533333333333,34.3911666666667,0.0304285143666667,450.253833333333,8.14966666666667,29.3966666666667,33.4616666666667,60,"ok",TRUE
"MOD-00553","2026-07-30 07:00:00",4.00683333333333,3.65502883333333,8.37466666666666,3.46983333333333,33.4513333333333,0.0296065361333333,430.3265,7.38216666666667,30.3683333333334,32.3083333333333,60,"ok",TRUE
"MOD-00553","2026-07-30 08:00:00",4.16816666666667,3.7143031,8.01433333333333,3.68316666666667,32.402,0.0286887892,415.242333333333,6.99716666666667,31.355,31.7616666666667,60,"ok",TRUE
"MOD-00553","2026-07-30 09:00:00",3.72833333333333,3.45620566666667,7.81483333333333,3.256,30.3771666666667,0.0269178699666667,414.943166666667,6.4125,33.285,31.0116666666667,60,"ok",TRUE
"MOD-00553","2026-07-30 10:00:00",4.2485,3.8659515,8.06683333333333,3.7735,28.9183333333333,0.0256419743333333,421.138833333333,6.194,35.85,29.9383333333333,60,"ok",TRUE
"MOD-00553","2026-07-30 11:00:00",4.69233333333333,4.3643053,9.58816666666667,4.11583333333333,22.872,0.0203538512,441.217166666667,6.3065,38.8183333333333,28.9416666666667,60,"ok",TRUE
"MOD-00553","2026-07-30 12:00:00",4.53216666666667,4.3566185,10.0181666666667,3.9045,22.7148333333333,0.0202163932333333,436.594833333333,5.69133333333333,38.4416666666667,28.7933333333333,60,"ok",TRUE
"MOD-00553","2026-07-30 13:00:00",4.94366666666667,4.7915728,15.6085,4.10233333333333,19.8303333333333,0.0176936095333333,445.979166666667,5.86583333333334,37.915,29.9616666666667,60,"ok",TRUE
"MOD-00553","2026-07-30 14:00:00",4.83833333333333,4.54338543333333,17.9653333333333,3.94083333333333,22.6478333333333,0.0201577950333333,427.093833333333,6.03416666666667,33.5,33.0916666666667,60,"ok",TRUE
"MOD-00553","2026-07-30 15:00:00",4.0865,3.63361103333333,13.8356666666667,3.32216666666667,27.619,0.0245055774,338.995333333333,6.2425,28.6066666666667,36.7483333333333,60,"ok",TRUE
"MOD-00553","2026-07-30 16:00:00",4.67416666666667,3.4799409,10.8808333333333,4.05716666666667,35.1095,0.0310567687,187.858166666667,5.86333333333333,21.3033333333333,41.465,60,"ok",TRUE
"MOD-00553","2026-07-30 17:00:00",4.61186440677966,3.15272291525424,10.0705084745763,4.07084745762712,40.481186440678,0.035754845661017,126.078983050847,7.04796610169491,17.9169491525424,43.7881355932203,59,"ok",TRUE
"MOD-00553","2026-07-30 18:00:00",4.391,2.97792293333333,7.65933333333333,3.88133333333333,42.871,0.0378449766,195.566166666667,11.5745,17.0866666666667,44.1733333333333,60,"ok",TRUE
"MOD-00553","2026-07-30 19:00:00",3.922,2.42694823333333,7.356,3.5235,43.6876666666667,0.0385592332666667,239.807833333333,13.5336666666667,16.68,44.8466666666667,60,"ok",TRUE
"MOD-00553","2026-07-30 20:00:00",3.83016666666667,2.29812286666667,7.42866666666667,3.46233333333333,44.4065,0.0391879249,284.793333333333,15.8903333333333,16.3533333333333,45.03,60,"ok",TRUE
"MOD-00553","2026-07-30 21:00:00",3.55745762711864,2.09846020338983,5.9435593220339,3.19152542372881,46.2918644067796,0.0408368646101695,306.186101694915,16.4122033898305,15.7423728813559,45.6728813559322,59,"ok",TRUE
"MOD-00553","2026-07-30 22:00:00",3.41983333333333,1.73593766666666,7.68683333333333,3.06866666666667,50.096,0.0441639616,252.994333333333,13.3873333333333,14.0033333333333,48.3183333333333,60,"ok",TRUE
"MOD-00553","2026-07-30 23:00:00",3.50433333333333,1.87212266666667,7.687,3.12,50.6208333333333,0.0446229808333333,279.262666666667,15.36,13.6283333333333,48.0916666666667,60,"ok",TRUE
"MOD-00553","2026-07-31 00:00:00",3.37525423728814,1.95763091525424,8.0993220338983,2.96610169491525,48.2561016949153,0.0425547865423729,375.914915254237,12.6533898305085,14.9050847457627,46.3745762711864,59,"ok",TRUE
"MOD-00553","2026-07-31 01:00:00",3.15483333333333,1.9617095,7.801,2.7845,45.6865,0.0403074129,442.608,17.4088333333333,16.62,43.715,60,"ok",TRUE
"MOD-00553","2026-07-31 02:00:00",3.149,2.30407153333333,5.79983333333333,2.77133333333333,43.1255,0.0380675623,479.398,16.091,18.8883333333333,40.055,60,"ok",TRUE
"MOD-00553","2026-07-31 03:00:00",3.22416666666667,2.530596,6.38433333333333,2.83733333333333,41.9376666666667,0.0370286832666667,482.834,11.854,20.675,37.83,60,"ok",TRUE
"MOD-00553","2026-07-31 04:00:00",3.5485,2.981267,8.967,3.05833333333333,39.7851666666667,0.0351461067666667,479.403,10.8485,22.665,36.3366666666667,60,"ok",TRUE
"MOD-00553","2026-07-31 05:00:00",4.65233333333333,4.86092976666666,19.0011666666667,3.47883333333333,33.0388333333333,0.0292457636333333,496.699333333333,9.92516666666667,25.335,34.1966666666667,60,"ok",TRUE
"MOD-00553","2026-07-31 06:00:00",4.14833333333333,3.88902443333333,16.0908333333333,3.4095,34.7941666666667,0.0307809781666667,435.868333333333,13.8803333333333,24.645,33.475,60,"ok",TRUE
"MOD-00553","2026-07-31 07:00:00",4.8175,4.56387946666667,17.5311666666667,3.91566666666667,43.5985,0.0384812481,542.933833333333,36.6251666666667,36.075,32.6433333333333,60,"ok",TRUE
"MOD-00553","2026-07-31 08:00:00",3.37116666666667,2.9514746,8.93683333333334,2.99333333333333,41.0156666666667,0.0362223020666667,514.333666666666,12.3501666666667,38.3383333333333,31.4783333333333,60,"ok",TRUE
"MOD-00553","2026-07-31 09:00:00",2.87816666666667,2.643455,8.1065,2.52066666666667,36.7171666666667,0.0324628339666667,460.856166666667,7.35066666666666,38.6,31.0633333333333,60,"ok",TRUE
"MOD-00553","2026-07-31 10:00:00",2.64316666666667,2.4907507,5.81583333333333,2.3095,34.8348333333333,0.0308165452333333,447.064666666667,8.37816666666667,41.055,30.8933333333333,60,"ok",TRUE
"MOD-00553","2026-07-31 11:00:00",3.22966666666667,2.88337523333333,6.5265,2.9175,30.1871666666667,0.0267516959666667,443.8635,7.74016666666667,44.3166666666667,29.8483333333333,60,"ok",TRUE
"MOD-00553","2026-07-31 12:00:00",2.48283333333333,2.47331903333334,6.78416666666667,2.16716666666667,30.3351666666667,0.0268811367666667,438.754333333333,7.092,46.6033333333333,28.71,60,"ok",TRUE
"MOD-00553","2026-07-31 13:00:00",2.26733333333333,2.16830093333333,5.46733333333333,2.01266666666667,32.3271666666667,0.0286233399666667,405.673333333333,5.81816666666667,43.7916666666667,29.97,60,"ok",TRUE
"MOD-00553","2026-07-31 14:00:00",2.6,2.12943466666667,6.06733333333333,2.31933333333333,33.8441666666667,0.0299501081666667,349.843,5.76683333333333,34.8166666666667,34.255,60,"ok",TRUE
"MOD-00553","2026-07-31 15:00:00",2.82833333333333,1.98239383333333,6.0225,2.47583333333333,36.0375,0.0318683975,156.227333333333,6.57916666666667,24.3366666666667,40.28,60,"ok",TRUE
"MOD-00553","2026-07-31 16:00:00",3.38267857142857,2.37000757142857,7.87964285714285,2.89428571428572,40.545,0.035810657,127.039464285714,6.86267857142857,21.075,42.6803571428571,56,"ok",TRUE
"MOD-00553","2026-07-31 17:00:00",3.67716666666667,2.45519183333334,10.594,3.18283333333333,43.7658333333333,0.0386275978333333,151.287166666667,7.0745,18.1733333333333,43.6716666666667,60,"ok",TRUE
"MOD-00553","2026-07-31 18:00:00",3.30745762711864,2.23558071186441,7.64254237288136,2.83237288135593,43.9037288135593,0.038748201220339,164.379152542373,11.0610169491525,15.9322033898305,43.9576271186441,59,"ok",TRUE
"MOD-00553","2026-07-31 19:00:00",3.41366666666666,2.15753363333333,10.12,2.9825,44.8203333333333,0.0395498635333333,227.889666666667,15.336,15.61,44.1916666666667,60,"ok",TRUE
"MOD-00553","2026-07-31 20:00:00",3.467,2.31637213333333,11.3255,2.917,45.9726666666667,0.0405576942666667,254.8535,16.3415,14.8416666666667,44.9883333333334,60,"ok",TRUE
"MOD-00553","2026-07-31 21:00:00",3.58186440677966,2.48785674576271,9.52152542372882,2.91525423728814,50.7745762711864,0.0447574444067797,254.547457627119,16.2513559322034,13.8694915254237,46.8406779661017,59,"ok",TRUE
"MOD-00553","2026-07-31 22:00:00",3.84,2.68443923333333,12.6745,3.07683333333333,53.111,0.0468008806,269.921666666667,16.4541666666667,13.1433333333333,47.8166666666667,60,"ok",TRUE
"MOD-00553","2026-07-31 23:00:00",3.9965,2.84702946666666,12.5286666666667,3.202,53.9761666666667,0.0475575553666667,312.9745,14.9815,13.1383333333333,47.7983333333333,60,"ok",TRUE
"MOD-00553","2026-08-01 00:00:00",4.0895,2.91915473333333,18.4301666666667,3.28266666666667,53.726,0.0473387596,371.268666666667,11.6878333333333,13.5733333333333,46.4,60,"ok",TRUE
"MOD-00553","2026-08-01 01:00:00",3.95491525423729,2.98117386440678,14.24,3.23101694915254,50.5023728813559,0.0445193753220339,435.121525423729,16.0533898305085,14.9949152542373,43.7983050847458,59,"ok",TRUE
"MOD-00553","2026-08-01 02:00:00",4.23583333333333,3.6254678,14.347,3.409,45.3951666666667,0.0400526127666667,503.819666666666,19.5043333333333,17.9466666666667,40.1966666666667,60,"ok",TRUE
"MOD-00553","2026-08-01 03:00:00",4.248,3.90488576666667,16.7576666666667,3.3445,42.5511666666667,0.0375652503666667,510.408333333333,13.2361666666667,20,37.79,60,"ok",TRUE
"MOD-00553","2026-08-01 04:00:00",4.066,3.74635736666667,14.8425,3.2635,41.3391666666667,0.0365052351666667,491.005166666667,10.8373333333333,21.525,36.4733333333333,60,"ok",TRUE
"MOD-00553","2026-08-01 05:00:00",4.19035714285714,4.12759057142858,16.6101785714286,3.24178571428571,40.2444642857143,0.0355478084642857,478.113928571429,10.28875,23.1321428571429,35.3910714285714,56,"ok",TRUE
"MOD-00553","2026-08-01 06:00:00",5.04466666666667,5.19995813333334,20.6605,3.83233333333333,34.3481666666667,0.0303909065666667,513.513,11.3781666666667,27.0166666666667,33.46,60,"ok",TRUE
"MOD-00553","2026-08-01 07:00:00",4.84433333333333,5.11760273333334,20.0725,3.68,29.4151666666667,0.0260765047666667,488.236166666667,8.353,28.2766666666667,31.9033333333333,60,"ok",TRUE
"MOD-00553","2026-08-01 08:00:00",5.04233333333333,5.50737956666667,19.8013333333333,3.78883333333333,26.466,0.0234971636,492.118333333333,7.98216666666667,31.3916666666667,30.465,60,"ok",TRUE
"MOD-00553","2026-08-01 09:00:00",4.82383333333333,5.31498876666667,17.8418333333333,3.65783333333333,24.817,0.0220549482,469.961666666667,6.33083333333333,33.3516666666667,29.52,60,"ok",TRUE
"MOD-00553","2026-08-01 10:00:00",4.62516666666667,4.99092516666667,15.6175,3.60783333333333,24.5,0.0217777,459.114833333333,6.00916666666667,35.375,29.065,60,"ok",TRUE
"MOD-00553","2026-08-01 11:00:00",4.31316666666667,4.47619373333333,12.4593333333333,3.50666666666667,23.6075,0.0209971195,447.296,5.76983333333333,37.045,28.9533333333333,60,"ok",TRUE
"MOD-00553","2026-08-01 12:00:00",4.7345,4.79239473333333,12.917,3.91166666666667,18.9608333333333,0.0169331448333333,475.099,5.885,38.9866666666667,28.5166666666667,60,"ok",TRUE
"MOD-00553","2026-08-01 13:00:00",4.45933333333333,4.59731743333333,15.5236666666667,3.60283333333333,20.2218333333333,0.0180360154333333,454.767333333333,5.71366666666667,39.855,28.665,60,"ok",TRUE
"MOD-00553","2026-08-01 14:00:00",3.75,3.60782849999999,15.8575,3.0425,26.3876666666667,0.0234286532666667,464.740333333333,5.92216666666667,37.8483333333333,31.8683333333333,60,"ok",TRUE
"MOD-00553","2026-08-01 15:00:00",4.27283333333333,3.62230083333333,14.4301666666667,3.56883333333333,33.492,0.0296421032,299.966666666667,6.02316666666667,28.295,36.94,60,"ok",TRUE
"MOD-00553","2026-08-01 16:00:00",3.41833333333333,2.4389371,7.35733333333333,2.95716666666667,39.9583333333333,0.0352975583333333,150.026833333333,5.98133333333333,21.2283333333333,41.685,60,"ok",TRUE
"MOD-00553","2026-08-01 17:00:00",2.28733333333333,1.17815193333333,6.33433333333333,1.989,47.3933333333333,0.0418002093333333,73.7038333333333,7.29033333333333,16.95,45.1,60,"ok",TRUE
"MOD-00553","2026-08-01 18:00:00",3.06169491525424,1.74445555932203,5.82813559322034,2.70728813559322,50.4125423728814,0.044440809559322,186.001186440678,13.8030508474576,16.7576271186441,45.7152542372881,59,"ok",TRUE
"MOD-00553","2026-08-01 19:00:00",3.4875,1.96797096666667,6.78833333333334,3.10516666666667,52.4608333333333,0.0462322448333333,185.227,13.8956666666667,15.045,46.875,60,"ok",TRUE
"MOD-00553","2026-08-01 20:00:00",3.51133333333333,2.03518283333334,8.16383333333333,3.1155,52.3768333333333,0.0461587784333333,269.3375,14.2111666666667,14.69,46.235,60,"ok",TRUE
"MOD-00553","2026-08-01 21:00:00",3.5695,2.013407,8.864,3.18166666666667,51.8418333333333,0.0456908674333333,290.9655,14.7621666666667,13.9516666666667,46.67,60,"ok",TRUE
"MOD-00553","2026-08-01 22:00:00",3.78775,2.12715941779661,7.9795,3.32425,52.4928813559322,0.0462602740338983,247.349661016949,14.5345762711864,12.7661016949153,48.9372881355932,59,"ok",TRUE
"MOD-00553","2026-08-01 23:00:00",NA,NA,NA,NA,52.2961666666667,0.0460882273666667,284.239833333333,15.3718333333333,12.4466666666667,48.665,60,"thermal_cutoff",TRUE
"MOD-00553","2026-08-02 00:00:00",3.41291666666667,1.98509504166666,10.7677083333333,2.966875,50.2896666666667,0.0443333424666667,355.279333333333,15.8585,12.7116666666667,46.6533333333333,60,"ok",TRUE
"MOD-00553","2026-08-02 01:00:00",3.61616666666667,2.38122986666666,9.65283333333333,3.14766666666667,47.8203333333334,0.0421736635333334,418.921666666667,14.0595,13.9266666666667,44.1716666666667,60,"ok",TRUE
"MOD-00553","2026-08-02 02:00:00",3.59916666666667,2.75838253333333,7.94866666666667,3.102,45.1733333333333,0.0398585973333333,495.798833333333,18.604,16.595,40.3483333333333,60,"ok",TRUE
"MOD-00553","2026-08-02 03:00:00",3.6925,2.98016336666667,8.99133333333334,3.20516666666667,41.8566666666667,0.0369578406666667,502.657666666666,14.0021666666667,18.29,37.815,60,"ok",TRUE
"MOD-00553","2026-08-02 04:00:00",4.91333333333333,4.5578362,18.015,3.97233333333333,38.7778333333333,0.0342650930333333,540.6595,12.0021666666667,21.3433333333333,35.555,60,"ok",TRUE
"MOD-00553","2026-08-02 05:00:00",5.246,5.3280702,21.1968333333333,4.01,36.1653333333333,0.0319802005333333,547.804333333333,10.0326666666667,23.235,34.2233333333333,60,"ok",TRUE
"MOD-00553","2026-08-02 06:00:00",4.73266666666667,4.79358913333333,17.81,3.71633333333333,31.3785,0.0277936361,539.838833333333,10.2495,25.9816666666667,32.555,60,"ok",TRUE
"MOD-00553","2026-08-02 07:00:00",4.60633333333333,4.31429473333333,13.6958333333333,3.89733333333333,27.7263333333333,0.0245994511333333,586.554833333333,9.48066666666667,30.92,31.3666666666667,60,"ok",TRUE
"MOD-00553","2026-08-02 08:00:00",3.62683333333333,3.62287523333333,13.7068333333333,2.93816666666667,27.2096666666667,0.0241475744666667,518.062833333333,8.22716666666667,30.1833333333333,31.6066666666667,60,"ok",TRUE
"MOD-00553","2026-08-02 09:00:00",3.1845,3.0245511,13.2683333333333,2.64516666666667,30.9938333333333,0.0274572066333333,509.764333333333,7.774,34.4916666666667,31.8333333333333,60,"ok",TRUE
"MOD-00553","2026-08-02 10:00:00",3.565,3.50570423333333,13.915,2.91216666666667,29.6366666666667,0.0262702286666667,464.792,6.172,35.0816666666667,31.2466666666667,60,"ok",TRUE
"MOD-00553","2026-08-02 11:00:00",4.30283333333333,4.5379101,16.9523333333333,3.3295,29.3005,0.0259762173,449.152666666667,5.7515,35.76,30.6383333333333,60,"ok",TRUE
"MOD-00553","2026-08-02 12:00:00",4.35416666666667,4.870176,20.1591666666667,3.195,27.8771666666667,0.0247313699666667,437.7615,6.34616666666667,37.4583333333333,30.035,60,"ok",TRUE
"MOD-00553","2026-08-02 13:00:00",3.9555,3.8066312,20.979,3.13266666666667,32.78,0.029019388,435.754166666667,6.50483333333333,35.8016666666667,32.435,60,"ok",TRUE
"MOD-00553","2026-08-02 14:00:00",3.062,2.89814163333333,14.3116666666667,2.3625,34.7368333333333,0.0307308344333333,355.237833333333,6.8245,31.8816666666667,35.73,60,"ok",TRUE
"MOD-00553","2026-08-02 15:00:00",3.5075,2.9748643,11.0781666666667,2.94283333333333,36.2495,0.0320538127,366.3405,7.365,32.6216666666667,36.185,60,"ok",TRUE
"MOD-00553","2026-08-02 16:00:00",4.00483333333333,3.2934288,12.007,3.372,38.1015,0.0336735719,340.668333333333,7.711,30.5133333333333,37.6633333333333,60,"ok",TRUE
"MOD-00553","2026-08-02 17:00:00",4.694,3.4042904,10.3463333333333,4.108,39.4681666666667,0.0348688585666667,273.084666666667,6.69316666666667,25.3833333333333,41.6116666666667,60,"ok",TRUE
"MOD-00553","2026-08-02 18:00:00",4.11525423728813,2.78122311864406,9.66033898305085,3.5935593220339,42.3061016949152,0.0373509165423729,154.132881355932,6.90983050847458,21.1050847457627,43.735593220339,59,"ok",TRUE
"MOD-00553","2026-08-02 19:00:00",3.764,2.38467086666667,6.02483333333333,3.308,43.9131666666667,0.0387564555666667,142.4035,7.4485,18.3816666666667,45.5033333333333,60,"ok",TRUE
"MOD-00553","2026-08-02 20:00:00",3.19333333333333,1.75592266666667,7.38783333333333,2.85633333333333,45.328,0.0399938688,164.002,10.4633333333333,16.3616666666667,45.88,60,"ok",TRUE
"MOD-00553","2026-08-02 21:00:00",3.4345,1.93372383333333,5.6595,3.06783333333333,48.2986666666667,0.0425920138666667,207.337,13.3425,15.005,46.8283333333333,60,"ok",TRUE
"MOD-00553","2026-08-02 22:00:00",3.37203389830509,1.67002830508475,6.94372881355932,3.03,51.0010169491526,0.0449554894237288,214.558813559322,14.0306779661017,13.8593220338983,48.7372881355932,59,"ok",TRUE
"MOD-00553","2026-08-02 23:00:00",3.4925,1.77145916666667,6.96633333333333,3.15616666666667,51.4256666666667,0.0453268880666667,260.805333333333,15.6283333333333,13.32,48.395,60,"ok",TRUE
"MOD-00553","2026-08-03 00:00:00",3.55583333333333,1.99830906666667,8.677,3.16933333333333,50.2145,0.0442676017,332.423666666667,14.1221666666667,13.55,46.8,60,"ok",TRUE
"MOD-00553","2026-08-03 01:00:00",3.75474576271186,2.47461684745763,8.37932203389831,3.3035593220339,48.2920338983051,0.0425862128474576,423.187457627119,15.7849152542373,15.1864406779661,43.9762711864407,59,"ok",TRUE
"MOD-00553","2026-08-03 02:00:00",4.21283333333333,3.06523963333333,10.665,3.72916666666667,44.5845,0.0393436037,506.5935,18.847,18.0733333333333,40.3633333333333,60,"ok",TRUE
"MOD-00553","2026-08-03 03:00:00",4.34166666666667,3.3992746,10.3558333333333,3.82533333333333,42.1138333333333,0.0371827586333333,522.229333333333,13.2785,20.3883333333333,37.9483333333333,60,"ok",TRUE
"MOD-00553","2026-08-03 04:00:00",4.66216666666667,3.86303686666667,13.2391666666667,4.03,40.3671666666667,0.0356551239666667,513.123333333333,11.1721666666667,22.4183333333333,36.4533333333333,60,"ok",TRUE
"MOD-00553","2026-08-03 05:00:00",5.7565,5.23768783333333,16.8966666666667,4.7755,36.1705,0.0319847193,520.479,10.4055,24.75,34.8333333333333,60,"ok",TRUE
"MOD-00553","2026-08-03 06:00:00",5.7695,5.37015709999999,18.3756666666667,4.76116666666667,32.2666666666667,0.0285704266666667,513.254,9.383,27.0216666666667,33.3516666666667,60,"ok",TRUE
"MOD-00553","2026-08-03 07:00:00",5.49116666666667,5.45064506666668,18.4746666666667,4.38733333333333,29.7736666666667,0.0263900488666667,520.138166666667,8.03383333333334,30.76,31.8666666666667,60,"ok",TRUE
"MOD-00553","2026-08-03 08:00:00",5.15583333333333,5.24485326666666,15.9135,4.07933333333333,29.2136666666667,0.0259002728666667,502.041833333333,7.277,32.4316666666667,31.6166666666667,60,"ok",TRUE
"MOD-00553","2026-08-03 09:00:00",4.5475,4.49416343333333,12.8893333333333,3.67683333333333,30.0368333333333,0.0266202144333333,461.996166666667,6.82733333333333,32.45,32.2316666666667,60,"ok",TRUE
"MOD-00553","2026-08-03 10:00:00",4.003,4.10221586666666,11.9961666666667,3.153,28.2386666666667,0.0250475378666667,447.548666666667,6.666,33.51,32.345,60,"ok",TRUE
"MOD-00553","2026-08-03 11:00:00",4.51233333333333,4.4792186,18.162,3.583,23.8078333333333,0.0211723310333333,432.788166666667,6.16,34.3166666666667,31.8666666666667,60,"ok",TRUE
"MOD-00553","2026-08-03 12:00:00",4.63283333333333,4.58791163333333,20.2078333333333,3.69883333333333,21.9523333333333,0.0195495107333333,467.511166666667,6.3445,37.7133333333333,30.775,60,"ok",TRUE
"MOD-00553","2026-08-03 13:00:00",4.47983333333333,4.2974128,15.3285,3.64633333333333,24.323,0.0216228958,487.704666666667,6.04583333333333,37.3583333333333,32.18,60,"ok",TRUE
"MOD-00553","2026-08-03 14:00:00",3.59366666666667,3.37519653333333,12.0616666666667,2.858,32.0366666666667,0.0283692686666667,346.442666666667,6.25583333333334,31.565,35.5533333333333,60,"ok",TRUE
"MOD-00553","2026-08-03 15:00:00",3.38966666666667,2.97958136666666,10.715,2.6625,34.2501666666667,0.0303051957666667,252.357666666667,6.10533333333333,25.1216666666667,39.43,60,"ok",TRUE
"MOD-00553","2026-08-03 16:00:00",3.19716666666667,2.31925383333333,7.88416666666667,2.65183333333333,38.9851666666667,0.0344464267666667,120.850833333333,6.4835,20.3883333333333,43.1033333333333,60,"ok",TRUE
"MOD-00553","2026-08-03 17:00:00",3.28633333333333,2.44201353333333,6.78833333333334,2.77166666666667,40.9015,0.0361224519,258.478333333333,8.979,21,41.9133333333333,60,"ok",TRUE
"MOD-00553","2026-08-03 18:00:00",3.5715,2.33801893333334,8.26033333333333,3.028,44.6775,0.0394249415,150.892666666667,8.4215,17.1833333333333,45.9533333333333,60,"ok",TRUE
"MOD-00553","2026-08-03 19:00:00",3.90593220338983,2.479136,7.58745762711865,3.45627118644068,44.6501694915254,0.0394010382372881,224.292372881356,13.1218644067797,16.4966101694915,45.1372881355932,59,"ok",TRUE
"MOD-00553","2026-08-03 20:00:00",4.076,2.67800933333334,7.66283333333333,3.605,44.6021666666667,0.0393590549666667,295.006333333333,16.7671666666667,16.69,44.51,60,"ok",TRUE
"MOD-00553","2026-08-03 21:00:00",4.285,2.65708273333333,9.83366666666667,3.80766666666667,46.722,0.0412130612,276.789666666667,14.1388333333333,15.255,46.1016666666667,60,"ok",TRUE
"MOD-00553","2026-08-03 22:00:00",4.30372881355932,2.5201933220339,8.01508474576271,3.83169491525424,50.3028813559322,0.0443449000338983,209.116610169492,13.0354237288136,13.1525423728814,48.4135593220339,59,"ok",TRUE
"MOD-00553","2026-08-03 23:00:00",4.418,2.84383256666667,9.13866666666667,3.88783333333333,48.6486666666666,0.0428981238666667,319.173833333333,13.7493333333333,13.9416666666667,46.3283333333333,60,"ok",TRUE
"MOD-00553","2026-08-04 00:00:00",4.565,3.05761676666667,10.693,4.0315,46.802,0.0412830292,403.6775,15.0351666666667,15.06,44.5083333333333,60,"ok",TRUE
"MOD-00553","2026-08-04 01:00:00",4.5245,3.12793033333334,9.3135,4.06133333333333,44.5973333333333,0.0393548277333333,447.910833333333,18.206,16.565,42.0883333333333,60,"ok",TRUE
"MOD-00553","2026-08-04 02:00:00",9.48583333333334,10.0688656263158,40.2815789473684,6.7245,40.4711666666667,0.0357460823666667,583.350666666667,42.5458333333333,29.26,37.58,60,"ok",TRUE
"MOD-00553","2026-08-04 03:00:00",5.29533333333333,4.5791905,7.63066666666667,4.84416666666667,36.4175,0.0322007455,785.836,56.7063333333333,57.3116666666667,27.1766666666667,60,"ok",TRUE
"MOD-00553","2026-08-04 04:00:00",4.3225,3.66320046666666,5.76066666666667,4.05033333333334,32.1588333333333,0.0284761156333333,648.320666666667,13.1221666666667,54.8516666666667,27.4333333333333,60,"ok",TRUE
"MOD-00553","2026-08-04 05:00:00",3.179,3.03262896666667,5.28516666666666,2.87216666666667,26.8451666666667,0.0238287827666667,559.507,10.5051666666667,60.4266666666667,26.36,60,"ok",TRUE
"MOD-00553","2026-08-04 06:00:00",2.798,2.68671353333334,4.87416666666667,2.57333333333333,24.367,0.0216613782,500.196666666667,7.91066666666667,62.0083333333334,25.7333333333333,60,"ok",TRUE
"MOD-00553","2026-08-04 07:00:00",1.77533333333333,1.99948263333333,3.45866666666667,1.56216666666667,22.884,0.0203643464,424.278666666667,5.45583333333333,55.8866666666667,26.6433333333333,60,"ok",TRUE
"MOD-00553","2026-08-04 08:00:00",1.38883333333333,1.68420673333333,2.49733333333333,1.24166666666667,22.4741666666667,0.0200059061666667,379.064,5.99533333333333,56.8216666666667,26.15,60,"ok",TRUE
"MOD-00553","2026-08-04 09:00:00",1.23083333333333,1.57833943333333,2.35216666666667,1.08983333333333,22.3645,0.0199099917,363.637333333333,5.71983333333333,55.6433333333333,26.1983333333333,60,"ok",TRUE
"MOD-00553","2026-08-04 10:00:00",1.47816666666667,1.73756073333333,2.60716666666667,1.338,20.842,0.0185784132,354.302833333333,6.19866666666666,57.3566666666667,25.985,60,"ok",TRUE
"MOD-00553","2026-08-04 11:00:00",1.69366666666667,1.8889967,3.49466666666667,1.5525,18.9998333333333,0.0169672542333333,366.164666666667,6.3085,59.6866666666667,25.4383333333333,60,"ok",TRUE
"MOD-00553","2026-08-04 12:00:00",1.6925,1.91098433333334,3.84266666666667,1.539,19.0321666666667,0.0169955329666667,360.942166666667,6.22616666666667,59.3033333333333,25.3766666666667,60,"ok",TRUE
"MOD-00553","2026-08-04 13:00:00",1.77466666666667,1.96120036666667,4.02033333333333,1.58883333333333,18.098,0.0161785108,387.975666666667,5.69216666666667,58.56,26.1233333333333,60,"ok",TRUE
"MOD-00553","2026-08-04 14:00:00",2.406,2.143124,5.408,2.17066666666667,21.9388333333333,0.0195377036333333,320.536166666667,6.328,44.095,30.9233333333333,60,"ok",TRUE
"MOD-00553","2026-08-04 15:00:00",2.57183333333333,2.0058949,5.28516666666667,2.35316666666667,27.6755,0.0245549923,227.180666666667,5.91116666666666,35.45,34.335,60,"ok",TRUE
"MOD-00553","2026-08-04 16:00:00",2.1995,1.45334573333333,3.71683333333333,2.03766666666667,33.6568333333333,0.0297862664333333,171.028333333333,6.02233333333334,28.9583333333333,37.8116666666667,60,"ok",TRUE
"MOD-00553","2026-08-04 17:00:00",2.44406779661017,1.51337661016949,4.57881355932203,2.20338983050847,38.5033898305085,0.0340250647457627,106.078813559322,6.21677966101695,23.4101694915254,40.9610169491525,59,"ok",TRUE
"MOD-00553","2026-08-04 18:00:00",3.51316666666667,3.50430876666667,17.4175,2.34583333333333,42.3365,0.0373775029,131.109166666667,7.71016666666667,21.155,42.105,60,"ok",TRUE
"MOD-00553","2026-08-04 19:00:00",6.2585,8.2364395,38.7943333333333,3.18516666666667,44.2576666666667,0.0390577552666667,230.530333333333,11.2185,21.8966666666667,41.8983333333333,60,"ok",TRUE
"MOD-00553","2026-08-04 20:00:00",5.421,7.04049543333333,34.5568333333333,2.73716666666667,44.8603333333333,0.0395848475333333,277.718666666667,11.0793333333333,21.1316666666667,42.535,60,"ok",TRUE
"MOD-00553","2026-08-04 21:00:00",5.22847457627119,6.35794138983051,29.3125423728813,2.85440677966102,46.4374576271187,0.040964200440678,259.230508474576,12.371186440678,19.6338983050847,44.0847457627119,59,"ok",TRUE
"MOD-00553","2026-08-04 22:00:00",5.4035,6.35025133333334,25.6815,3.13633333333333,46.9573333333333,0.0414188837333333,302.493833333333,16.3505,19.545,44.2083333333333,60,"ok",TRUE
"MOD-00553","2026-08-04 23:00:00",3.96,4.091446,16.1748333333333,2.571,47.0648333333333,0.0415129032333333,367.0685,16.988,20.26,43.6633333333333,60,"ok",TRUE
"MOD-00553","2026-08-05 00:00:00",3.75677966101695,3.09245579661017,11.124406779661,2.98474576271186,47.273220338983,0.0416951585084746,392.205254237288,19.4215254237288,21.6830508474576,42.1033898305085,59,"ok",TRUE
"MOD-00553","2026-08-05 01:00:00",3.36133333333333,2.4423019,8.0135,2.94216666666667,47.5805,0.0419639053,436.436333333333,19.6538333333333,24.0233333333333,39.8916666666667,60,"ok",TRUE
"MOD-00553","2026-08-05 02:00:00",3.50133333333333,2.69999176666667,8.48833333333333,3.09716666666667,45.6911666666667,0.0403114943666667,460.775833333333,18.356,27.1116666666667,37.1966666666667,60,"ok",TRUE
"MOD-00553","2026-08-05 03:00:00",3.47633333333333,2.70444946666667,5.2845,3.165,44.5675,0.0393287355,474.140166666667,15.264,30.3,35.5033333333333,60,"ok",TRUE
"MOD-00553","2026-08-05 04:00:00",3.1455,2.6330865,6.328,2.7755,42.8496666666667,0.0378263184666667,456.866166666667,12.078,32.1033333333333,34.5833333333333,60,"ok",TRUE
"MOD-00553","2026-08-05 05:00:00",3.66116666666667,3.35391606666667,9.86966666666666,3.06566666666667,39.6451666666667,0.0350236627666667,449.3345,15.8371666666667,34.7416666666667,33.635,60,"ok",TRUE
"MOD-00553","2026-08-05 06:00:00",6.29266666666667,6.70893363333334,17.7385,4.67616666666667,30.9571666666667,0.0274251379666667,509.797166666667,17.3616666666667,43.6166666666667,32.9016666666667,60,"ok",TRUE
"MOD-00553","2026-08-05 07:00:00",6.04883333333333,6.29301866666667,16.4635,4.62166666666667,28.8376666666667,0.0255714232666667,472.313,7.77066666666666,45.385,32.1166666666667,60,"ok",TRUE
"MOD-00553","2026-08-05 08:00:00",6.04416666666667,6.26046713333334,15.1791666666667,4.65266666666667,26.5005,0.0235273373,428.633166666667,6.53666666666667,45.8583333333333,31.995,60,"ok",TRUE
"MOD-00553","2026-08-05 09:00:00",6.72383333333333,7.23904653333334,18.4578333333333,5.00633333333333,24.8005,0.0220405173,420.233,6.58366666666667,48.7633333333333,31.415,60,"ok",TRUE
"MOD-00553","2026-08-05 10:00:00",6.06483333333333,6.3476295,15.4443333333333,4.65116666666667,25.216,0.0224039136,398.406333333333,6.05683333333333,49.8283333333334,31.145,60,"ok",TRUE
"MOD-00553","2026-08-05 11:00:00",5.54966666666667,5.43559963333333,11.7426666666667,4.53516666666667,25.9373333333333,0.0230347917333333,376.882666666667,5.347,49.4183333333333,30.545,60,"ok",TRUE
"MOD-00553","2026-08-05 12:00:00",5.2415,4.98378703333334,11.412,4.3975,24.7541666666667,0.0219999941666667,360.629333333333,5.45266666666667,49.2516666666667,30.0283333333333,60,"ok",TRUE
"MOD-00553","2026-08-05 13:00:00",5.39533333333333,5.00498253333333,12.8711666666667,4.581,21.7331666666667,0.0193578275666667,385.6435,6.11666666666667,51.75,29.7433333333333,60,"ok",TRUE
"MOD-00553","2026-08-05 14:00:00",5.729,4.9941677,11.1276666666667,4.93016666666666,25.9871666666667,0.0230783759666667,350.781666666667,5.702,43.26,33.375,60,"ok",TRUE
"MOD-00553","2026-08-05 15:00:00",5.636,4.9252669,12.8681666666667,4.6585,28.9085,0.0256333741,246.122333333333,5.9875,35.4166666666667,37.5283333333333,60,"ok",TRUE
"MOD-00553","2026-08-05 16:00:00",5.50733333333333,4.35892953333333,9.56066666666666,4.723,33.767,0.0298826182,188.791166666667,6.15883333333333,30.38,40.4933333333333,60,"ok",TRUE
"MOD-00553","2026-08-05 17:00:00",5.5655,4.2785328,10.1218333333333,4.79433333333333,37.3478333333333,0.0330144150333333,207.149333333333,7.05966666666667,27.9816666666667,41.7066666666667,60,"ok",TRUE
"MOD-00553","2026-08-05 18:00:00",5.46783333333333,4.1499223,9.62283333333333,4.7255,38.9525,0.0344178565,239.680333333333,8.95266666666666,27.56,42.0333333333333,60,"ok",TRUE
"MOD-00553","2026-08-05 19:00:00",5.16316666666667,3.93465133333333,8.7985,4.447,39.0166666666667,0.0344739766666667,289.773333333333,8.65266666666667,26.7866666666667,41.9533333333334,60,"ok",TRUE
"MOD-00553","2026-08-05 20:00:00",5.06593220338983,3.91721779661016,11.4928813559322,4.26694915254237,38.6650847457627,0.0341664831186441,274.214915254237,8.22440677966101,25.1118644067797,42.6271186440678,59,"ok",TRUE
"MOD-00553","2026-08-05 21:00:00",4.67916666666667,3.63117413333333,9.43816666666667,3.837,39.9955,0.0353300643,240.686666666667,7.85066666666667,22.505,44.6883333333334,60,"ok",TRUE
"MOD-00553","2026-08-05 22:00:00",5.0245,3.80367563333333,9.7485,4.16483333333333,41.7096666666667,0.0368292744666667,262.865333333333,9.714,21.2466666666667,45.73,60,"ok",TRUE
"MOD-00553","2026-08-05 23:00:00",4.90457627118644,3.73395718644068,11.2550847457627,4.02661016949153,42.9064406779661,0.0378759730169492,298.931694915254,12.4023728813559,21.1762711864407,45.6389830508475,59,"ok",TRUE
"MOD-00553","2026-08-06 00:00:00",4.6935,3.85429016666667,10.7485,3.76683333333333,43.3798333333333,0.0382900022333333,377.936,14.7556666666667,22.6566666666667,43.5866666666667,60,"ok",TRUE
"MOD-00553","2026-08-06 01:00:00",4.77733333333333,4.29110133333334,13.1651666666667,3.73366666666667,42.3393333333333,0.0373799809333333,439.559166666667,14.1773333333333,25.02,40.6866666666667,60,"ok",TRUE
"MOD-00553","2026-08-06 02:00:00",4.81183333333333,4.83260233333334,13.6385,3.616,41.0183333333333,0.0362246343333333,477.528833333333,13.5691666666667,28.9,37.2466666666667,60,"ok",TRUE
"MOD-00553","2026-08-06 03:00:00",4.67616666666667,4.59664103333333,15.0068333333333,3.60116666666667,39.6351666666667,0.0350149167666667,474.136333333333,11.1016666666667,30.8333333333333,35.9266666666667,60,"ok",TRUE
"MOD-00553","2026-08-06 04:00:00",4.52533333333333,4.30994523333334,11.2258333333333,3.61616666666667,38.3963333333333,0.0339314331333333,445.733,8.81866666666666,32.3316666666667,35.48,60,"ok",TRUE
"MOD-00553","2026-08-06 05:00:00",6.705,7.33971523333333,24.5288333333333,4.82083333333333,37.9585,0.0335485041,448.044,37.4311666666667,43.7266666666667,32.5283333333333,60,"ok",TRUE
"MOD-00553","2026-08-06 06:00:00",4.90633333333333,5.01482929999999,8.17783333333333,4.1725,33.119,0.0293158774,545.062166666667,59.8708333333333,75.4866666666667,23.075,60,"ok",TRUE
"MOD-00553","2026-08-06 07:00:00",3.16183333333333,3.29614636666667,4.81166666666667,2.80683333333333,31.1598333333333,0.0276023902333333,517.923666666667,30.6833333333333,77.2716666666667,22.6383333333333,60,"ok",TRUE
"MOD-00553","2026-08-06 08:00:00",2.32666666666667,2.57579823333333,3.29766666666667,2.03283333333333,24.5305,0.0218043753,459.149666666667,11.6016666666667,74.5533333333334,24.0533333333333,60,"ok",TRUE
"MOD-00553","2026-08-06 09:00:00",2.4135,2.69972296666667,3.77683333333333,2.0695,22.445,0.019980397,420.940833333333,8.74183333333333,74.7233333333333,24.175,60,"ok",TRUE
"MOD-00553","2026-08-06 10:00:00",2.09833333333333,2.33456163333333,3.21783333333333,1.8615,25.8881666666667,0.0229917905666667,365.699166666667,6.29516666666667,68.75,24.515,60,"ok",TRUE
"MOD-00553","2026-08-06 11:00:00",2.6395,2.63506926666667,3.6285,2.44333333333333,27.2705,0.0242007793,331.644166666667,6.35066666666667,64.2533333333333,24.6183333333333,60,"ok",TRUE
"MOD-00553","2026-08-06 12:00:00",2.70466666666667,2.63895196666667,3.7605,2.52316666666667,29.2596666666667,0.0259405044666667,318.378666666667,5.94616666666667,57.445,25.3816666666667,60,"ok",TRUE
"MOD-00553","2026-08-06 13:00:00",3.19266666666667,3.0099151,6.1975,2.91483333333333,22.587,0.0201045902,363.968166666667,7.30183333333333,60.6583333333333,25.875,60,"ok",TRUE
"MOD-00553","2026-08-06 14:00:00",3.26983333333333,2.88874006666666,5.214,3.05033333333333,27.6533333333333,0.0245356053333333,380.832,6.08016666666667,56.08,27.365,60,"ok",TRUE
"MOD-00553","2026-08-06 15:00:00",2.83683333333333,2.20771683333333,5.21466666666667,2.64983333333333,35.7153333333333,0.0315866305333333,255.912,5.88133333333334,38.5333333333333,33.0583333333333,60,"ok",TRUE
"MOD-00553","2026-08-06 16:00:00",3.10333333333333,2.0739667,5.746,2.89383333333333,37.2155,0.0328986763,182.727166666667,6.07716666666666,30.5616666666667,37.8033333333333,60,"ok",TRUE
"MOD-00553","2026-08-06 17:00:00",3.59133333333333,2.23160373333333,5.332,3.39533333333333,41.5493333333333,0.0366890469333333,184.656666666667,7.5645,27.9983333333333,39.7816666666667,60,"ok",TRUE
"MOD-00553","2026-08-06 18:00:00",3.50933333333333,2.213829,4.98866666666667,3.305,44.3363333333333,0.0391265571333334,230.973833333333,11.6128333333333,27.5716666666667,39.6583333333333,60,"ok",TRUE
"MOD-00553","2026-08-06 19:00:00",3.6245,2.38138026666667,8.47166666666667,3.35266666666667,46.7108333333333,0.0412032948333333,277.010666666667,11.9931666666667,27.36,39.1283333333333,60,"ok",TRUE
"MOD-00553","2026-08-06 20:00:00",3.62383333333333,2.4423183,10.042,3.28583333333333,48.2876666666667,0.0425823932666667,266.158833333333,11.3593333333333,24.8566666666667,39.6333333333333,60,"ok",TRUE
"MOD-00553","2026-08-06 21:00:00",3.3365,2.02124286666667,6.48816666666667,3.13466666666667,49.6678333333333,0.0437894870333333,287.943166666667,16.6998333333333,24.4033333333333,40.4716666666667,60,"ok",TRUE
"MOD-00553","2026-08-06 22:00:00",3.24433333333333,1.99422956666666,7.07016666666667,2.96983333333333,48.6895,0.0429338367,267.162333333333,12.719,21.98,41.6866666666667,60,"ok",TRUE
"MOD-00553","2026-08-06 23:00:00",3.2385,2.24338516666667,10.5971666666667,2.75983333333333,46.6851666666667,0.0411808467666667,284.494666666667,14.9501666666667,21.3166666666667,42.1533333333333,60,"ok",TRUE
"MOD-00553","2026-08-07 00:00:00",4.20576271186441,4.47843488135594,22.0715254237288,2.69271186440678,44.446779661017,0.0392231534915254,337.517796610169,18.6108474576271,22.9237288135593,41.8542372881356,59,"ok",TRUE
"MOD-00553","2026-08-07 01:00:00",3.2515,2.60748496666667,8.102,2.7045,45.2595,0.0399339587,438.392833333333,35.7721666666667,27.735,39.3933333333333,60,"ok",TRUE
"MOD-00553","2026-08-07 02:00:00",3.707,2.80627993333334,7.32266666666667,3.38166666666667,42.4505,0.0374772073,503.8,42.1461666666667,35.0133333333333,35.42,60,"ok",TRUE
"MOD-00553","2026-08-07 03:00:00",4.02566666666667,3.15147213333333,6.16433333333333,3.73133333333333,39.5358333333334,0.0349280398333334,505.194333333333,29.2483333333333,40.5533333333333,32.915,60,"ok",TRUE
"MOD-00553","2026-08-07 04:00:00",4.08916666666667,3.23142483333333,6.035,3.8225,35.5605,0.0314512133,470.481,12.475,43.1533333333333,31.665,60,"ok",TRUE
"MOD-00553","2026-08-07 05:00:00",4.56183333333333,3.6290382,7.5945,4.26066666666667,30.2111666666667,0.0267726863666667,454.3685,10.8048333333333,46.5683333333334,30.6266666666667,60,"ok",TRUE
"MOD-00553","2026-08-07 06:00:00",5.54916666666667,4.40280786666667,8.7835,5.203,25.69,0.022818474,449.895666666667,9.66,51.4883333333333,29.2916666666667,60,"ok",TRUE
"MOD-00553","2026-08-07 07:00:00",4.78766666666667,3.83612173333333,7.50933333333333,4.51066666666667,21.0516666666667,0.0187617876666667,430.050666666667,9.07883333333333,55.4566666666667,28.595,60,"ok",TRUE
"MOD-00553","2026-08-07 08:00:00",4.75233333333333,3.87106266666667,7.33033333333333,4.46933333333333,19.9166666666667,0.0177691166666667,415.138666666667,7.54166666666667,57.775,27.8583333333333,60,"ok",TRUE
"MOD-00553","2026-08-07 09:00:00",5.138,4.15798826666666,8.04783333333333,4.84433333333333,17.1138333333333,0.0153177586333333,408.5405,6.8195,59.975,27.2833333333333,60,"ok",TRUE
"MOD-00553","2026-08-07 10:00:00",5.04216666666667,4.1644406,7.7365,4.73066666666667,15.2621666666667,0.0136982909666667,396.764,6.595,61.435,26.7783333333333,60,"ok",TRUE
"MOD-00553","2026-08-07 11:00:00",5.282,4.4013057,8.319,4.92816666666667,13.0991666666667,0.0118065311666667,398.999,6.7445,63.81,26.3483333333333,60,"ok",TRUE
"MOD-00553","2026-08-07 12:00:00",4.47366666666667,3.98086426666667,10.2525,4.051,14.9146666666667,0.0133943674666667,387.484,6.05466666666667,62.34,26.1633333333333,60,"ok",TRUE
"MOD-00553","2026-08-07 13:00:00",6.69616666666667,5.51100836666667,13.9308333333333,6.15716666666667,10.9893333333333,0.00996127093333334,429.1165,6.158,62.6683333333333,26.7483333333333,60,"ok",TRUE
"MOD-00553","2026-08-07 14:00:00",4.6725,3.9048935,11.4246666666667,4.18783333333333,16.665,0.014925209,400.830333333333,5.74933333333333,50.88,30.6983333333333,60,"ok",TRUE
"MOD-00553","2026-08-07 15:00:00",3.691,2.93935723333334,10.301,3.21316666666667,26.3591666666667,0.0234037271666667,272.4035,5.93416666666667,36.7533333333333,36.0083333333333,60,"ok",TRUE
"MOD-00553","2026-08-07 16:00:00",4.555,3.2115357,10.8393333333333,4.05216666666667,33.3225,0.0294938585,165.068833333333,6.23866666666667,28.0166666666667,40.6983333333333,60,"ok",TRUE
"MOD-00553","2026-08-07 17:00:00",4.00266666666667,2.6649719,11.4638333333333,3.53616666666667,40.1643333333333,0.0354777259333333,134.297333333333,7.00983333333333,24.4633333333333,42.31,60,"ok",TRUE
"MOD-00553","2026-08-07 18:00:00",3.5975,2.35239603333333,11.6533333333333,3.1365,43.4035,0.0383107011,196.066666666667,8.76583333333333,23.1083333333333,42.8383333333333,60,"ok",TRUE
"MOD-00553","2026-08-07 19:00:00",3.49084745762712,2.32230301694915,9.60050847457627,2.99576271186441,45.7547457627119,0.0403671006440678,188.180169491525,10.3816949152542,20.4033898305085,43.8559322033899,59,"ok",TRUE
"MOD-00553","2026-08-07 20:00:00",3.48916666666667,2.2881763,9.85783333333333,2.98816666666667,47.9753333333333,0.0423092265333333,244.649833333333,15.5601666666667,19.7016666666667,44.3733333333333,60,"ok",TRUE
"MOD-00553","2026-08-07 21:00:00",3.45783333333333,2.27078903333333,7.81683333333333,2.91116666666667,48.5071666666667,0.0427743679666667,263.1985,16.9825,18.2566666666667,45.945,60,"ok",TRUE
"MOD-00553","2026-08-07 22:00:00",3.95266666666667,2.62488876666667,13.4958333333333,3.29316666666667,47.6048333333333,0.0419851872333334,307.139,17.1526666666667,17.8466666666667,46.5666666666667,60,"ok",TRUE
"MOD-00553","2026-08-07 23:00:00",3.74016949152542,2.446892,9.96915254237288,3.13254237288136,48.5267796610169,0.0427915214915254,308.991525423729,16.2232203389831,17.3254237288136,46.8745762711865,59,"ok",TRUE
"MOD-00553","2026-08-08 00:00:00",4.09466666666667,3.0225538,11.5178333333333,3.33,48.4176666666667,0.0426960912666667,370.645166666667,19.4591666666667,18.2766666666667,45.62,60,"ok",TRUE
"MOD-00553","2026-08-08 01:00:00",4.1695,3.32006443333333,11.3763333333333,3.4005,46.9358333333333,0.0414000798333333,448.430666666667,28.0865,20.9483333333333,42.5483333333333,60,"ok",TRUE
"MOD-00553","2026-08-08 02:00:00",4.2955,3.8117028,12.9116666666667,3.45866666666667,44.4488333333333,0.0392249496333333,520.7315,32.1173333333333,25.3466666666667,38.3216666666667,60,"ok",TRUE
"MOD-00553","2026-08-08 03:00:00",4.349,3.9381206,13.6148333333333,3.536,42.2766666666667,0.0373251726666667,506.8495,15.5903333333333,27.9466666666667,36.315,60,"ok",TRUE
"MOD-00553","2026-08-08 04:00:00",6.95783333333333,5.42614306666667,46.0613333333333,5.914,42.5711666666667,0.0375827423666667,474.178,11.2053333333333,27.8183333333333,35.615,60,"ok",TRUE
"MOD-00553","2026-08-08 05:00:00",8.94916666666666,6.7441777,15.9111666666667,8.37783333333333,44.6338333333333,0.0393867506333333,441.184,11.5096666666667,28.7033333333333,33.0016666666667,60,"ok",TRUE
"MOD-00553","2026-08-08 06:00:00",5.71716666666667,4.1226713,7.95566666666666,5.51883333333333,43.7015,0.0385713319,365.167,10.3036666666667,24.4466666666667,33.58,60,"ok",TRUE
"MOD-00553","2026-08-08 07:00:00",7.0485,5.35582536666667,10.7016666666667,6.6585,42.3823333333333,0.0374175887333333,430.6655,18.8675,30.1616666666667,32.0816666666667,60,"ok",TRUE
"MOD-00553","2026-08-08 08:00:00",4.3915,3.7228616,8.6075,3.96166666666667,40.958,0.0361718668,418.064833333333,10.8268333333333,29.885,32.2233333333333,60,"ok",TRUE
"MOD-00553","2026-08-08 09:00:00",9.449,9.70907103333334,22.0926666666667,7.34683333333333,41.1218333333333,0.0363151554333333,421.250666666667,14.8468333333333,32.9733333333333,31.9333333333333,60,"ok",TRUE
"MOD-00553","2026-08-08 10:00:00",12.3893333333333,15.1490273666667,26.018,8.31383333333333,41.0856666666667,0.0362835240666667,455.567333333333,17.011,39.665,30.085,60,"ok",TRUE
"MOD-00553","2026-08-08 11:00:00",8.28383333333333,11.0036751333333,19.3173333333333,5.14966666666667,40.4355,0.0357148883,433.868333333333,10.3115,40.1966666666667,29.245,60,"ok",TRUE
"MOD-00553","2026-08-08 12:00:00",6.22833333333333,7.36821933333334,13.261,4.49066666666667,38.2433333333333,0.0337976193333333,415.166833333333,10.278,41.5466666666667,28.4566666666667,60,"ok",TRUE
"MOD-00553","2026-08-08 13:00:00",6.35483333333333,7.01194273333333,12.0855,4.86133333333333,36.7661666666667,0.0325056893666667,414.3125,8.237,41.1966666666667,28.86,60,"ok",TRUE
"MOD-00553","2026-08-08 14:00:00",5.60416666666667,5.5505288,10.0416666666667,4.57933333333333,37.8776666666667,0.0334778072666667,369.561,6.03683333333333,35.9666666666667,31.525,60,"ok",TRUE
"MOD-00553","2026-08-08 15:00:00",5.08383333333333,4.79457983333333,9.497,4.16816666666667,37.7195,0.0333394747,323.077833333333,6.72766666666667,30.83,34.78,60,"ok",TRUE
"MOD-00553","2026-08-08 16:00:00",6.14883333333333,5.44045710000001,11.6903333333333,5.09183333333333,39.991,0.0353261286,249.4935,6.7815,25.1066666666667,38.3416666666667,60,"ok",TRUE
"MOD-00553","2026-08-08 17:00:00",5.39616666666667,4.11965783333334,8.40266666666667,4.72883333333333,44.078,0.0389006188,202.708166666667,7.86816666666667,21.0866666666667,41.1816666666667,60,"ok",TRUE
"MOD-00553","2026-08-08 18:00:00",6.09,3.96457915151515,8.13969696969697,5.69151515151515,47.4569696969697,0.0418558656969697,166.935454545455,9.43606060606061,18.2393939393939,43.0878787878788,33,"ok",FALSE
"MOD-00554","2026-07-30 00:00:00",NA,NA,NA,NA,53.3521666666667,0.0437686260833333,523.885166666667,10.6128333333333,18.9683333333333,43.8316666666667,60,"opc_down",TRUE
"MOD-00554","2026-07-30 01:00:00",NA,NA,NA,NA,52.5693220338983,0.0430636744915254,606.848983050848,9.34881355932203,22.964406779661,39.8338983050848,59,"opc_down",TRUE
"MOD-00554","2026-07-30 02:00:00",NA,NA,NA,NA,47.7386666666667,0.0387136693333333,585.804333333333,8.69716666666667,24.6683333333333,38.28,60,"opc_down",TRUE
"MOD-00554","2026-07-30 03:00:00",NA,NA,NA,NA,41.5893333333333,0.0331761946666667,622.322833333333,8.27683333333333,27.6033333333333,36.4833333333333,60,"opc_down",TRUE
"MOD-00554","2026-07-30 04:00:00",NA,NA,NA,NA,39.315,0.0311281575,584.674166666667,7.13916666666667,28.1983333333333,35.99,60,"opc_down",TRUE
"MOD-00554","2026-07-30 05:00:00",NA,NA,NA,NA,33.864,0.026219532,518.000833333333,6.59333333333333,26.5816666666667,35.93,60,"opc_down",TRUE
"MOD-00554","2026-07-30 06:00:00",NA,NA,NA,NA,37.6238333333334,0.0296052619166667,483.226666666667,6.01633333333333,27.075,34.8166666666667,60,"opc_down",TRUE
"MOD-00554","2026-07-30 07:00:00",NA,NA,NA,NA,41.5696666666667,0.0331584848333333,530.236666666667,5.80166666666667,32.8483333333333,32.2966666666667,60,"opc_down",TRUE
"MOD-00554","2026-07-30 08:00:00",NA,NA,NA,NA,39.1225,0.03095481125,552.056,5.73566666666667,36.665,30.5516666666667,60,"opc_down",TRUE
"MOD-00554","2026-07-30 09:00:00",NA,NA,NA,NA,34.6565,0.02693317825,515.016333333333,5.735,36.48,30.36,60,"opc_down",TRUE
"MOD-00554","2026-07-30 10:00:00",NA,NA,NA,NA,33.1445,0.02557162225,498.5195,5.85016666666666,37.2383333333333,30.5,60,"opc_down",TRUE
"MOD-00554","2026-07-30 11:00:00",NA,NA,NA,NA,29.8152542372881,0.022573636440678,511.432542372882,6.11508474576271,39.8796610169492,29.8966101694915,59,"opc_down",TRUE
"MOD-00554","2026-07-30 12:00:00",NA,NA,NA,NA,27.221,0.0202375105,522.261666666667,6.1265,41.7416666666667,29.2066666666667,60,"opc_down",TRUE
"MOD-00554","2026-07-30 13:00:00",NA,NA,NA,NA,24.2483333333333,0.0175606241666667,532.4445,6.3795,40.6266666666667,29.925,60,"opc_down",TRUE
"MOD-00554","2026-07-30 14:00:00",NA,NA,NA,NA,20.1873333333333,0.0139036936666667,486.733166666667,5.78016666666667,36.6916666666667,32.695,60,"opc_down",TRUE
"MOD-00554","2026-07-30 15:00:00",NA,NA,NA,NA,16.0741666666667,0.0101997870833333,392.7615,6.00683333333333,29.105,37.375,60,"opc_down",TRUE
"MOD-00554","2026-07-30 16:00:00",NA,NA,NA,NA,15.6128333333333,0.00978435641666667,196.191666666667,5.91683333333333,20.1616666666667,42.905,60,"opc_down",TRUE
"MOD-00554","2026-07-30 17:00:00",NA,NA,NA,NA,31.6406666666667,0.0242174203333333,228.573166666667,6.256,17.5966666666667,44.6966666666667,60,"opc_down",TRUE
"MOD-00554","2026-07-30 18:00:00",NA,NA,NA,NA,40.251186440678,0.0319711933898305,341.496440677966,8.64,17.5779661016949,44.6372881355932,59,"opc_down",TRUE
"MOD-00554","2026-07-30 19:00:00",NA,NA,NA,NA,43.3885,0.03479634425,366.200833333333,9.36533333333333,17.03,44.9533333333333,60,"opc_down",TRUE
"MOD-00554","2026-07-30 20:00:00",NA,NA,NA,NA,43.104,0.034540152,364.698166666667,8.22483333333333,15.5883333333333,46.24,60,"opc_down",TRUE
"MOD-00554","2026-07-30 21:00:00",NA,NA,NA,NA,44.5981666666666,0.0358856490833333,342.2455,8.17883333333334,13.6066666666667,47.6033333333333,60,"opc_down",TRUE
"MOD-00554","2026-07-30 22:00:00",NA,NA,NA,NA,46.1920338983051,0.0373209265254237,377.045423728814,10.5647457627119,13.2813559322034,47.7983050847458,59,"opc_down",TRUE
"MOD-00554","2026-07-30 23:00:00",NA,NA,NA,NA,50.585,0.0412767925,442.625833333333,9.30666666666667,13.7233333333333,46.9383333333333,60,"opc_down",TRUE
"MOD-00554","2026-07-31 00:00:00",NA,NA,NA,NA,50.7151666666667,0.0413940075833333,532.166833333333,9.4235,15.5,44.2416666666667,60,"opc_down",TRUE
"MOD-00554","2026-07-31 01:00:00",NA,NA,NA,NA,48.1641666666667,0.0390968320833334,584.295,9.10433333333333,17.8783333333333,41.5433333333333,60,"opc_down",TRUE
"MOD-00554","2026-07-31 02:00:00",NA,NA,NA,NA,44.7366666666667,0.0360103683333333,583.067,8.28083333333333,19.635,39.235,60,"opc_down",TRUE
"MOD-00554","2026-07-31 03:00:00",NA,NA,NA,NA,44.0694915254237,0.0354095771186441,584.079830508475,7.47779661016949,21.4779661016949,37.3576271186441,59,"opc_down",TRUE
"MOD-00554","2026-07-31 04:00:00",NA,NA,NA,NA,37.9336666666667,0.0298842668333333,600.137833333334,7.697,22.65,36.225,60,"opc_down",TRUE
"MOD-00554","2026-07-31 05:00:00",NA,NA,NA,NA,35.7483333333333,0.0279163741666667,635.012833333333,7.16683333333333,23.7266666666667,35.365,60,"opc_down",TRUE
"MOD-00554","2026-07-31 06:00:00",NA,NA,NA,NA,39.7398333333333,0.0315107199166667,507.479,6.78683333333333,23.6966666666667,34.9916666666667,60,"opc_down",TRUE
"MOD-00554","2026-07-31 07:00:00",NA,NA,NA,NA,53.823,0.0441926115,619.064666666667,6.705,34.24,33.1566666666667,60,"opc_down",TRUE
"MOD-00554","2026-07-31 08:00:00",NA,NA,NA,NA,49.2156666666667,0.0400437078333333,598.108333333333,5.695,38.5416666666667,31.3483333333333,60,"opc_down",TRUE
"MOD-00554","2026-07-31 09:00:00",NA,NA,NA,NA,46.9821666666667,0.0380324410833333,588.8795,5.5875,43.88,29.86,60,"opc_down",TRUE
"MOD-00554","2026-07-31 10:00:00",NA,NA,NA,NA,41.0338333333333,0.0326759669166667,541.9495,5.49433333333333,43.1866666666667,29.7533333333333,60,"opc_down",TRUE
"MOD-00554","2026-07-31 11:00:00",NA,NA,NA,NA,37.079,0.0291146395,520.479166666667,5.232,45.4783333333333,28.7116666666667,60,"opc_down",TRUE
"MOD-00554","2026-07-31 12:00:00",NA,NA,NA,NA,31.4703389830508,0.0240640402542373,534.143559322034,4.86677966101695,47.6593220338983,27.7050847457627,59,"opc_down",TRUE
"MOD-00554","2026-07-31 13:00:00",NA,NA,NA,NA,22.8666666666667,0.0163164333333333,528.251333333333,5.5805,43.98,29.2183333333333,60,"opc_down",TRUE
"MOD-00554","2026-07-31 14:00:00",NA,NA,NA,NA,2.75933333333333,-0.00179022033333333,449.414,5.89833333333334,32.555,35.1183333333333,60,"opc_down",TRUE
"MOD-00554","2026-07-31 15:00:00",NA,NA,NA,NA,10.4251666666667,0.00511286258333333,250.556833333333,6.06733333333333,22.73,41.5433333333333,60,"opc_down",TRUE
"MOD-00554","2026-07-31 16:00:00",NA,NA,NA,NA,28.4631666666667,0.0213560815833333,248.802166666667,6.613,19.605,43.9366666666667,60,"opc_down",TRUE
"MOD-00554","2026-07-31 17:00:00",NA,NA,NA,NA,35.4778333333333,0.0276727889166667,302.200166666667,7.2635,17.6466666666667,44.7133333333333,60,"opc_down",TRUE
"MOD-00554","2026-07-31 18:00:00",NA,NA,NA,NA,39.3372881355932,0.0311482279661017,289.504237288136,7.18983050847458,15.5966101694915,44.7542372881356,59,"opc_down",TRUE
"MOD-00554","2026-07-31 19:00:00",NA,NA,NA,NA,43.2693333333333,0.0346890346666667,372.105333333333,8.34933333333333,15.81,44.46,60,"opc_down",TRUE
"MOD-00554","2026-07-31 20:00:00",NA,NA,NA,NA,42.7775,0.03424613875,372.02,7.84983333333333,14.4816666666667,45.56,60,"opc_down",TRUE
"MOD-00554","2026-07-31 21:00:00",NA,NA,NA,NA,45.4708333333333,0.0366714854166667,389.882166666667,8.63916666666666,13.9,46.435,60,"opc_down",TRUE
"MOD-00554","2026-07-31 22:00:00",NA,NA,NA,NA,47.6872881355932,0.0386674029661017,425.602203389831,9.46254237288136,13.706779661017,46.4474576271187,59,"opc_down",TRUE
"MOD-00554","2026-07-31 23:00:00",NA,NA,NA,NA,49.7056666666666,0.0404849528333333,473.615333333333,9.94866666666666,14.3066666666667,45.7483333333333,60,"opc_down",TRUE
"MOD-00554","2026-08-01 00:00:00",NA,NA,NA,NA,50.6403333333334,0.0413266201666667,505.179333333333,10.8766666666667,14.625,44.68,60,"opc_down",TRUE
"MOD-00554","2026-08-01 01:00:00",NA,NA,NA,NA,51.9325,0.04249021625,537.457333333333,11.7258333333333,15.4516666666667,42.5833333333333,60,"opc_down",TRUE
"MOD-00554","2026-08-01 02:00:00",NA,NA,NA,NA,50.5803333333333,0.0412725901666667,582.352333333333,9.35633333333333,17.7366666666667,39.6933333333333,60,"opc_down",TRUE
"MOD-00554","2026-08-01 03:00:00",NA,NA,NA,NA,44.9269491525424,0.0361817177118644,622.680338983051,7.99169491525424,19.5220338983051,37.9372881355932,59,"opc_down",TRUE
"MOD-00554","2026-08-01 04:00:00",NA,NA,NA,NA,40.1926666666667,0.0319184963333333,628.2135,7.76733333333334,21.1683333333333,36.645,60,"opc_down",TRUE
"MOD-00554","2026-08-01 05:00:00",NA,NA,NA,NA,39.9463333333333,0.0316966731666667,610.762166666667,7.03383333333333,22.3816666666667,35.7516666666667,60,"opc_down",TRUE
"MOD-00554","2026-08-01 06:00:00",NA,NA,NA,NA,38.2515,0.03017047575,570.679333333333,6.69383333333333,22.9583333333333,35.06,60,"opc_down",TRUE
"MOD-00554","2026-08-01 07:00:00",NA,NA,NA,NA,36.9726666666667,0.0290188863333333,599.493833333333,6.43083333333334,25.18,33.3533333333333,60,"opc_down",TRUE
"MOD-00554","2026-08-01 08:00:00",NA,NA,NA,NA,39.7323333333333,0.0315039661666667,613.2015,5.73,30.145,30.8683333333333,60,"opc_down",TRUE
"MOD-00554","2026-08-01 09:00:00",NA,NA,NA,NA,34.018,0.026358209,583.944166666667,5.36033333333333,32.245,29.7033333333333,60,"opc_down",TRUE
"MOD-00554","2026-08-01 10:00:00",NA,NA,NA,NA,32.6828333333333,0.0251558914166667,546.820166666667,5.2745,32.6916666666667,29.8383333333333,60,"opc_down",TRUE
"MOD-00554","2026-08-01 11:00:00",NA,NA,NA,NA,32.7433333333333,0.0252103716666667,534.290333333333,5.423,34.275,29.5466666666667,60,"opc_down",TRUE
"MOD-00554","2026-08-01 12:00:00",NA,NA,NA,NA,33.7993333333333,0.0261612996666667,552.6345,5.86166666666666,37.0816666666667,29.5333333333333,60,"opc_down",TRUE
"MOD-00554","2026-08-01 13:00:00",NA,NA,NA,NA,35.2650847457627,0.0274812088135593,579.008644067797,5.89271186440678,39.7372881355932,29.9169491525424,59,"opc_down",TRUE
"MOD-00554","2026-08-01 14:00:00",NA,NA,NA,NA,20.2505,0.01396057525,486.7625,5.399,33.1316666666667,31.975,60,"opc_down",TRUE
"MOD-00554","2026-08-01 15:00:00",NA,NA,NA,NA,25.532,0.018716566,422.013833333333,5.9565,29.305,35.58,60,"opc_down",TRUE
"MOD-00554","2026-08-01 16:00:00",NA,NA,NA,NA,25.9713333333333,0.0191121856666667,369.6295,6.25166666666667,24.7666666666667,38.8116666666666,60,"opc_down",TRUE
"MOD-00554","2026-08-01 17:00:00",NA,NA,NA,NA,30.1481666666667,0.0228734240833333,237.906333333333,6.24066666666667,19.4833333333333,44.41,60,"opc_down",TRUE
"MOD-00554","2026-08-01 18:00:00",NA,NA,NA,NA,39.4208333333333,0.0312234604166667,178.5805,6.29083333333333,15.9483333333333,46.5133333333333,60,"opc_down",TRUE
"MOD-00554","2026-08-01 19:00:00",NA,NA,NA,NA,46.9845762711864,0.0380346109322034,323.428813559322,9.06694915254237,15.8542372881356,46.0491525423729,59,"opc_down",TRUE
"MOD-00554","2026-08-01 20:00:00",NA,NA,NA,NA,48.5508333333334,0.0394450254166667,378.461833333333,11.6298333333333,14.8033333333333,45.935,60,"opc_down",TRUE
"MOD-00554","2026-08-01 21:00:00",NA,NA,NA,NA,47.6878333333333,0.0386678939166666,272.376333333333,10.672,11.92,48.1383333333333,60,"opc_down",TRUE
"MOD-00554","2026-08-01 22:00:00",NA,NA,NA,NA,51.7976666666667,0.0423687988333333,367.378333333334,10.4676666666667,12.1616666666667,47.995,60,"opc_down",TRUE
"MOD-00554","2026-08-01 23:00:00",NA,NA,NA,NA,51.9538983050847,0.0425094854237288,444.291186440678,9.52627118644068,12.7406779661017,47.2966101694915,59,"opc_down",TRUE
"MOD-00554","2026-08-02 00:00:00",NA,NA,NA,NA,50.2898333333333,0.0410109949166667,497.947666666667,9.10833333333333,13.38,45.18,60,"opc_down",TRUE
"MOD-00554","2026-08-02 01:00:00",NA,NA,NA,NA,48.3911666666667,0.0393012455833333,538.946166666667,9.4075,14.2833333333333,42.765,60,"opc_down",TRUE
"MOD-00554","2026-08-02 02:00:00",NA,NA,NA,NA,48.0726666666667,0.0390144363333333,594.7455,9.49066666666667,16.4733333333333,39.8166666666667,60,"opc_down",TRUE
"MOD-00554","2026-08-02 03:00:00",NA,NA,NA,NA,42.9193333333333,0.0343738596666667,648.623,8.31433333333333,18.39,37.8333333333333,60,"opc_down",TRUE
"MOD-00554","2026-08-02 04:00:00",NA,NA,NA,NA,38.4859322033898,0.0303815819491525,694.5,7.77322033898305,20.2830508474576,36.0610169491526,59,"opc_down",TRUE
"MOD-00554","2026-08-02 05:00:00",NA,NA,NA,NA,45.5073333333333,0.0367043536666667,678.114166666667,7.25616666666666,26.94,34.0616666666667,60,"opc_down",TRUE
"MOD-00554","2026-08-02 06:00:00",NA,NA,NA,NA,39.958,0.031707179,594.9165,6.4545,26.2583333333333,33.895,60,"opc_down",TRUE
"MOD-00554","2026-08-02 07:00:00",NA,NA,NA,NA,42.6268333333333,0.0341104634166667,617.419166666666,6.34166666666667,31.595,32.8216666666667,60,"opc_down",TRUE
"MOD-00554","2026-08-02 08:00:00",NA,NA,NA,NA,39.3288333333333,0.0311406144166667,587.6605,5.70166666666667,32.755,31.8966666666667,60,"opc_down",TRUE
"MOD-00554","2026-08-02 09:00:00",NA,NA,NA,NA,37.397,0.0294009985,518.161166666667,5.974,31.225,32.4533333333333,60,"opc_down",TRUE
"MOD-00554","2026-08-02 10:00:00",NA,NA,NA,NA,36.738,0.028807569,491.257833333333,6.0845,31.8366666666667,32.28,60,"opc_down",TRUE
"MOD-00554","2026-08-02 11:00:00",NA,NA,NA,NA,36.5581666666667,0.0286456290833333,490.173833333333,5.68183333333334,32.705,31.4983333333333,60,"opc_down",TRUE
"MOD-00554","2026-08-02 12:00:00",NA,NA,NA,NA,39.3583333333333,0.0311671791666667,515.193833333333,5.7125,36.21,30.4233333333333,60,"opc_down",TRUE
"MOD-00554","2026-08-02 13:00:00",NA,NA,NA,NA,33.2379661016949,0.0256557884745763,502.526779661017,5.71203389830508,34.2305084745763,31.4440677966102,59,"opc_down",TRUE
"MOD-00554","2026-08-02 14:00:00",NA,NA,NA,NA,29.5936666666667,0.0223740968333333,430.064,6.0025,29.8683333333333,34.935,60,"opc_down",TRUE
"MOD-00554","2026-08-02 15:00:00",NA,NA,NA,NA,33.7176666666667,0.0260877588333333,425.665166666667,6.627,28.4666666666667,37.6233333333333,60,"opc_down",TRUE
"MOD-00554","2026-08-02 16:00:00",NA,NA,NA,NA,34.0525,0.02638927625,420.390166666667,6.8335,26.62,39.3266666666667,60,"opc_down",TRUE
"MOD-00554","2026-08-02 17:00:00",NA,NA,NA,NA,30.8823333333333,0.0235345411666667,255.487333333333,6.47066666666667,20.3066666666667,43.635,60,"opc_down",TRUE
"MOD-00554","2026-08-02 18:00:00",NA,NA,NA,NA,41.1553333333333,0.0327853776666667,297.9495,7.33816666666667,19.79,44.4216666666667,60,"opc_down",TRUE
"MOD-00554","2026-08-02 19:00:00",NA,NA,NA,NA,44.9566101694915,0.0362084274576271,396.074576271186,7.65830508474577,20.3101694915254,43.428813559322,59,"opc_down",TRUE
"MOD-00554","2026-08-02 20:00:00",NA,NA,NA,NA,41.8485,0.03340957425,445.321666666667,7.98633333333333,19.905,43.68,60,"opc_down",TRUE
"MOD-00554","2026-08-02 21:00:00",NA,NA,NA,NA,37.6583333333333,0.0296363291666667,290.405,6.37416666666666,15.9483333333333,46.45,60,"opc_down",TRUE
"MOD-00554","2026-08-02 22:00:00",NA,NA,NA,NA,44.2383333333333,0.0355616191666667,324.846,7.51183333333333,14.8483333333333,46.4466666666667,60,"opc_down",TRUE
"MOD-00554","2026-08-02 23:00:00",NA,NA,NA,NA,46.0994915254237,0.0372375921186441,388.682033898305,8.22254237288136,14.5677966101695,45.9864406779661,59,"opc_down",TRUE
"MOD-00554","2026-08-03 00:00:00",NA,NA,NA,NA,46.5048333333333,0.0376026024166667,436.093,9.03883333333333,14.7333333333333,44.6666666666667,60,"opc_down",TRUE
"MOD-00554","2026-08-03 01:00:00",NA,NA,NA,NA,47.6475,0.03863157375,502.098166666667,9.5605,15.8283333333333,42.6866666666667,60,"opc_down",TRUE
"MOD-00554","2026-08-03 02:00:00",NA,NA,NA,NA,48.1495,0.03908362475,569.895333333333,8.757,18.135,39.8766666666667,60,"opc_down",TRUE
"MOD-00554","2026-08-03 03:00:00",NA,NA,NA,NA,44.7226666666667,0.0359977613333333,609.763833333333,7.76033333333333,19.8416666666667,37.96,60,"opc_down",TRUE
"MOD-00554","2026-08-03 04:00:00",NA,NA,NA,NA,42.2631666666667,0.0337829815833333,662.6685,7.41616666666667,21.9216666666667,36.6033333333333,60,"opc_down",TRUE
"MOD-00554","2026-08-03 05:00:00",NA,NA,NA,NA,37.9633333333333,0.0299109816666667,615.550333333333,7.19116666666667,23.0533333333333,35.9483333333333,60,"opc_down",TRUE
"MOD-00554","2026-08-03 06:00:00",NA,NA,NA,NA,38.6684745762712,0.0305459613559322,552.023050847458,6.56949152542373,23.6610169491525,35.571186440678,59,"opc_down",TRUE
"MOD-00554","2026-08-03 07:00:00",NA,NA,NA,NA,40.334,0.032045767,561.327,6.131,26.6133333333333,34.1883333333333,60,"opc_down",TRUE
"MOD-00554","2026-08-03 08:00:00",NA,NA,NA,NA,42.6488333333333,0.0341302744166667,588.096833333333,6.26633333333333,31.075,33.4633333333334,60,"opc_down",TRUE
"MOD-00554","2026-08-03 09:00:00",NA,NA,NA,NA,40.749,0.0324194745,581.930666666667,5.87383333333333,34.0116666666667,32.7283333333333,60,"opc_down",TRUE
"MOD-00554","2026-08-03 10:00:00",NA,NA,NA,NA,32.5656666666667,0.0250503828333333,564.878166666667,5.64866666666667,35.94,31.8466666666667,60,"opc_down",TRUE
"MOD-00554","2026-08-03 11:00:00",NA,NA,NA,NA,33.8338333333333,0.0261923669166667,549.067,5.797,37.655,30.915,60,"opc_down",TRUE
"MOD-00554","2026-08-03 12:00:00",NA,NA,NA,NA,28.5603333333333,0.0214435801666667,559.299333333333,5.7605,39.665,30.55,60,"opc_down",TRUE
"MOD-00554","2026-08-03 13:00:00",NA,NA,NA,NA,25.5036666666667,0.0186910518333333,537.285666666667,5.7965,38.9866666666667,31.5683333333333,60,"opc_down",TRUE
"MOD-00554","2026-08-03 14:00:00",NA,NA,NA,NA,21.5281666666667,0.0151111140833333,497.308833333334,5.81916666666667,35.0483333333333,34.1316666666667,60,"opc_down",TRUE
"MOD-00554","2026-08-03 15:00:00",NA,NA,NA,NA,11.0359322033898,0.00566285694915254,341.902033898305,6.03491525423729,25.671186440678,39.8305084745763,59,"opc_down",TRUE
"MOD-00554","2026-08-03 16:00:00",NA,NA,NA,NA,28.28,0.02119114,389.2345,6.68116666666667,25.4533333333333,39.58,60,"opc_down",TRUE
"MOD-00554","2026-08-03 17:00:00",NA,NA,NA,NA,27.7336666666667,0.0206991668333333,273.490666666667,6.67066666666667,19.905,44.375,60,"opc_down",TRUE
"MOD-00554","2026-08-03 18:00:00",NA,NA,NA,NA,37.8306666666667,0.0297915153333334,240.7025,7.38666666666667,17.7216666666667,45.8266666666667,60,"opc_down",TRUE
"MOD-00554","2026-08-03 19:00:00",NA,NA,NA,NA,50.5188333333334,0.0412172094166667,424.278833333333,10.2825,20.3,43.365,60,"opc_down",TRUE
"MOD-00554","2026-08-03 20:00:00",NA,NA,NA,NA,39.2764406779661,0.0310934348305085,487.784745762712,8.25084745762712,19.6169491525424,43.4372881355932,59,"opc_down",TRUE
"MOD-00554","2026-08-03 21:00:00",NA,NA,NA,NA,37.2131666666667,0.0292354565833333,297.4275,6.54283333333333,15.025,46.3033333333333,60,"opc_down",TRUE
"MOD-00554","2026-08-03 22:00:00",NA,NA,NA,NA,43.2618333333333,0.0346822809166666,319.726166666667,7.945,14.0866666666667,46.55,60,"opc_down",TRUE
"MOD-00554","2026-08-03 23:00:00",NA,NA,NA,NA,47.3053333333333,0.0383234526666667,526.515333333333,9.62366666666667,16.9166666666667,41.7033333333333,60,"opc_down",TRUE
"MOD-00554","2026-08-04 00:00:00",NA,NA,NA,NA,44.1475,0.03547982375,494.840833333333,9.05566666666667,16.3183333333333,41.9483333333333,60,"opc_down",TRUE
"MOD-00554","2026-08-04 01:00:00",NA,NA,NA,NA,44.6565,0.03593817825,533.442833333333,9.05233333333333,17.675,40.165,60,"opc_down",TRUE
"MOD-00554","2026-08-04 02:00:00",NA,NA,NA,NA,78.1806779661017,0.0661267005084746,784.589491525424,12.6505084745763,49.0050847457627,29.9830508474576,59,"opc_down",TRUE
"MOD-00554","2026-08-04 03:00:00",NA,NA,NA,NA,56.1188333333333,0.0462600094166667,791.257833333333,7.5825,56.9083333333333,26.24,60,"opc_down",TRUE
"MOD-00554","2026-08-04 04:00:00",NA,NA,NA,NA,41.3178333333333,0.0329317089166666,636.286333333334,5.35566666666667,51.97,27.09,60,"opc_down",TRUE
"MOD-00554","2026-08-04 05:00:00",NA,NA,NA,NA,34.8418333333333,0.0271000709166667,592.233333333333,5.35283333333333,54.9633333333333,26.8933333333334,60,"opc_down",TRUE
"MOD-00554","2026-08-04 06:00:00",NA,NA,NA,NA,28.5186666666667,0.0214060593333333,521.532166666667,5.2255,55.0333333333333,26.3466666666667,60,"opc_down",TRUE
"MOD-00554","2026-08-04 07:00:00",NA,NA,NA,NA,29.0948333333333,0.0219248974166667,488.745,5.272,56.4666666666667,25.8133333333333,60,"opc_down",TRUE
"MOD-00554","2026-08-04 08:00:00",NA,NA,NA,NA,22.8306666666667,0.0162840153333333,478.399166666666,5.38266666666667,58.055,25.1633333333333,60,"opc_down",TRUE
"MOD-00554","2026-08-04 09:00:00",NA,NA,NA,NA,23.6083333333333,0.0169843041666667,489.5605,5.362,61.6916666666667,24.8183333333333,60,"opc_down",TRUE
"MOD-00554","2026-08-04 10:00:00",NA,NA,NA,NA,20.012,0.013745806,476.3685,5.15516666666667,61.4283333333333,25.0283333333333,60,"opc_down",TRUE
"MOD-00554","2026-08-04 11:00:00",NA,NA,NA,NA,19.8172881355932,0.0135704679661017,495.737966101695,5.09237288135593,67.1508474576271,24.2525423728814,59,"opc_down",TRUE
"MOD-00554","2026-08-04 12:00:00",NA,NA,NA,NA,15.5716666666667,0.00974728583333333,516.985,4.72333333333333,70.62,24,60,"opc_down",TRUE
"MOD-00554","2026-08-04 13:00:00",NA,NA,NA,NA,9.06283333333334,0.00388608141666667,507.104,4.5935,65.2316666666667,25.055,60,"opc_down",TRUE
"MOD-00554","2026-08-04 14:00:00",NA,NA,NA,NA,-0.600333333333333,-0.00481560016666667,447.491,5.449,51.7416666666667,29.0766666666667,60,"opc_down",TRUE
"MOD-00554","2026-08-04 15:00:00",NA,NA,NA,NA,-3.911,-0.0077968555,331.303,6.0435,37.7033333333333,34.205,60,"opc_down",TRUE
"MOD-00554","2026-08-04 16:00:00",NA,NA,NA,NA,3.99783333333333,-0.000674951083333333,211.181333333333,6.37233333333333,27.835,38.6016666666667,60,"opc_down",TRUE
"MOD-00554","2026-08-04 17:00:00",NA,NA,NA,NA,21.5328333333333,0.0151153164166667,173.568333333333,6.13883333333333,22.3916666666667,41.6283333333333,60,"opc_down",TRUE
"MOD-00554","2026-08-04 18:00:00",NA,NA,NA,NA,35.8371186440678,0.027996325338983,252.73406779661,7.29915254237288,21.2101694915254,42.5101694915255,59,"opc_down",TRUE
"MOD-00554","2026-08-04 19:00:00",NA,NA,NA,NA,38.593,0.0304779965,333.643833333333,7.93583333333333,20.905,41.82,60,"opc_down",TRUE
"MOD-00554","2026-08-04 20:00:00",NA,NA,NA,NA,38.608,0.030491504,364.858666666667,8.5575,19.2816666666667,42.5666666666666,60,"opc_down",TRUE
"MOD-00554","2026-08-04 21:00:00",NA,NA,NA,NA,39.7641666666666,0.0315326320833333,358.590333333333,8.86483333333333,17.985,43.7516666666667,60,"opc_down",TRUE
"MOD-00554","2026-08-04 22:00:00",NA,NA,NA,NA,41.6771666666667,0.0332552885833333,387.586,10.4256666666667,17.9116666666667,43.9283333333333,60,"opc_down",TRUE
"MOD-00554","2026-08-04 23:00:00",NA,NA,NA,NA,44.2735593220339,0.0355933401694915,468.074915254237,10.3408474576271,19.2474576271186,43.0423728813559,59,"opc_down",TRUE
"MOD-00554","2026-08-05 00:00:00",NA,NA,NA,NA,47.5151666666667,0.0385124075833333,542.463666666667,9.84583333333333,21.7033333333333,41.55,60,"opc_down",TRUE
"MOD-00554","2026-08-05 01:00:00",NA,NA,NA,NA,48.6431666666667,0.0395281715833333,566.426,9.7945,24.1466666666667,39.545,60,"opc_down",TRUE
"MOD-00554","2026-08-05 02:00:00",NA,NA,NA,NA,49.4383333333333,0.0402442191666667,589.429666666667,9.99883333333334,27.8833333333333,36.76,60,"opc_down",TRUE
"MOD-00554","2026-08-05 03:00:00",NA,NA,NA,NA,46.12,0.03725606,576.238333333333,8.4775,30.2383333333333,35.3766666666667,60,"opc_down",TRUE
"MOD-00554","2026-08-05 04:00:00",NA,NA,NA,NA,44.8928333333333,0.0361509964166667,585.177833333333,7.7815,34.55,34.3166666666667,60,"opc_down",TRUE
"MOD-00554","2026-08-05 05:00:00",NA,NA,NA,NA,42.1535,0.03368422675,579.780333333333,6.85316666666666,37.8683333333333,33.2833333333333,60,"opc_down",TRUE
"MOD-00554","2026-08-05 06:00:00",NA,NA,NA,NA,39.0903389830508,0.0309258502542373,523.830847457627,5.98576271186441,37.5067796610169,33.2305084745763,59,"opc_down",TRUE
"MOD-00554","2026-08-05 07:00:00",NA,NA,NA,NA,40.1151666666667,0.0318487075833333,504.72,5.56783333333333,39.31,32.9,60,"opc_down",TRUE
"MOD-00554","2026-08-05 08:00:00",NA,NA,NA,NA,40.9878333333333,0.0326345439166667,535.017,5.568,44.42,31.7583333333333,60,"opc_down",TRUE
"MOD-00554","2026-08-05 09:00:00",NA,NA,NA,NA,35.6716666666667,0.0278473358333333,520.309666666667,5.32733333333333,46.6116666666667,30.755,60,"opc_down",TRUE
"MOD-00554","2026-08-05 10:00:00",NA,NA,NA,NA,24.4185,0.01771385925,493.917333333333,5.19016666666667,47.33,29.7633333333333,60,"opc_down",TRUE
"MOD-00554","2026-08-05 11:00:00",NA,NA,NA,NA,27.8176666666667,0.0207748088333333,481.406,4.84966666666667,49.1816666666667,28.5516666666667,60,"opc_down",TRUE
"MOD-00554","2026-08-05 12:00:00",NA,NA,NA,NA,28.8931666666667,0.0217432965833333,517.572833333333,4.81716666666667,53.7083333333333,28.2066666666667,60,"opc_down",TRUE
"MOD-00554","2026-08-05 13:00:00",NA,NA,NA,NA,24.0816666666667,0.0174105408333333,517.359,4.656,54.3116666666667,28.75,60,"opc_down",TRUE
"MOD-00554","2026-08-05 14:00:00",NA,NA,NA,NA,13.3326666666667,0.00773106633333333,483.614666666667,5.80533333333333,46.725,32.1066666666667,60,"opc_down",TRUE
"MOD-00554","2026-08-05 15:00:00",NA,NA,NA,NA,-1.17661016949153,-0.00533453745762712,344.412203389831,5.88491525423729,34.1474576271186,38.1389830508475,59,"opc_down",TRUE
"MOD-00554","2026-08-05 16:00:00",NA,NA,NA,NA,19.146,0.012965973,299.635833333333,5.99033333333333,30.29,40.5266666666667,60,"opc_down",TRUE
"MOD-00554","2026-08-05 17:00:00",NA,NA,NA,NA,29.3998333333333,0.0221995499166667,328.464666666667,6.286,28.705,41.3033333333334,60,"opc_down",TRUE
"MOD-00554","2026-08-05 18:00:00",NA,NA,NA,NA,30.5263333333333,0.0232139631666667,322.024666666667,6.376,26.1,42.96,60,"opc_down",TRUE
"MOD-00554","2026-08-05 19:00:00",NA,NA,NA,NA,36.2893333333333,0.0284035446666667,376.314166666667,6.897,26.305,42.475,60,"opc_down",TRUE
"MOD-00554","2026-08-05 20:00:00",NA,NA,NA,NA,34.2052542372881,0.026526831440678,387.087627118644,7.10525423728814,24.9152542372881,42.928813559322,59,"opc_down",TRUE
"MOD-00554","2026-08-05 21:00:00",NA,NA,NA,NA,36.2651666666667,0.0283817825833333,381.708166666667,7.0015,23.2466666666667,44.0683333333333,60,"opc_down",TRUE
"MOD-00554","2026-08-05 22:00:00",NA,NA,NA,NA,36.7893333333333,0.0288537946666667,380.847833333333,7.20283333333333,21.9016666666667,44.7033333333333,60,"opc_down",TRUE
"MOD-00554","2026-08-05 23:00:00",NA,NA,NA,NA,41.2353333333334,0.0328574176666667,431.490166666667,7.51666666666666,22.365,43.76,60,"opc_down",TRUE
"MOD-00554","2026-08-06 00:00:00",NA,NA,NA,NA,43.5823333333334,0.0349708911666667,498.479,7.90266666666666,24.145,41.8066666666667,60,"no_pm",TRUE
"MOD-00554","2026-08-06 01:00:00",NA,NA,NA,NA,44.8350847457627,0.0360989938135594,530.466779661017,8.48779661016949,26.164406779661,39.5661016949153,59,"no_pm",TRUE
"MOD-00554","2026-08-06 02:00:00",NA,NA,NA,NA,44.4085,0.03571485425,571.4155,8.27233333333333,30.1066666666667,36.6516666666667,60,"no_pm",TRUE
"MOD-00554","2026-08-06 03:00:00",NA,NA,NA,NA,41.3558333333333,0.0329659279166667,556.831333333333,7.1485,31.8866666666667,35.9116666666667,60,"no_pm",TRUE
"MOD-00554","2026-08-06 04:00:00",NA,NA,NA,NA,39.1661666666667,0.0309941330833333,540.798333333333,7.094,34.0983333333333,35.1083333333333,60,"no_pm",TRUE
"MOD-00554","2026-08-06 05:00:00",NA,NA,NA,NA,58.1681666666667,0.0481054340833333,579.444,9.0885,54.0316666666667,27.8783333333333,60,"no_pm",TRUE
"MOD-00554","2026-08-06 06:00:00",NA,NA,NA,NA,59.2983333333333,0.0491231491666667,627.775833333333,13.0818333333333,76.7833333333333,23.6166666666667,60,"no_pm",TRUE
"MOD-00554","2026-08-06 07:00:00",NA,NA,NA,NA,42.6596666666667,0.0341400298333333,577.6435,8.95933333333333,77.9183333333333,22.84,60,"no_pm",TRUE
"MOD-00554","2026-08-06 08:00:00",3.89,3.25342416666667,4.02,3.71333333333333,31.6728333333333,0.0242463864166667,525.711666666667,6.61416666666667,76.335,23.4433333333333,60,"ok",TRUE
"MOD-00554","2026-08-06 09:00:00",3.8,3.01074166666667,3.8,3.8,24.4358333333333,0.0177294679166667,474.173,5.49683333333334,71.9366666666667,23.9016666666667,60,"ok",TRUE
"MOD-00554","2026-08-06 10:00:00",NA,NA,NA,NA,20.8123333333333,0.0144665061666667,422.519,5.48116666666667,64.6233333333333,24.34,60,"no_pm",TRUE
"MOD-00554","2026-08-06 11:00:00",NA,NA,NA,NA,21.994,0.015530597,433.438,5.42516666666667,64.6833333333333,24.7216666666667,60,"no_pm",TRUE
"MOD-00554","2026-08-06 12:00:00",NA,NA,NA,NA,19.9806779661017,0.0137176005084746,448.646949152542,5.32847457627119,64.6881355932203,24.9322033898305,59,"no_pm",TRUE
"MOD-00554","2026-08-06 13:00:00",NA,NA,NA,NA,19.876,0.013623338,457.337666666667,5.149,63.225,25.2683333333333,60,"no_pm",TRUE
"MOD-00554","2026-08-06 14:00:00",NA,NA,NA,NA,12.7718333333333,0.00722603591666666,445.708333333333,5.2355,52.2233333333333,28.24,60,"no_pm",TRUE
"MOD-00554","2026-08-06 15:00:00",NA,NA,NA,NA,2.47266666666667,-0.00204836366666667,435.509333333333,6.0655,37.85,34.3133333333333,60,"no_pm",TRUE
"MOD-00554","2026-08-06 16:00:00",NA,NA,NA,NA,7.197,0.0022058985,202.176,6.80816666666667,25.6033333333333,40.3966666666667,60,"no_pm",TRUE
"MOD-00554","2026-08-06 17:00:00",NA,NA,NA,NA,28.7395,0.02160491975,192.302833333333,6.501,22.1933333333333,42.6716666666667,60,"no_pm",TRUE
"MOD-00554","2026-08-06 18:00:00",NA,NA,NA,NA,43.2523333333333,0.0346737261666667,357.749166666667,9.36016666666667,23.81,41.1433333333333,60,"no_pm",TRUE
"MOD-00554","2026-08-06 19:00:00",NA,NA,NA,NA,43.0728813559322,0.0345121296610169,372.002033898305,9.95627118644068,22.771186440678,41.0372881355932,59,"no_pm",TRUE
"MOD-00554","2026-08-06 20:00:00",NA,NA,NA,NA,45.7951666666667,0.0369635475833333,412.965666666667,11.4988333333333,22.97,41.7666666666667,60,"no_pm",TRUE
"MOD-00554","2026-08-06 21:00:00",NA,NA,NA,NA,45.6501666666667,0.0368329750833333,403.249333333333,11.861,21.4516666666667,41.935,60,"no_pm",TRUE
"MOD-00554","2026-08-06 22:00:00",NA,NA,NA,NA,46.1281666666667,0.0372634140833333,412.8735,12.6705,20.7583333333333,42.1433333333333,60,"no_pm",TRUE
"MOD-00554","2026-08-06 23:00:00",NA,NA,NA,NA,45.544406779661,0.0367377383050848,431.42813559322,12.0098305084746,20.4881355932203,42.164406779661,59,"no_pm",TRUE
"MOD-00554","2026-08-07 00:00:00",NA,NA,NA,NA,45.4258333333333,0.0366309629166667,484.394,10.792,21.6466666666667,41.4116666666666,60,"opc_down",TRUE
"MOD-00554","2026-08-07 01:00:00",NA,NA,NA,NA,47.0943333333333,0.0381334471666667,526.092166666667,10.0623333333333,24.9016666666667,39.52,60,"opc_down",TRUE
"MOD-00554","2026-08-07 02:00:00",NA,NA,NA,NA,52.8328333333333,0.0433009664166667,623.695166666667,10.212,32.4833333333333,35.7483333333333,60,"opc_down",TRUE
"MOD-00554","2026-08-07 03:00:00",NA,NA,NA,NA,47.613,0.0386005065,623.3665,8.75933333333333,36.605,33.7633333333333,60,"opc_down",TRUE
"MOD-00554","2026-08-07 04:00:00",NA,NA,NA,NA,42.6903333333333,0.0341676451666667,569.979666666667,6.8455,38.2733333333333,32.7433333333333,60,"opc_down",TRUE
"MOD-00554","2026-08-07 05:00:00",NA,NA,NA,NA,40.0378333333333,0.0317790689166667,542.396333333333,5.91733333333333,40.155,31.86,60,"opc_down",TRUE
"MOD-00554","2026-08-07 06:00:00",NA,NA,NA,NA,39.4961666666667,0.0312912980833333,523.350333333333,5.651,42.965,30.9683333333333,60,"opc_down",TRUE
"MOD-00554","2026-08-07 07:00:00",NA,NA,NA,NA,37.2432203389831,0.0292625199152542,532.156101694915,5.24101694915254,47.9084745762712,29.7915254237288,59,"opc_down",TRUE
"MOD-00554","2026-08-07 08:00:00",NA,NA,NA,NA,32.9798333333333,0.0254233399166667,512.692833333333,4.88333333333333,49.9483333333334,28.9916666666667,60,"opc_down",TRUE
"MOD-00554","2026-08-07 09:00:00",NA,NA,NA,NA,31.096,0.023726948,487.677666666667,4.73866666666667,51.435,28.5416666666667,60,"opc_down",TRUE
"MOD-00554","2026-08-07 10:00:00",NA,NA,NA,NA,26.606,0.019683703,486.326166666667,4.78316666666666,53.0483333333333,27.87,60,"opc_down",TRUE
"MOD-00554","2026-08-07 11:00:00",NA,NA,NA,NA,21.746,0.015307273,499.145666666667,5.1595,56.8933333333333,27.3216666666667,60,"opc_down",TRUE
"MOD-00554","2026-08-07 12:00:00",NA,NA,NA,NA,23.2488333333333,0.0166605744166667,503.3095,5.156,59.2033333333333,26.8516666666667,60,"opc_down",TRUE
"MOD-00554","2026-08-07 13:00:00",NA,NA,NA,NA,22.1275,0.01565081375,487.924833333333,4.93916666666667,57.645,27.4316666666667,60,"opc_down",TRUE
"MOD-00554","2026-08-07 14:00:00",NA,NA,NA,NA,13.0206666666667,0.00745011033333333,433.3185,5.66416666666667,47.1483333333333,30.455,60,"opc_down",TRUE
"MOD-00554","2026-08-07 15:00:00",NA,NA,NA,NA,6.9955,0.00202444775,344.919833333333,5.80966666666667,34.7283333333333,35.455,60,"opc_down",TRUE
"MOD-00554","2026-08-07 16:00:00",NA,NA,NA,NA,12.1859322033898,0.00669843194915254,218.272203389831,6.02898305084746,26.1084745762712,40.7169491525424,59,"opc_down",TRUE
"MOD-00554","2026-08-07 17:00:00",NA,NA,NA,NA,27.6323333333333,0.0206079161666667,182.905833333333,6.33733333333333,21.5316666666667,43.7683333333333,60,"opc_down",TRUE
"MOD-00554","2026-08-07 18:00:00",NA,NA,NA,NA,39.632,0.031413616,303.999666666667,8.6675,21.7383333333333,43.615,60,"opc_down",TRUE
"MOD-00554","2026-08-07 19:00:00",NA,NA,NA,NA,43.239,0.0346617195,392.802833333333,10.7966666666667,21.8216666666667,43.2216666666667,60,"opc_down",TRUE
"MOD-00554","2026-08-07 20:00:00",NA,NA,NA,NA,41.5825423728814,0.0331700794067797,359.232203389831,11.4098305084746,19.3305084745763,44.8694915254237,59,"opc_down",TRUE
"MOD-00554","2026-08-07 21:00:00",NA,NA,NA,NA,46.1513333333333,0.0372842756666667,411.383,12.468,19.2366666666667,44.5783333333333,60,"opc_down",TRUE
"MOD-00554","2026-08-07 22:00:00",NA,NA,NA,NA,41.8876666666667,0.0334448438333333,383.557,12.0331666666667,17.5966666666667,46.2016666666666,60,"opc_down",TRUE
"MOD-00554","2026-08-07 23:00:00",NA,NA,NA,NA,45.8874576271187,0.0370466555932204,447.323728813559,12.0872881355932,18.4305084745763,45.0830508474576,59,"opc_down",TRUE
"MOD-00554","2026-08-08 00:00:00",NA,NA,NA,NA,47.2225,0.03824886125,499.574333333333,11.4021666666667,19.4033333333333,43.56,60,"opc_down",TRUE
"MOD-00554","2026-08-08 01:00:00",NA,NA,NA,NA,50.5055,0.04120520275,601.536166666666,10.5533333333333,23.5716666666667,39.845,60,"opc_down",TRUE
"MOD-00554","2026-08-08 02:00:00",NA,NA,NA,NA,46.8733333333333,0.0379344366666667,600.718666666667,9.758,25.85,37.535,60,"opc_down",TRUE
"MOD-00554","2026-08-08 03:00:00",NA,NA,NA,NA,43.1153333333333,0.0345503576666667,595.046833333333,9.20083333333333,27.2233333333333,36.4366666666667,60,"opc_down",TRUE
"MOD-00554","2026-08-08 04:00:00",NA,NA,NA,NA,45.5258333333333,0.0367210129166666,561.472666666667,7.66416666666667,30.3283333333333,33.7666666666667,60,"opc_down",TRUE
"MOD-00554","2026-08-08 05:00:00",NA,NA,NA,NA,43.8511666666667,0.0352129755833333,511.700333333333,7.67116666666667,29.2833333333333,32.0983333333333,60,"opc_down",TRUE
"MOD-00554","2026-08-08 06:00:00",NA,NA,NA,NA,37.8906666666667,0.0298455453333333,457.012833333333,7.24833333333333,25.5183333333333,32.095,60,"opc_down",TRUE
"MOD-00554","2026-08-08 07:00:00",NA,NA,NA,NA,39.9842372881356,0.0317308056779661,435.563559322034,7.83084745762712,24.535593220339,32.8033898305085,59,"opc_down",TRUE
"MOD-00554","2026-08-08 08:00:00",NA,NA,NA,NA,43.5653333333333,0.0349555826666667,471.4495,7.996,27.2,32.915,60,"opc_down",TRUE
"MOD-00554","2026-08-08 09:00:00",NA,NA,NA,NA,50.8198333333333,0.0414882599166667,543.640333333333,8.00166666666667,36.0566666666667,31.0916666666667,60,"opc_down",TRUE
"MOD-00554","2026-08-08 10:00:00",NA,NA,NA,NA,48.3595,0.03927272975,560.930666666667,6.9995,41.0466666666667,29.155,60,"opc_down",TRUE
"MOD-00554","2026-08-08 11:00:00",NA,NA,NA,NA,44.4298333333333,0.0357340649166667,530.466666666667,6.23433333333333,42.3183333333333,28.3583333333333,60,"opc_down",TRUE
"MOD-00554","2026-08-08 12:00:00",NA,NA,NA,NA,39.3271666666667,0.0311391135833333,501.137,5.93183333333333,41.69,28.0116666666667,60,"opc_down",TRUE
"MOD-00554","2026-08-08 13:00:00",NA,NA,NA,NA,34.4526666666667,0.0267496263333333,487.432333333333,5.72283333333333,39.5683333333333,28.765,60,"opc_down",TRUE
"MOD-00554","2026-08-08 14:00:00",NA,NA,NA,NA,27.5975,0.02057654875,444.104333333333,5.912,34.3866666666667,31.5866666666667,60,"opc_down",TRUE
"MOD-00554","2026-08-08 15:00:00",NA,NA,NA,NA,26.4838333333333,0.0195736919166667,386.034166666667,6.64583333333334,28.4033333333333,35.105,60,"opc_down",TRUE
"MOD-00554","2026-08-08 16:00:00",NA,NA,NA,NA,27.5410169491525,0.0205256857627119,315.793728813559,6.98271186440678,22.8593220338983,39.1016949152542,59,"opc_down",TRUE
"MOD-00554","2026-08-08 17:00:00",NA,NA,NA,NA,31.0805,0.02371299025,192.007166666667,7.6365,17.0366666666667,43.6733333333333,60,"opc_down",TRUE
"MOD-00554","2026-08-08 18:00:00",NA,NA,NA,NA,37.3757575757576,0.0293818696969697,203.446666666667,9.58333333333333,15.4727272727273,45.4121212121212,33,"opc_down",FALSE
"MOD-00555","2026-07-30 00:00:00",3.63222222222222,2.4300255,4.71,3.33722222222222,48.3488333333333,0.0332957299166667,536.715166666667,15.3568333333333,17.13,46.09,60,"ok",TRUE
"MOD-00555","2026-07-30 01:00:00",4.30186440677966,3.31665342372881,7.19440677966102,3.92796610169492,39.8364406779661,0.0274945343220339,682.706440677966,6.9135593220339,22.2203389830508,41.6881355932203,59,"ok",TRUE
"MOD-00555","2026-07-30 02:00:00",4.17916666666667,3.39746283333334,6.23666666666666,3.85166666666667,40.5118333333333,0.0279548144166667,632.905166666667,37.2158333333333,23.8983333333333,39.8133333333333,60,"ok",TRUE
"MOD-00555","2026-07-30 03:00:00",4.38916666666667,3.71752993333333,6.40583333333333,4.06183333333333,38.7888333333333,0.0267805899166667,625.7235,37.2368333333333,26.0583333333333,37.9116666666667,60,"ok",TRUE
"MOD-00555","2026-07-30 04:00:00",4.85683333333333,4.12395298333333,8.16083333333333,4.487,38.7428333333333,0.0267492409166667,602.203166666666,23.9516666666667,28.0783333333333,36.6416666666667,60,"ok",TRUE
"MOD-00555","2026-07-30 05:00:00",4.31083333333333,3.94978741666667,6.62383333333334,3.94166666666667,39.6241666666667,0.0273498695833333,523.402,10.3446666666667,27.5216666666667,35.8483333333333,60,"ok",TRUE
"MOD-00555","2026-07-30 06:00:00",4.80266666666667,4.48169801666666,7.38133333333333,4.36983333333333,38.8401666666667,0.0268155735833333,457.609333333333,8.37583333333333,26.5116666666667,35.165,60,"ok",TRUE
"MOD-00555","2026-07-30 07:00:00",4.91766666666667,4.66607985,6.73066666666667,4.5165,37.9668333333333,0.0262203969166667,452.1355,9.04516666666667,27.135,34.0766666666667,60,"ok",TRUE
"MOD-00555","2026-07-30 08:00:00",5.66833333333334,5.22776371666667,7.9055,5.278,34.1156666666667,0.0235958268333333,491.498833333333,10.0888333333333,30.0583333333333,32.455,60,"ok",TRUE
"MOD-00555","2026-07-30 09:00:00",6.22733333333333,5.75049255000001,9.276,5.70083333333333,27.7833333333333,0.0192803416666667,533.162,18.5126666666667,33.9183333333333,31.84,60,"ok",TRUE
"MOD-00555","2026-07-30 10:00:00",7.2155,6.44977866666667,10.5546666666667,6.66566666666666,23.5553333333333,0.0163989596666667,533.7335,12.8,37.0216666666667,30.825,60,"ok",TRUE
"MOD-00555","2026-07-30 11:00:00",6.54266666666667,6.01697969999999,9.84966666666667,6.01,23.4675,0.01633910125,567.751833333333,8.34016666666666,38.2783333333333,30.3316666666667,60,"ok",TRUE
"MOD-00555","2026-07-30 12:00:00",7.356,6.80772809999999,13.585,6.56733333333333,23.0538333333333,0.0160571874166667,574.192833333333,8.43633333333333,40.4616666666667,29.9916666666667,60,"ok",TRUE
"MOD-00555","2026-07-30 13:00:00",6.5065,6.03058445,13.0268333333333,5.79733333333333,31.5771666666667,0.0218658390833333,526.861,5.752,39.295,30.8166666666667,60,"ok",TRUE
"MOD-00555","2026-07-30 14:00:00",6.6475,6.07499278333334,14.1973333333333,5.8395,36.27,0.025064005,515.556333333333,5.6155,35.6433333333333,32.8983333333333,60,"ok",TRUE
"MOD-00555","2026-07-30 15:00:00",8.16266666666666,6.96505296666666,21.3835,7.02516666666667,41.2193333333333,0.0284369756666667,456.704833333333,6.11666666666667,29.4633333333333,36.9216666666667,60,"ok",TRUE
"MOD-00555","2026-07-30 16:00:00",7.317,5.65612706666666,16.4181666666667,6.4225,49.4916666666667,0.0340745708333333,243.09,3.51716666666667,20.6616666666667,43.3116666666667,60,"ok",TRUE
"MOD-00555","2026-07-30 17:00:00",7.84283333333333,5.51631228333332,15.5255,7.14633333333333,54.2745,0.03733407175,178.263833333333,4.953,16.4266666666667,45.8383333333333,60,"ok",TRUE
"MOD-00555","2026-07-30 18:00:00",5.99,4.22610716666667,10.0366666666667,5.49,51.7906666666666,0.0356413393333333,314.296333333333,11.2558333333333,16.7483333333333,45.4766666666667,60,"ok",TRUE
"MOD-00555","2026-07-30 19:00:00",5.56135593220339,3.86808437288135,9.46762711864407,5.04728813559322,53.0057627118644,0.0364694272881356,341.724406779661,13.5740677966102,15.9152542372881,46.5661016949152,59,"ok",TRUE
"MOD-00555","2026-07-30 20:00:00",5.5971875,3.61700742708334,7.6290625,5.161875,55.2488333333333,0.0379980799166667,300.489,9.38316666666667,14.1033333333333,48.8433333333333,60,"ok",TRUE
"MOD-00555","2026-07-30 21:00:00",NA,NA,NA,NA,55.9778333333333,0.0384948934166667,331.8905,12.903,13.0883333333333,49.4966666666667,60,"thermal_cutoff",TRUE
"MOD-00555","2026-07-30 22:00:00",NA,NA,NA,NA,53.2065,0.03660622975,436.136833333333,11.1386666666667,13.2333333333333,48.7783333333333,60,"thermal_cutoff",TRUE
"MOD-00555","2026-07-30 23:00:00",NA,NA,NA,NA,52.7488333333333,0.0362943299166667,434.6105,12.9055,12.825,49.495,60,"thermal_cutoff",TRUE
"MOD-00555","2026-07-31 00:00:00",4.70310344827586,3.33626917241379,9.62965517241379,4.17379310344828,43.1525,0.02975442875,572.4525,18.7661666666667,14.765,46.435,60,"ok",TRUE
"MOD-00555","2026-07-31 01:00:00",4.30233333333333,3.46476516666667,7.45616666666666,3.90783333333333,37.5823333333333,0.0259583601666667,674.658,11.7636666666667,18.4283333333333,41.5666666666667,60,"ok",TRUE
"MOD-00555","2026-07-31 02:00:00",4.37016666666667,3.78863295,7.05366666666667,3.96416666666667,37.1723333333333,0.0256789451666667,635.647833333333,36.348,19.89,39.445,60,"ok",TRUE
"MOD-00555","2026-07-31 03:00:00",4.696,4.21365033333334,7.774,4.25133333333333,35.7521666666667,0.0247111015833333,625.16,33.9403333333333,21.575,37.755,60,"ok",TRUE
"MOD-00555","2026-07-31 04:00:00",4.95066666666666,4.52755836666667,8.44966666666666,4.48233333333333,35.3733333333333,0.0244529266666667,624.634166666667,25.0073333333333,23.33,36.335,60,"ok",TRUE
"MOD-00555","2026-07-31 05:00:00",4.739,4.38662388333333,7.7505,4.34666666666667,37.661,0.0260119715,580.5175,13.201,24.0416666666667,35.3816666666667,60,"ok",TRUE
"MOD-00555","2026-07-31 06:00:00",4.22466666666667,4.09775783333333,6.77916666666667,3.85816666666667,39.198,0.027059437,480.525833333333,8.2665,21.825,35.4133333333333,60,"ok",TRUE
"MOD-00555","2026-07-31 07:00:00",5.29983333333333,5.84397439999999,27.3761666666667,3.62516666666667,43.7143333333333,0.0301373181666667,580.286833333333,38.654,32.085,34.2766666666667,60,"ok",TRUE
"MOD-00555","2026-07-31 08:00:00",3.64533333333333,3.57730435,6.67866666666667,3.33116666666667,43.2145,0.02979668175,613.044666666667,48.8631666666667,37.9633333333333,31.9966666666667,60,"ok",TRUE
"MOD-00555","2026-07-31 09:00:00",3.38616666666667,3.37680965,4.92733333333333,3.14416666666667,44.2631666666667,0.0305113480833333,594.155333333333,34.7831666666667,42.125,31,60,"ok",TRUE
"MOD-00555","2026-07-31 10:00:00",4.033,3.81533839999999,6.43716666666667,3.7605,44.055,0.0303694825,535.483666666667,9.32083333333333,41.7366666666667,30.935,60,"ok",TRUE
"MOD-00555","2026-07-31 11:00:00",4.24516666666667,4.00887601666666,6.807,3.95316666666667,42.3101666666667,0.0291803785833333,518.6185,7.43466666666666,42.885,30.4316666666667,60,"ok",TRUE
"MOD-00555","2026-07-31 12:00:00",4.672,4.4399937,8.121,4.288,41.0723333333333,0.0283367951666667,534.730833333333,6.86033333333333,44.7783333333333,29.665,60,"ok",TRUE
"MOD-00555","2026-07-31 13:00:00",4.0475,4.08076188333333,9.2585,3.57633333333334,45.0533333333333,0.0310498466666667,515.513166666667,5.68483333333333,43.1866666666666,30.12,60,"ok",TRUE
"MOD-00555","2026-07-31 14:00:00",4.16716666666667,3.76969893333333,12.2256666666667,3.56,49.5945,0.03414465175,484.763666666667,5.00783333333333,32.595,36.095,60,"ok",TRUE
"MOD-00555","2026-07-31 15:00:00",5.27433333333333,4.09342443333333,14.3668333333333,4.5715,54.0385,0.03717323775,301.6215,3.60466666666667,23.8166666666667,41.9066666666667,60,"ok",TRUE
"MOD-00555","2026-07-31 16:00:00",5.22525423728813,3.828898,11.6142372881356,4.59389830508475,56.0211864406779,0.038524438559322,180.296440677966,4.17610169491525,18.6440677966102,45.0983050847458,59,"ok",TRUE
"MOD-00555","2026-07-31 17:00:00",4.87816666666667,3.54241311666667,8.87183333333333,4.33733333333333,54.2303333333333,0.0373039721666667,192.15,5.86716666666667,15.725,46.075,60,"ok",TRUE
"MOD-00555","2026-07-31 18:00:00",4.90266666666667,3.49148178333334,10.4531666666667,4.365,50.0125,0.03442951875,288.746166666667,12.3098333333333,15.535,45.885,60,"ok",TRUE
"MOD-00555","2026-07-31 19:00:00",5.06166666666667,3.5058985,12.3393333333333,4.53,48.4325,0.03335274875,375.719,15.5138333333333,15.3583333333333,45.7366666666667,60,"ok",TRUE
"MOD-00555","2026-07-31 20:00:00",4.87728813559322,3.62369805084746,9.28864406779661,4.19627118644068,51.9091525423729,0.0357220874576271,343.523728813559,12.2713559322034,13.7915254237288,47.6338983050847,59,"ok",TRUE
"MOD-00555","2026-07-31 21:00:00",4.68666666666667,3.27752911111111,9.55444444444444,4.02444444444444,54.4373333333333,0.0374450426666667,352.976,13.3071666666667,12.865,49.105,60,"ok",TRUE
"MOD-00555","2026-07-31 22:00:00",NA,NA,NA,NA,53.5595,0.03684679925,428.499,11.978,12.9766666666667,49.0083333333333,60,"thermal_cutoff",TRUE
"MOD-00555","2026-07-31 23:00:00",NA,NA,NA,NA,53.5088333333333,0.0368122699166667,505.2135,12.1258333333333,13.395,48.3233333333333,60,"thermal_cutoff",TRUE
"MOD-00555","2026-08-01 00:00:00",5.61953488372093,4.59970306589148,13.2186046511628,4.68325581395349,49.8326666666667,0.0343069623333333,579.898,21.8685,14.4083333333333,45.7333333333333,60,"ok",TRUE
"MOD-00555","2026-08-01 01:00:00",5.70166666666667,5.04726483333333,16.2013333333333,4.72166666666667,44.8288333333333,0.0308968499166667,641.255166666667,29.1711666666667,16.7966666666667,41.4433333333333,60,"ok",TRUE
"MOD-00555","2026-08-01 02:00:00",5.48733333333333,5.06404433333334,13.1651666666667,4.61116666666667,41.1663333333333,0.0284008561666667,640.2475,33.4651666666667,18.8533333333333,39.625,60,"ok",TRUE
"MOD-00555","2026-08-01 03:00:00",5.85416666666667,5.3418697,11.9478333333333,5.1045,38.7125,0.02672856875,634.520333333333,33.3136666666667,20.56,37.8716666666667,60,"ok",TRUE
"MOD-00555","2026-08-01 04:00:00",5.667,5.37373421666666,12.3406666666667,4.8865,37.1681666666667,0.0256761055833333,627.996,29.0948333333333,22.3116666666667,36.4716666666667,60,"ok",TRUE
"MOD-00555","2026-08-01 05:00:00",6.02733333333333,5.8008378,14.8296666666667,5.12,34.2481666666667,0.0236861255833333,625.218666666667,19.9228333333333,23.8316666666667,35.4133333333333,60,"ok",TRUE
"MOD-00555","2026-08-01 06:00:00",5.50416666666667,5.52318596666668,12.732,4.65133333333333,37.1253333333333,0.0256469146666667,558.313666666667,10.849,23.8033333333333,34.93,60,"ok",TRUE
"MOD-00555","2026-08-01 07:00:00",5.2915,5.46003773333333,12.3045,4.43683333333333,37.6921666666667,0.0260332115833333,512.609666666667,10.155,24.105,34.42,60,"ok",TRUE
"MOD-00555","2026-08-01 08:00:00",5.08516666666667,5.33786016666668,10.8078333333333,4.3005,37.4331666666667,0.0258567030833333,500.6835,9.908,24.62,33.8383333333333,60,"ok",TRUE
"MOD-00555","2026-08-01 09:00:00",4.91266666666667,5.16564718333333,10.0723333333333,4.22816666666667,35.5171666666667,0.0245509490833333,497.756166666667,10.0743333333333,25.6466666666667,32.9483333333333,60,"ok",TRUE
"MOD-00555","2026-08-01 10:00:00",6.12283333333333,6.12073908333334,12.2168333333333,5.316,31.419,0.0217580485,564.207833333333,12.1453333333333,28.94,32.0966666666667,60,"ok",TRUE
"MOD-00555","2026-08-01 11:00:00",7.18633333333333,6.91849848333333,13.7078333333333,6.32966666666667,22.5395,0.01570666925,574.875333333333,10.9478333333333,30.8633333333333,31.265,60,"ok",TRUE
"MOD-00555","2026-08-01 12:00:00",6.84466666666667,6.75749216666666,13.5408333333333,5.94316666666667,21.4998333333333,0.0149981364166667,581.444333333333,10.8375,32.9066666666667,30.9016666666667,60,"ok",TRUE
"MOD-00555","2026-08-01 13:00:00",6.59716666666667,6.37803013333333,13.3433333333333,5.787,23.3516666666667,0.0162601608333333,578.618666666667,11.2503333333333,35.3866666666667,30.76,60,"ok",TRUE
"MOD-00555","2026-08-01 14:00:00",5.62866666666667,5.15445351666667,11.6855,4.92033333333333,41.4723333333333,0.0286093951666667,525.61,7.60683333333333,29.8883333333333,35.55,60,"ok",TRUE
"MOD-00555","2026-08-01 15:00:00",5.29083333333333,4.64394376666667,10.7936666666667,4.501,48.093,0.0331213795,307.514333333333,5.47716666666667,22.1966666666667,40.93,60,"ok",TRUE
"MOD-00555","2026-08-01 16:00:00",4.87733333333333,3.62289616666667,11.1783333333333,4.32533333333333,54.8575,0.03773138625,315.704666666667,6.14033333333333,20.11,43.5766666666667,60,"ok",TRUE
"MOD-00555","2026-08-01 17:00:00",4.60847457627119,3.27055788135593,7.75508474576271,4.12033898305085,59.8174576271186,0.0411115973728813,239.748305084746,5.98745762711865,16.9152542372881,46.2237288135593,59,"ok",TRUE
"MOD-00555","2026-08-01 18:00:00",5.33033333333333,3.59451963333334,9.26183333333333,4.85483333333333,61.8931666666667,0.0425261930833333,270.372333333333,8.4995,15.6283333333333,47.0533333333333,60,"ok",TRUE
"MOD-00555","2026-08-01 19:00:00",5.25521739130435,3.55867603623189,10.0078260869565,4.70326086956522,63.5475,0.04365362125,301.0165,9.60833333333334,14.0116666666667,48.0116666666667,60,"ok",TRUE
"MOD-00555","2026-08-01 20:00:00",NA,NA,NA,NA,58.4598333333333,0.0401863764166667,363.165666666667,11.7538333333333,13.4633333333333,48.0483333333333,60,"thermal_cutoff",TRUE
"MOD-00555","2026-08-01 21:00:00",NA,NA,NA,NA,61.2113333333333,0.0420615236666666,337.802666666667,11.7943333333333,12.33,49.8916666666667,60,"thermal_cutoff",TRUE
"MOD-00555","2026-08-01 22:00:00",NA,NA,NA,NA,57.8841666666667,0.0397940595833333,350.854,14.0673333333333,11.5983333333333,50.6416666666667,60,"thermal_cutoff",TRUE
"MOD-00555","2026-08-01 23:00:00",NA,NA,NA,NA,53.8255,0.03702807825,427.284333333333,15.9268333333333,11.76,50.1733333333333,60,"thermal_cutoff",TRUE
"MOD-00555","2026-08-02 00:00:00",4.66965517241379,3.19263323563218,11.7286206896552,4.16103448275862,45.2721666666666,0.0311989815833333,550.304833333333,20.587,13.1033333333333,46.5016666666667,60,"ok",TRUE
"MOD-00555","2026-08-02 01:00:00",4.62237288135593,3.72155125423728,10.3705084745763,4.14576271186441,38.8438983050847,0.0268181166949153,639.783898305085,23.3383050847458,15.5661016949153,41.7779661016949,59,"ok",TRUE
"MOD-00555","2026-08-02 02:00:00",4.88466666666667,4.23130286666667,9.32333333333333,4.371,39.0888333333333,0.0269850399166667,644.1915,32.9856666666667,17.4883333333333,39.8133333333333,60,"ok",TRUE
"MOD-00555","2026-08-02 03:00:00",5.3525,4.78105546666666,9.25733333333333,4.82966666666667,36.1638333333333,0.0249916524166667,658.725666666667,32.5183333333333,18.9633333333333,37.92,60,"ok",TRUE
"MOD-00555","2026-08-02 04:00:00",5.41133333333333,4.89185261666666,8.92683333333333,4.95766666666667,35.0371666666667,0.0242238290833333,655.01,31.3483333333333,20.7583333333333,36.1683333333333,60,"ok",TRUE
"MOD-00555","2026-08-02 05:00:00",5.72466666666667,5.29705416666667,9.08333333333333,5.214,35.4631666666667,0.0245141480833333,643.51,19.374,22.0633333333333,35.1583333333333,60,"ok",TRUE
"MOD-00555","2026-08-02 06:00:00",6.2575,5.75112185,12.8008333333333,5.541,28.8618333333333,0.0200153394166667,695.715166666667,42.0063333333333,27.03,34.59,60,"ok",TRUE
"MOD-00555","2026-08-02 07:00:00",6.14616666666667,5.55843078333334,12.3571666666667,5.53633333333333,28.4663333333333,0.0197458061666667,682.7075,23.8998333333333,29.8133333333333,33.5716666666667,60,"ok",TRUE
"MOD-00555","2026-08-02 08:00:00",5.22383333333333,4.98667446666667,9.629,4.65866666666667,33.613,0.0232532595,621.116166666667,13.2398333333333,31.195,33.3083333333334,60,"ok",TRUE
"MOD-00555","2026-08-02 09:00:00",9.6575,13.0828537666667,29.3661666666667,5.6835,37.6691666666667,0.0260175370833333,517.693,7.74533333333333,29.275,33.5466666666667,60,"ok",TRUE
"MOD-00555","2026-08-02 10:00:00",7.05216666666667,9.3788925,17.907,4.514,40.7426666666667,0.0281121273333333,496.0145,7.92883333333333,31.1066666666667,32.9216666666667,60,"ok",TRUE
"MOD-00555","2026-08-02 11:00:00",5.41316666666666,6.89723756666667,11.14,3.84433333333333,39.9236666666667,0.0275539788333333,478.652666666667,7.49683333333333,31.3566666666667,32.785,60,"ok",TRUE
"MOD-00555","2026-08-02 12:00:00",5.563,6.2709824,12.235,4.37133333333333,41.0708333333333,0.0283357729166667,483.154666666667,8.4945,32.96,32.3416666666667,60,"ok",TRUE
"MOD-00555","2026-08-02 13:00:00",5.13133333333333,5.75759165,11.6681666666667,4.033,40.409,0.0278847335,499.961666666667,7.61433333333333,32.5716666666667,33.0233333333333,60,"ok",TRUE
"MOD-00555","2026-08-02 14:00:00",5.00966666666666,4.81982549999999,10.6888333333333,4.1815,47.7646666666667,0.0328976203333333,414.900833333333,6.0945,27.7866666666667,37.3766666666667,60,"ok",TRUE
"MOD-00555","2026-08-02 15:00:00",5.37983333333333,4.74721786666667,8.97733333333333,4.779,47.1181666666667,0.0324570305833333,443.007,8.23133333333333,29.1216666666667,37.255,60,"ok",TRUE
"MOD-00555","2026-08-02 16:00:00",5.77616666666667,4.79339453333333,9.96200000000001,5.18966666666667,48.7146666666667,0.0335450453333333,449.6405,8.43016666666667,28.795,38.4683333333333,60,"ok",TRUE
"MOD-00555","2026-08-02 17:00:00",6.13066666666667,4.52939583333334,13.4605,5.4695,56.5883333333333,0.0389109491666667,358.282166666667,6.7255,23.5966666666667,43.045,60,"ok",TRUE
"MOD-00555","2026-08-02 18:00:00",6.13783333333333,4.38730773333333,11.6001666666667,5.5275,58.0313333333333,0.0398943536666667,282.345166666667,5.8605,20.9233333333333,44.9166666666666,60,"ok",TRUE
"MOD-00555","2026-08-02 19:00:00",5.50916666666667,3.64557466666667,10.584,4.99333333333333,58.9418333333333,0.0405148594166667,270.872833333333,5.8395,18.5083333333333,46.94,60,"ok",TRUE
"MOD-00555","2026-08-02 20:00:00",4.41847457627119,2.98824703389831,6.83,3.97661016949152,54.8310169491526,0.0377133380508475,311.452372881356,7.87779661016949,17.2593220338983,47.0762711864407,59,"ok",TRUE
"MOD-00555","2026-08-02 21:00:00",4.20583333333333,2.63206235,9.80933333333333,3.77183333333333,55.5623333333333,0.0382117301666667,291.794,6.90283333333333,14.8716666666667,47.76,60,"ok",TRUE
"MOD-00555","2026-08-02 22:00:00",4.37576923076923,2.76655773076924,5.795,3.98807692307692,56.3605,0.03875568075,305.571666666667,9.7305,13.7366666666667,49.065,60,"ok",TRUE
"MOD-00555","2026-08-02 23:00:00",NA,NA,NA,NA,54.9736666666667,0.0378105538333333,349.156166666667,12.6986666666667,12.9666666666667,49.1583333333333,60,"thermal_cutoff",TRUE
"MOD-00555","2026-08-03 00:00:00",4.42657142857143,3.21425388571429,6.56028571428571,3.98571428571429,46.1663333333333,0.0318083561666667,484.631333333333,20.6125,14.3116666666667,46.145,60,"ok",TRUE
"MOD-00555","2026-08-03 01:00:00",5.048,4.00999231666666,8.56316666666667,4.61966666666667,40.6786666666667,0.0280685113333333,616.710333333333,21.2053333333333,17.46,41.57,60,"ok",TRUE
"MOD-00555","2026-08-03 02:00:00",5.44116666666667,4.50437361666667,8.21783333333333,5.003,40.7086666666667,0.0280889563333333,611.1645,33.8723333333333,18.86,39.8533333333333,60,"ok",TRUE
"MOD-00555","2026-08-03 03:00:00",5.8695,4.88483051666666,9.1995,5.452,38.5578333333333,0.0266231634166667,627.6065,34.0093333333333,20.825,38.0566666666667,60,"ok",TRUE
"MOD-00555","2026-08-03 04:00:00",5.88316666666667,5.08131901666666,9.057,5.44716666666667,37.2658333333333,0.0257426654166667,613.6625,29.1013333333333,22.6833333333333,36.5166666666667,60,"ok",TRUE
"MOD-00555","2026-08-03 05:00:00",6.29566666666667,5.46916183333333,10.161,5.80033333333333,37.8701666666667,0.0261545185833333,586.284333333333,14.2066666666667,23.4716666666667,35.8966666666667,60,"ok",TRUE
"MOD-00555","2026-08-03 06:00:00",6.37233333333333,5.4965083,10.7978333333333,5.8625,40.5938333333333,0.0280106974166667,530.569666666667,11.2916666666667,23.715,35.9583333333333,60,"ok",TRUE
"MOD-00555","2026-08-03 07:00:00",6.69333333333333,5.8545202,10.5901666666667,6.14283333333333,41.3723333333333,0.0285412451666667,521.519666666667,11.8386666666667,25.0066666666667,35.295,60,"ok",TRUE
"MOD-00555","2026-08-03 08:00:00",7.14116666666667,6.24713223333333,11.8716666666667,6.51166666666667,37.0578333333333,0.0256009134166667,544.350333333333,12.449,26.7666666666667,34.8033333333333,60,"ok",TRUE
"MOD-00555","2026-08-03 09:00:00",6.855,6.35486609999999,11.0976666666667,6.111,34.9841666666667,0.0241877095833333,541.0845,10.8026666666667,27.9883333333333,34.09,60,"ok",TRUE
"MOD-00555","2026-08-03 10:00:00",6.6755,6.13924496666667,12.4461666666667,5.9045,31.1371666666667,0.0215659790833333,558.480666666667,18.4288333333333,31.7466666666667,33.7066666666667,60,"ok",TRUE
"MOD-00555","2026-08-03 11:00:00",5.44816666666667,5.11648518333333,9.73016666666667,4.878,33.9855,0.02350711825,575.503833333333,18.0615,35.4716666666667,32.58,60,"ok",TRUE
"MOD-00555","2026-08-03 12:00:00",6.32983333333334,5.73623970000001,10.1438333333333,5.7665,32.4791666666667,0.0224805520833333,573.586333333333,10.5811666666667,36.83,31.9683333333333,60,"ok",TRUE
"MOD-00555","2026-08-03 13:00:00",6.31683333333333,5.81710488333333,11.4143333333333,5.62183333333334,35.588,0.024599222,602.324,7.242,36.7783333333333,32.5383333333333,60,"ok",TRUE
"MOD-00555","2026-08-03 14:00:00",6.106,5.50690788333333,14.0033333333333,5.26016666666666,42.09,0.029030335,516.075,6.43883333333333,32.025,35.7866666666667,60,"ok",TRUE
"MOD-00555","2026-08-03 15:00:00",6.23271186440678,5.05222774576271,12.9028813559322,5.34847457627119,51.2615254237288,0.0352807295762712,285.344576271186,3.50762711864407,22.1067796610169,43.2406779661017,59,"ok",TRUE
"MOD-00555","2026-08-03 16:00:00",6.14116666666667,4.97762681666666,13.1291666666667,5.33166666666667,47.7756666666667,0.0329051168333333,324.582833333333,9.64583333333334,22.9366666666667,41.9966666666667,60,"ok",TRUE
"MOD-00555","2026-08-03 17:00:00",6.22,5.09683431666666,11.4996666666667,5.52483333333334,48.0898333333333,0.0331192214166667,510.605,12.2631666666667,24.9533333333333,40.1983333333333,60,"ok",TRUE
"MOD-00555","2026-08-03 18:00:00",5.95316666666666,4.3879696,12.1631666666667,5.29883333333333,57.6588333333333,0.0396404949166667,303.286166666667,5.86833333333333,19.2866666666667,44.6383333333333,60,"ok",TRUE
"MOD-00555","2026-08-03 19:00:00",5.35,3.67183756666666,11.7006666666667,4.75233333333333,57.2548333333333,0.0393651689166667,203.027,6.24666666666667,15.7733333333333,47.1233333333333,60,"ok",TRUE
"MOD-00555","2026-08-03 20:00:00",5.73169491525424,3.8245393220339,10.2649152542373,5.2035593220339,54.9738983050847,0.0378107116949152,264.996949152542,8.28762711864407,14.2389830508475,48.0338983050847,59,"ok",TRUE
"MOD-00555","2026-08-03 21:00:00",5.8125,4.28944283333333,11.94,4.96,53.4298333333333,0.0367584314166667,333.854666666667,12.8908333333333,13.7316666666667,48.7383333333333,60,"ok",TRUE
"MOD-00555","2026-08-03 22:00:00",NA,NA,NA,NA,54.4061666666666,0.0374238025833333,342.4005,12.6788333333333,12.6166666666667,49.6083333333333,60,"thermal_cutoff",TRUE
"MOD-00555","2026-08-03 23:00:00",5.75684210526316,4.07754887246964,10.5147368421053,5.22473684210526,44.1929411764706,0.0304634894117647,459.040588235294,18.1,14.3096153846154,46.1423076923077,52,"ok",TRUE
"MOD-00555","2026-08-04 00:00:00",6.38533333333333,4.58924136666666,11.3641666666667,5.8455,43.9151428571428,0.0302741698571428,553.607142857143,23.0934285714286,14.5916666666667,45.245,60,"ok",TRUE
"MOD-00555","2026-08-04 01:00:00",6.44728813559322,5.04999903389829,8.89915254237288,5.96440677966102,39.5737288135593,0.0273154961864407,606.053220338983,32.5961016949153,16.8203389830508,41.8440677966102,59,"ok",TRUE
"MOD-00555","2026-08-04 02:00:00",12.0226666666667,13.069778120339,78.6964406779661,7.08866666666667,28.9726666666667,0.0200908723333333,698.237,69.2135,25.8966666666667,38.215,60,"ok",TRUE
"MOD-00555","2026-08-04 03:00:00",4.79266666666667,5.05151698333334,8.43016666666667,4.10033333333333,21.2053333333333,0.0147974346666667,817.998166666666,92.1996666666667,45.4966666666667,29.5716666666667,60,"ok",TRUE
"MOD-00555","2026-08-04 04:00:00",4.98316666666667,4.56457473333333,6.091,4.706,28.4953333333333,0.0197655696666667,764.347833333333,53.0293333333333,50.6433333333333,28.5,60,"ok",TRUE
"MOD-00555","2026-08-04 05:00:00",4.10533333333333,3.96956045,5.22233333333333,3.8605,37.737,0.0260637655,609.404,18.1546666666667,50.3533333333333,28.3633333333333,60,"ok",TRUE
"MOD-00555","2026-08-04 06:00:00",3.7595,3.70978818333333,4.90033333333333,3.5445,39.2926666666667,0.0271239523333333,575.372833333333,11.1886666666667,54.3583333333333,27.3333333333333,60,"ok",TRUE
"MOD-00555","2026-08-04 07:00:00",2.40916666666667,2.80026765,3.2685,2.279,45.1981666666667,0.0311485505833333,483.2625,4.83133333333334,48.81,27.8716666666667,60,"ok",TRUE
"MOD-00555","2026-08-04 08:00:00",2.30633333333333,2.77186373333333,2.92333333333333,2.183,45.7788333333333,0.0315442749166667,446.8035,4.87466666666667,49.6116666666667,27.4166666666667,60,"ok",TRUE
"MOD-00555","2026-08-04 09:00:00",3.15316666666667,3.36800716666666,3.70566666666667,3.027,44.2486666666667,0.0305014663333333,433.416666666667,4.72633333333333,48.8716666666667,27.2383333333333,60,"ok",TRUE
"MOD-00555","2026-08-04 10:00:00",3.01683333333333,3.22681415,4.03833333333333,2.88616666666667,43.0096666666667,0.0296570878333333,438.3385,5.543,50.865,27.0566666666667,60,"ok",TRUE
"MOD-00555","2026-08-04 11:00:00",2.89,3.12800293333333,4.08516666666667,2.7635,42.9998333333333,0.0296503864166667,434.295333333333,5.347,51.7883333333333,26.8483333333333,60,"ok",TRUE
"MOD-00555","2026-08-04 12:00:00",3.87533333333333,3.83035869999999,5.39983333333333,3.6755,35.0821666666667,0.0242544965833333,472.4615,6.44616666666667,55.2633333333334,26.3883333333333,60,"ok",TRUE
"MOD-00555","2026-08-04 13:00:00",4.30766666666667,4.0409939,9.67433333333334,3.96366666666667,31.7898333333333,0.0220107714166667,502.893666666667,6.17516666666667,57.025,26.77,60,"ok",TRUE
"MOD-00555","2026-08-04 14:00:00",4.49383333333333,4.08054341666667,9.6685,4.05733333333333,40.0821666666667,0.0276619965833333,491.776,5.377,43.6716666666667,31.7566666666667,60,"ok",TRUE
"MOD-00555","2026-08-04 15:00:00",4.42683333333333,3.5868138,7.341,4.15266666666666,47.037,0.0324017155,297.697833333333,3.1285,30.8316666666667,36.8916666666667,60,"ok",TRUE
"MOD-00555","2026-08-04 16:00:00",3.16615384615385,2.47123212307693,4.67,2.93584615384615,53.6566153846154,0.0369129833846154,168.956153846154,3.42338461538461,23.2030769230769,41.0107692307692,65,"ok",TRUE
"MOD-00555","2026-08-04 17:00:00",3.73316666666667,2.84012043333334,8.52516666666667,3.24216666666667,55.8061666666667,0.0383779025833333,180.257666666667,5.9275,20.3616666666667,43.7383333333333,60,"ok",TRUE
"MOD-00555","2026-08-04 18:00:00",5.18666666666667,4.69359511666667,18.8113333333333,3.9245,52.9088333333333,0.0364033699166667,317.6155,8.65333333333334,20.6516666666667,43.2633333333333,60,"ok",TRUE
"MOD-00555","2026-08-04 19:00:00",5.85610169491525,6.26400962711864,26.6847457627119,3.69762711864407,51.4652542372881,0.0354195707627119,315.933050847458,9.47881355932203,18.8542372881356,44.035593220339,59,"ok",TRUE
"MOD-00555","2026-08-04 20:00:00",5.55933333333333,5.87898908333334,22.347,3.59383333333333,51.0456666666667,0.0351336218333333,350.957,13.6761666666667,17.8516666666667,44.9133333333333,60,"ok",TRUE
"MOD-00555","2026-08-04 21:00:00",5.79016666666667,5.51219418333333,22.1756666666667,4.01483333333333,52.5805,0.03617961075,332.497666666667,11.2905,16.0683333333333,46.8316666666667,60,"ok",TRUE
"MOD-00555","2026-08-04 22:00:00",6.58983050847458,7.35776638983051,23.5423728813559,4.00627118644068,51.178813559322,0.035224361440678,372.406271186441,13.4018644067797,15.5661016949153,47.6084745762712,59,"ok",TRUE
"MOD-00555","2026-08-04 23:00:00",7.48266666666667,8.76967366666666,31.808,4.23966666666667,48.043,0.0330873045,471.776166666667,19.2856666666667,16.33,46.7716666666667,60,"ok",TRUE
"MOD-00555","2026-08-05 00:00:00",6.9345,8.25043638333333,30.0065,4.00066666666667,41.6465,0.02872808975,602.662333333333,19.2956666666667,19.3933333333333,43.6566666666667,60,"ok",TRUE
"MOD-00555","2026-08-05 01:00:00",7.42383333333333,9.94946136666666,29.5941666666667,3.97016666666667,39.2976666666667,0.0271273598333333,644.686666666667,21.232,23.1766666666667,39.7283333333333,60,"ok",TRUE
"MOD-00555","2026-08-05 02:00:00",4.96933333333333,5.64380485,13.7735,3.57233333333333,42.5458333333333,0.0293409854166667,611.411166666667,42.7058333333333,25.7866666666667,37.745,60,"ok",TRUE
"MOD-00555","2026-08-05 03:00:00",3.57383333333333,3.32873566666667,5.7275,3.2415,46.0941666666667,0.0317591745833333,586.257333333333,41.0785,28.4033333333333,36.36,60,"ok",TRUE
"MOD-00555","2026-08-05 04:00:00",3.9175,3.57119518333333,5.68266666666667,3.6185,47.0395,0.03240341925,562.104333333333,30.8366666666667,30.3966666666667,35.4533333333333,60,"ok",TRUE
"MOD-00555","2026-08-05 05:00:00",5.154,4.39825985,7.15816666666666,4.843,43.7175,0.03013947625,562.432666666667,27.2313333333333,32.3716666666667,34.8,60,"ok",TRUE
"MOD-00555","2026-08-05 06:00:00",6.01033333333333,4.90160658333333,8.50733333333333,5.68516666666667,43.3593333333333,0.0298953856666667,605.3225,34.4341666666667,36.8416666666667,34.12,60,"ok",TRUE
"MOD-00555","2026-08-05 07:00:00",6.89916666666667,6.55553891666666,12.2523333333333,5.86583333333333,40.4628333333333,0.0279214209166667,557.3345,22.4218333333333,40.1016666666667,33.55,60,"ok",TRUE
"MOD-00555","2026-08-05 08:00:00",6.52566666666667,6.10084483333333,10.528,5.66366666666667,42.0921666666667,0.0290318115833333,515.815166666667,10.1133333333333,41.4033333333334,33.1533333333333,60,"ok",TRUE
"MOD-00555","2026-08-05 09:00:00",7.53316666666667,7.3581111,14.301,6.22633333333333,40.8231666666667,0.0281669880833333,511.792666666667,9.6445,44.985,32.5483333333333,60,"ok",TRUE
"MOD-00555","2026-08-05 10:00:00",7.56016666666666,7.22997868333332,13.6665,6.364,41.917,0.0289124355,498.541666666667,7.49316666666667,47.1416666666667,31.95,60,"ok",TRUE
"MOD-00555","2026-08-05 11:00:00",7.2665,6.71551303333334,11.3261666666667,6.3515,42.5011666666667,0.0293105450833333,475.084166666667,5.90183333333333,47.8733333333333,31.3283333333333,60,"ok",TRUE
"MOD-00555","2026-08-05 12:00:00",6.81966666666667,6.21934588333334,9.8015,6.07866666666667,42.3718333333333,0.0292224044166667,450.741833333333,5.37566666666667,47.3966666666667,31.1283333333333,60,"ok",TRUE
"MOD-00555","2026-08-05 13:00:00",7.3245,6.6556114,13.0528333333333,6.42583333333333,40.6475,0.02804727125,479.291833333333,5.3675,47.2983333333333,31.2266666666667,60,"ok",TRUE
"MOD-00555","2026-08-05 14:00:00",8.09633333333334,6.9297723,14.9035,7.18116666666667,40.5648333333333,0.0279909339166667,494.880666666667,5.71283333333334,43.3766666666667,33.5516666666667,60,"ok",TRUE
"MOD-00555","2026-08-05 15:00:00",7.37083333333333,6.36888778333332,14.5906666666667,6.26283333333333,46.323,0.0319151245,338.291,5.78816666666667,32.8466666666667,39.1483333333333,60,"ok",TRUE
"MOD-00555","2026-08-05 16:00:00",7.33593220338983,6.31943594915255,13.2230508474576,6.13847457627118,47.778813559322,0.032907261440678,258.785762711864,7.37694915254237,28.7169491525424,42.128813559322,59,"ok",TRUE
"MOD-00555","2026-08-05 17:00:00",7.34866666666667,5.66547873333333,17.2068333333333,6.37416666666667,48.2895,0.03325529425,294.1675,6.22866666666667,26.6066666666667,42.8283333333333,60,"ok",TRUE
"MOD-00555","2026-08-05 18:00:00",6.91216666666667,5.326687,15.8236666666667,6.00733333333333,47.3431666666667,0.0326103680833333,361.6435,7.68583333333333,26.75,42.7133333333333,60,"ok",TRUE
"MOD-00555","2026-08-05 19:00:00",6.32316666666667,4.92585116666666,14.511,5.44033333333333,47.2305,0.03253358575,365.7395,7.5755,25.1733333333333,43.27,60,"ok",TRUE
"MOD-00555","2026-08-05 20:00:00",6.00254237288136,4.56567261016949,14.5420338983051,5.10576271186441,49.1869491525424,0.0338669058474576,335.81779661017,6.76813559322034,22.5610169491525,45.0864406779661,59,"ok",TRUE
"MOD-00555","2026-08-05 21:00:00",6.34233333333333,5.03271466666666,11.638,5.34533333333333,49.3933333333333,0.0340075566666667,330.282166666667,7.5945,20.895,46.3916666666666,60,"ok",TRUE
"MOD-00555","2026-08-05 22:00:00",6.16883333333333,5.06532718333333,11.213,5.0875,49.2493333333333,0.0339094206666666,365.345,11.173,19.82,46.8066666666667,60,"ok",TRUE
"MOD-00555","2026-08-05 23:00:00",6.09237288135593,4.7597526779661,15.6508474576271,5.02169491525424,47.501186440678,0.032718058559322,437.538644067797,17.2961016949152,19.9745762711864,46.5661016949152,59,"ok",TRUE
"MOD-00555","2026-08-06 00:00:00",6.306,5.51153045000001,11.612,5.22416666666667,42.6193333333333,0.0293910756666667,558.387666666666,29.8051666666667,22.78,43.2633333333333,60,"ok",TRUE
"MOD-00555","2026-08-06 01:00:00",6.62833333333333,6.08934026666666,14.443,5.48933333333333,41.0918333333333,0.0283500844166667,628.7685,31.8301666666667,27.4516666666667,39.0066666666667,60,"ok",TRUE
"MOD-00555","2026-08-06 02:00:00",5.98966666666667,5.81192645,12.2381666666667,4.92766666666667,40.556,0.027984914,598.224333333333,40.5531666666667,30,37.055,60,"ok",TRUE
"MOD-00555","2026-08-06 03:00:00",6.126,5.72005046666667,12.295,5.20433333333333,40.417,0.0278901855,560.1905,23.464,31.9333333333333,36.0933333333333,60,"ok",TRUE
"MOD-00555","2026-08-06 04:00:00",6.30633333333333,5.85264473333333,10.6985,5.4605,39.7241666666667,0.0274180195833333,535.314666666667,11.9096666666667,33.115,35.4466666666667,60,"ok",TRUE
"MOD-00555","2026-08-06 05:00:00",12.4273333333333,15.2005402166667,95.0156666666666,6.10916666666667,40.5118333333333,0.0279548144166667,545.696833333333,47.6808333333333,42.395,32.0733333333333,60,"ok",TRUE
"MOD-00555","2026-08-06 06:00:00",5.552,5.70903936666667,8.23066666666667,4.758,37.153,0.0256657695,583.8285,68.9791666666667,64.6716666666666,25.7866666666667,60,"ok",TRUE
"MOD-00555","2026-08-06 07:00:00",4.76516666666667,4.58004975,5.54766666666667,4.3555,37.5823333333333,0.0259583601666667,594.236166666667,57.6706666666667,77.9033333333333,23.1616666666667,60,"ok",TRUE
"MOD-00555","2026-08-06 08:00:00",3.24183333333333,3.34071128333334,3.83066666666667,2.9725,41.2348333333333,0.0284475389166667,538.658,18.9545,74.555,24.0866666666667,60,"ok",TRUE
"MOD-00555","2026-08-06 09:00:00",3.59883333333333,3.56532683333334,3.9695,3.3765,44.1281666666667,0.0304193455833333,463.900166666667,6.3675,68.2733333333333,24.9766666666667,60,"ok",TRUE
"MOD-00555","2026-08-06 10:00:00",3.79816666666667,3.72409223333333,4.3115,3.62683333333333,46.9743333333333,0.0323590081666667,404.142,4.999,61.7683333333333,25.4266666666667,60,"ok",TRUE
"MOD-00555","2026-08-06 11:00:00",4.25733333333333,3.99560055,5.11583333333333,4.09833333333333,45.1773333333333,0.0311343526666667,406.438,5.6305,61.435,25.35,60,"ok",TRUE
"MOD-00555","2026-08-06 12:00:00",4.33966666666667,4.09111011666667,5.46233333333333,4.1285,41.1701666666667,0.0284034685833333,437.194666666667,5.65183333333333,62.085,25.4783333333333,60,"ok",TRUE
"MOD-00555","2026-08-06 13:00:00",4.8985,4.50948788333333,6.3655,4.63766666666667,40.4573333333333,0.0279176726666667,470.874833333333,4.91683333333333,57.545,26.5666666666667,60,"ok",TRUE
"MOD-00555","2026-08-06 14:00:00",5.20866666666667,4.58665003333333,7.24766666666667,4.93133333333333,43.522,0.030006243,457.565166666667,5.3525,51.09,28.9266666666667,60,"ok",TRUE
"MOD-00555","2026-08-06 15:00:00",4.74883333333333,3.87280985,6.53283333333333,4.48,49.2921666666667,0.0339386115833333,343.909833333333,4.011,34.3016666666667,35.9333333333333,60,"ok",TRUE
"MOD-00555","2026-08-06 16:00:00",5.33233333333333,3.97580383333333,8.917,4.94366666666667,52.7823333333334,0.0363171601666667,219.637,4.376,25.5333333333333,40.845,60,"ok",TRUE
"MOD-00555","2026-08-06 17:00:00",6.12116666666667,4.40300703333333,7.83133333333333,5.79633333333334,53.0213333333333,0.0364800386666667,255.6915,6.40133333333333,23.815,41.7966666666667,60,"ok",TRUE
"MOD-00555","2026-08-06 18:00:00",4.72305084745763,3.428814,5.63966101694915,4.47525423728814,53.8701694915254,0.0370585205084746,307.632203389831,10.598813559322,23.3813559322034,41.7881355932203,59,"ok",TRUE
"MOD-00555","2026-08-06 19:00:00",4.86733333333333,3.49208785,6.42866666666667,4.5805,54.4521666666667,0.0374551515833333,390.701666666667,18.8705,24.6966666666667,41.9683333333333,60,"ok",TRUE
"MOD-00555","2026-08-06 20:00:00",4.26983333333333,2.96989643333333,6.468,4.00133333333333,56.7268333333333,0.0390053369166667,382.026833333333,11.0365,22.2433333333333,43.0533333333334,60,"ok",TRUE
"MOD-00555","2026-08-06 21:00:00",3.49116666666667,2.28555085,6.43966666666667,3.2345,58.3491666666667,0.0401109570833333,312.217666666667,11.3096666666667,18.8166666666667,44.7516666666667,60,"ok",TRUE
"MOD-00555","2026-08-06 22:00:00",3.63389830508474,2.53224155932203,5.04898305084746,3.3164406779661,56.1476271186441,0.0386106078813559,362.986101694915,18.6276271186441,18.693220338983,45.1169491525424,59,"ok",TRUE
"MOD-00555","2026-08-06 23:00:00",4.635,3.95223571666667,14.1671666666667,3.563,51.1965,0.03523641475,413.986333333333,19.6648333333333,18.6566666666667,45.9166666666667,60,"ok",TRUE
"MOD-00555","2026-08-07 00:00:00",5.2865,5.26560139999999,20.1523333333333,3.69766666666667,44.9983333333333,0.0310123641666667,528.051666666667,22.7151666666667,21.07,43.2183333333333,60,"ok",TRUE
"MOD-00555","2026-08-07 01:00:00",5.46866666666667,6.33747778333334,17.8418333333333,3.66966666666667,42.2021666666667,0.0291067765833333,613.544333333333,10.9173333333333,25.8833333333333,38.8033333333333,60,"ok",TRUE
"MOD-00555","2026-08-07 02:00:00",4.11583333333333,3.68432941666667,7.207,3.71583333333333,43.4808333333333,0.0299781879166667,602.583,32.7393333333333,30.7833333333333,36.2766666666667,60,"ok",TRUE
"MOD-00555","2026-08-07 03:00:00",4.216,3.82059103333333,6.384,3.88833333333333,44.371,0.0305848365,573.3915,42.9506666666667,33.5133333333333,34.52,60,"ok",TRUE
"MOD-00555","2026-08-07 04:00:00",4.07166666666667,3.86523294999999,6.21566666666667,3.7145,44.4393333333333,0.0306314056666667,528.056666666667,17.4465,34.09,33.7516666666667,60,"ok",TRUE
"MOD-00555","2026-08-07 05:00:00",4.10466666666667,3.91424985,6.7755,3.755,42.5253333333333,0.0293270146666667,507.6885,12.9083333333333,35.0366666666667,32.9816666666667,60,"ok",TRUE
"MOD-00555","2026-08-07 06:00:00",4.02883333333333,4.04524298333334,7.107,3.6105,39.1943333333333,0.0270569381666667,493.699166666667,10.7325,35.8466666666667,32.1816666666667,60,"ok",TRUE
"MOD-00555","2026-08-07 07:00:00",3.9525,3.84546901666667,5.497,3.6935,41.563,0.0286711845,482.937666666667,9.78883333333333,37.5016666666667,31.4566666666667,60,"ok",TRUE
"MOD-00555","2026-08-07 08:00:00",3.58816666666667,3.65546766666667,5.99666666666667,3.322,41.0453333333333,0.0283183946666667,462.441833333333,7.7145,38.0216666666667,30.7133333333333,60,"ok",TRUE
"MOD-00555","2026-08-07 09:00:00",3.83716666666667,3.83378188333333,6.342,3.5745,38.2418333333333,0.0264078094166667,468.059333333333,9.14966666666666,40.0083333333333,30.03,60,"ok",TRUE
"MOD-00555","2026-08-07 10:00:00",5.54216666666667,4.95059586666667,8.20566666666667,5.21266666666667,31.71,0.021956365,519.2725,15.5605,46.8916666666667,29.1516666666667,60,"ok",TRUE
"MOD-00555","2026-08-07 11:00:00",7.2895,6.09350756666667,10.9696666666667,6.86833333333333,29.5648333333333,0.0204944339166667,551.1475,11.7668333333333,52.2616666666667,28.5783333333333,60,"ok",TRUE
"MOD-00555","2026-08-07 12:00:00",6.69566666666667,5.67608928333333,9.63116666666667,6.32066666666667,28.191,0.0195581665,528.394666666666,8.69466666666667,53.4216666666667,28.2983333333333,60,"ok",TRUE
"MOD-00555","2026-08-07 13:00:00",6.79233333333333,5.77919973333333,11.4471666666667,6.3035,32.0533333333333,0.0221903466666667,535.791,7.16016666666667,53.9183333333334,28.6716666666667,60,"ok",TRUE
"MOD-00555","2026-08-07 14:00:00",6.31933333333333,5.34271008333333,11.8578333333333,5.783,41.6218333333333,0.0287112794166667,488.106833333333,5.86266666666667,43.705,32.2566666666667,60,"ok",TRUE
"MOD-00555","2026-08-07 15:00:00",5.56733333333334,4.53619273333334,12.0006666666667,4.95933333333333,46.152,0.031798588,335.299833333333,4.9985,31.6466666666667,38.0633333333333,60,"ok",TRUE
"MOD-00555","2026-08-07 16:00:00",5.30433333333333,4.06720388333334,9.83616666666667,4.771,51.768,0.035625892,258.715,6.581,25.215,41.6516666666667,60,"ok",TRUE
"MOD-00555","2026-08-07 17:00:00",5.23440677966102,3.76437879661017,9.65271186440678,4.7606779661017,53.5147457627118,0.0368162992372881,224.780847457627,6.2071186440678,21.9135593220339,43.6101694915254,59,"ok",TRUE
"MOD-00555","2026-08-07 18:00:00",5.31183333333334,3.9441722,9.05216666666667,4.8025,53.75,0.036976625,313.999666666667,9.60016666666667,21.655,43.4633333333334,60,"ok",TRUE
"MOD-00555","2026-08-07 19:00:00",4.9735,3.66275758333334,10.127,4.42383333333333,54.6146666666667,0.0375658953333333,354.732333333333,13.0151666666667,20.6916666666667,44.1,60,"ok",TRUE
"MOD-00555","2026-08-07 20:00:00",4.98366666666667,3.28318376666666,12.0451666666667,4.46283333333333,56.9333333333333,0.0391460666666667,332.0295,11.4703333333333,18.5083333333333,46.31,60,"ok",TRUE
"MOD-00555","2026-08-07 21:00:00",4.72694915254237,3.19240571186441,10.9640677966102,4.06254237288135,56.4927118644068,0.0388457831355932,307.35593220339,12.4618644067797,16.6762711864407,48.5169491525424,59,"ok",TRUE
"MOD-00555","2026-08-07 22:00:00",5.15928571428571,3.61447242857143,8.31642857142857,4.50071428571429,53.5296666666667,0.0368264678333333,382.930833333333,13.9786666666667,16.3533333333333,48.78,60,"ok",TRUE
"MOD-00555","2026-08-07 23:00:00",4.91,3.6540165,7.99666666666667,4.15,52.6073333333333,0.0361978976666667,440.129333333333,17.3893333333333,16.4883333333333,48.65,60,"ok",TRUE
"MOD-00555","2026-08-08 00:00:00",5.356,4.41935995,12.094,4.5075,44.1508333333333,0.0304347929166667,626.3245,15.3146666666667,20.4066666666667,43.645,60,"ok",TRUE
"MOD-00555","2026-08-08 01:00:00",5.47983333333333,4.93758878333333,11.6263333333333,4.6315,43.2786666666667,0.0298404113333333,666.408833333333,15.517,24.4083333333333,39.6216666666667,60,"ok",TRUE
"MOD-00555","2026-08-08 02:00:00",5.642,5.10467903333333,11.1063333333333,4.88966666666667,43.1238333333333,0.0297348924166667,622.111833333334,38.495,25.6466666666667,37.8316666666667,60,"ok",TRUE
"MOD-00555","2026-08-08 03:00:00",6.005,5.35170573333334,11.5443333333333,5.30733333333333,42.7666666666667,0.0294914833333333,607.692333333333,31.7905,27.195,36.58,60,"ok",TRUE
"MOD-00555","2026-08-08 04:00:00",9.98466666666667,7.81958531609195,43.0060344827586,8.509,45.3,0.03121795,545.297333333333,17.9306666666667,27.845,35.45,60,"ok",TRUE
"MOD-00555","2026-08-08 05:00:00",9.94566666666667,7.80275065000002,12.7673333333333,9.61349999999999,49.3778333333333,0.0339969934166667,497.229,14.5941666666667,27.07,33.3366666666667,60,"ok",TRUE
"MOD-00555","2026-08-08 06:00:00",8.15366666666667,6.42053516666667,9.6115,7.99516666666667,49.7373333333333,0.0342419926666667,440.487833333333,10.2358333333333,25.19,33.7716666666667,60,"ok",TRUE
"MOD-00555","2026-08-08 07:00:00",9.71016666666666,7.59426671666665,10.6641666666667,9.50933333333334,47.2765,0.03256493475,494.050666666667,13.4028333333333,27.0816666666667,32.8,60,"ok",TRUE
"MOD-00555","2026-08-08 08:00:00",9.39266666666667,8.01721323333333,13.794,8.717,48.2925,0.03325733875,462.766833333333,10.9773333333333,26.5666666666667,33.11,60,"ok",TRUE
"MOD-00555","2026-08-08 09:00:00",13.595,14.8483680666667,24.961,10.3456666666667,46.838,0.032266097,508.938166666667,36.151,32.415,32.405,60,"ok",TRUE
"MOD-00555","2026-08-08 10:00:00",14.45,15.8615392833333,22.3281666666667,11.1103333333333,46.3601666666667,0.0319404535833333,539.624666666667,45.085,38.65,30.24,60,"ok",TRUE
"MOD-00555","2026-08-08 11:00:00",11.985,12.6090832666667,16.6568333333333,9.71683333333333,45.909,0.0316329835,519.688666666667,19.8586666666667,40.12,29.4083333333333,60,"ok",TRUE
"MOD-00555","2026-08-08 12:00:00",10.4758333333333,9.88925051666665,13.2465,9.28766666666667,44.6048333333333,0.0307441939166667,490.185833333333,9.15166666666667,38.6866666666667,29.1383333333333,60,"ok",TRUE
"MOD-00555","2026-08-08 13:00:00",9.28883333333333,8.34624628333333,11.7503333333333,8.51516666666667,46.202,0.031832663,479.761166666667,6.94,36.8533333333333,29.98,60,"ok",TRUE
"MOD-00555","2026-08-08 14:00:00",9.313,7.8307279,13.778,8.588,49.3985,0.03401107775,400.161833333333,5.89733333333333,29.6666666666667,34.115,60,"ok",TRUE
"MOD-00555","2026-08-08 15:00:00",8.01333333333334,6.43709143333334,9.8775,7.54683333333333,50.8486666666667,0.0349993663333333,354.689833333333,6.089,25.685,36.9283333333333,60,"ok",TRUE
"MOD-00555","2026-08-08 16:00:00",8.33683333333333,6.2350213,10.8958333333333,7.81516666666667,53.9651666666667,0.0371232610833333,273.938166666667,6.144,20.3866666666667,41.7316666666667,60,"ok",TRUE
"MOD-00555","2026-08-08 17:00:00",8.35033898305085,5.98090169491525,10.9869491525424,7.89338983050848,55.8072881355932,0.0383786668644068,269.271355932203,7.00050847457627,18.4661016949152,43.2593220338983,59,"ok",TRUE
"MOD-00555","2026-08-08 18:00:00",8.94727272727273,6.29568972727273,10.5548484848485,8.55575757575758,57.3463636363636,0.0394275468181818,294.025757575758,9.85151515151515,17.4,43.5787878787879,33,"ok",FALSE
"MOD-00556","2026-07-30 00:00:00",2.87722222222222,1.08524705555556,5.29111111111111,2.53027777777778,52.332,0.040431848,420.376166666667,16.5428333333333,15.9033333333333,47.0083333333333,60,"ok",TRUE
"MOD-00556","2026-07-30 01:00:00",3.65233333333333,2.05913656666667,7.263,3.1335,47.2153333333333,0.036011048,549.6755,29.0301666666667,20.3383333333333,43.145,60,"ok",TRUE
"MOD-00556","2026-07-30 02:00:00",3.71933333333333,2.32425556666667,6.73533333333333,3.16666666666667,44.2408333333333,0.03344108,563.829833333333,21.0448333333333,22.9983333333333,40.3616666666667,60,"ok",TRUE
"MOD-00556","2026-07-30 03:00:00",3.66966666666667,2.39340138333333,7.35516666666666,3.11866666666667,42.4055,0.031855352,535.338833333333,12.416,24.6883333333333,38.4783333333333,60,"ok",TRUE
"MOD-00556","2026-07-30 04:00:00",4.26666666666667,3.20509605,23.4711666666667,3.32783333333333,40.4793333333334,0.030191144,537.924,11.3671666666667,26.6966666666667,37.37,60,"ok",TRUE
"MOD-00556","2026-07-30 05:00:00",4.01066666666667,2.98008551666667,9.13783333333333,3.292,35.9318333333333,0.026262104,507.603,8.74216666666667,26.9666666666667,36.1,60,"ok",TRUE
"MOD-00556","2026-07-30 06:00:00",4.5345,3.46265203333333,8.68716666666666,3.78333333333333,37.4791666666667,0.027599,411.0695,6.73216666666667,26.245,35.1566666666667,60,"ok",TRUE
"MOD-00556","2026-07-30 07:00:00",4.47416666666667,3.39678953333333,7.66483333333333,3.796,38.2163333333333,0.028235912,396.512833333333,6.75433333333333,27.0266666666666,34.1166666666667,60,"ok",TRUE
"MOD-00556","2026-07-30 08:00:00",4.81033333333333,3.70844995,9.62283333333333,4.117,36.0418333333333,0.026357144,441.2575,7.43483333333333,30.1383333333333,32.54,60,"ok",TRUE
"MOD-00556","2026-07-30 09:00:00",4.94066666666667,3.96811058333333,13.3351666666667,4.102,30.4595,0.021534008,487.8515,7.823,35.2733333333333,31.7083333333333,60,"ok",TRUE
"MOD-00556","2026-07-30 10:00:00",5.53933333333334,4.57891286666667,16.4526666666667,4.5755,24.1443333333333,0.016077704,487.608,5.89083333333333,37.56,30.5233333333333,60,"ok",TRUE
"MOD-00556","2026-07-30 11:00:00",6.074,5.03589421666667,16.4735,5.06966666666666,18.6126666666667,0.011298344,537.933166666667,5.818,39.49,29.8316666666667,60,"ok",TRUE
"MOD-00556","2026-07-30 12:00:00",6.92433333333333,6.00060421666667,22.1348333333333,5.599,18.7078333333333,0.011380568,561.803166666667,5.73733333333333,41.5083333333333,29.5466666666667,60,"ok",TRUE
"MOD-00556","2026-07-30 13:00:00",7.0345,6.25721543333333,29.2585,5.47116666666666,21.3148333333333,0.013633016,523.369666666667,5.72366666666667,40.9816666666667,30.5133333333333,60,"ok",TRUE
"MOD-00556","2026-07-30 14:00:00",6.97166666666667,6.34103811666666,31.3991666666667,5.20233333333333,28.72,0.02003108,467.2755,5.6175,35.0183333333333,33.1466666666667,60,"ok",TRUE
"MOD-00556","2026-07-30 15:00:00",6.77183333333333,5.59637598333333,20.1906666666667,5.37266666666667,34.8785,0.025352024,393.814833333333,6.55016666666666,28.845,37.34,60,"ok",TRUE
"MOD-00556","2026-07-30 16:00:00",6.75366666666667,5.09754655,22.7198333333333,5.4275,39.7211666666667,0.029536088,170.950833333333,5.06966666666667,20.2433333333333,43.6583333333333,60,"ok",TRUE
"MOD-00556","2026-07-30 17:00:00",5.46491525423729,3.50726791525424,12.8918644067797,4.61915254237288,47.2661016949153,0.0360549118644068,28.5716949152542,5.43881355932203,15.6101694915254,46.5254237288135,59,"ok",TRUE
"MOD-00556","2026-07-30 18:00:00",4.91983333333333,3.00603971666666,8.705,4.2025,48.8546666666667,0.037427432,161.823,8.32616666666667,15.5166666666667,46.495,60,"ok",TRUE
"MOD-00556","2026-07-30 19:00:00",4.80733333333333,2.82181096666667,8.08366666666667,4.16016666666667,50.0683333333333,0.03847604,243.979666666667,12.3193333333333,15.4066666666667,46.7683333333333,60,"ok",TRUE
"MOD-00556","2026-07-30 20:00:00",4.26659574468085,2.25206069311215,6.5968085106383,3.70829787234042,50.2835593220339,0.0386619952542373,245.680338983051,10.0893220338983,14.1067796610169,48.271186440678,59,"ok",TRUE
"MOD-00556","2026-07-30 21:00:00",NA,NA,NA,NA,52.6188333333333,0.040679672,253.412833333333,11.6185,12.6866666666667,49.48,60,"thermal_cutoff",TRUE
"MOD-00556","2026-07-30 22:00:00",NA,NA,NA,NA,54.2633333333333,0.04210052,294.2895,14.2043333333333,12.2283333333333,50.0683333333333,60,"thermal_cutoff",TRUE
"MOD-00556","2026-07-30 23:00:00",NA,NA,NA,NA,52.466,0.040547624,361.2305,15.9728333333333,12.4433333333333,49.31,60,"thermal_cutoff",TRUE
"MOD-00556","2026-07-31 00:00:00",3.78444444444444,1.97079468518519,7.17851851851852,3.24222222222222,49.272,0.037788008,457.237166666667,11.6973333333333,13.7516666666667,47.0966666666667,60,"ok",TRUE
"MOD-00556","2026-07-31 01:00:00",3.96983333333333,2.49005543333333,7.1235,3.28566666666667,46.213,0.035145032,561.2605,18.5406666666667,16.0533333333333,43.9166666666667,60,"ok",TRUE
"MOD-00556","2026-07-31 02:00:00",4.00366666666667,2.64409193333333,9.02733333333333,3.36433333333333,43.032,0.032396648,562.900833333333,21.0403333333333,18.3483333333333,40.4566666666667,60,"ok",TRUE
"MOD-00556","2026-07-31 03:00:00",4.171,2.98564681666667,9.69883333333333,3.44716666666667,41.3466666666667,0.03094052,541.467833333333,13.6078333333333,20.1416666666667,38.4933333333333,60,"ok",TRUE
"MOD-00556","2026-07-31 04:00:00",4.69783333333333,3.60262781666666,22.0223333333333,3.73616666666667,39.9878333333333,0.029766488,541.581333333333,11.1391666666667,21.6316666666667,37.2366666666667,60,"ok",TRUE
"MOD-00556","2026-07-31 05:00:00",4.19333333333333,3.10370908333333,11.1191666666667,3.47583333333333,37.7265,0.027812696,552.545833333333,9.77283333333333,22.5716666666667,36.3,60,"ok",TRUE
"MOD-00556","2026-07-31 06:00:00",4.01483333333333,3.04160308333333,9.71766666666667,3.302,37.022,0.027204008,421.146833333333,7.707,20.6366666666667,35.77,60,"ok",TRUE
"MOD-00556","2026-07-31 07:00:00",6.21766666666667,6.39336271666667,42.4598333333333,3.89483333333333,49.0528333333333,0.037598648,561.555,38.358,33.0083333333333,34.145,60,"ok",TRUE
"MOD-00556","2026-07-31 08:00:00",3.124,2.16799375,7.1905,2.69633333333333,46.2936666666667,0.035214728,564.599833333333,16.8823333333333,37.8083333333333,32.155,60,"ok",TRUE
"MOD-00556","2026-07-31 09:00:00",3.14383333333333,2.2189869,6.03983333333333,2.72716666666667,44.5531666666667,0.033710936,526.5335,8.82533333333333,41.155,31.18,60,"ok",TRUE
"MOD-00556","2026-07-31 10:00:00",3.35666666666667,2.46284188333333,7.50083333333333,2.861,42.335,0.03179444,491.546,5.9805,41.7966666666667,31.0216666666667,60,"ok",TRUE
"MOD-00556","2026-07-31 11:00:00",3.92016666666667,3.09303016666667,10.2391666666667,3.25016666666667,34.8651666666667,0.025340504,469.973666666667,5.6455,42.2633333333333,30.4716666666667,60,"ok",TRUE
"MOD-00556","2026-07-31 12:00:00",3.94966666666667,3.0649811,10.9243333333333,3.343,33.3891666666667,0.02406524,520.067833333333,5.746,44.8883333333333,29.4683333333333,60,"ok",TRUE
"MOD-00556","2026-07-31 13:00:00",3.24416666666667,2.42407813333333,9.86983333333333,2.718,41.594,0.031154216,462.702166666667,5.71383333333333,42.4116666666667,30.5666666666667,60,"ok",TRUE
"MOD-00556","2026-07-31 14:00:00",3.444,2.47550216666667,10.098,2.78383333333333,41.9653333333333,0.031475048,411.469,6.47383333333333,32.5516666666667,35.7266666666667,60,"ok",TRUE
"MOD-00556","2026-07-31 15:00:00",4.13616666666667,2.82341768333333,14.3583333333333,3.314,43.2881666666667,0.032617976,249.1505,6.74833333333333,24.3033333333333,41.2166666666667,60,"ok",TRUE
"MOD-00556","2026-07-31 16:00:00",4.4105,2.79451486666667,9.75083333333333,3.66783333333333,45.8751666666667,0.034853144,89.9456666666667,5.15466666666666,18.3816666666667,44.3783333333333,60,"ok",TRUE
"MOD-00556","2026-07-31 17:00:00",4.99627118644068,3.66461452542373,22.1977966101695,3.77,47.0694915254237,0.0358850406779661,115.998474576271,6.05474576271187,15.0440677966102,45.5237288135593,59,"ok",TRUE
"MOD-00556","2026-07-31 18:00:00",4.97183333333333,3.6057429,17.2168333333333,3.802,47.9361666666667,0.036633848,249.276,8.19466666666667,14.7833333333333,45.91,60,"ok",TRUE
"MOD-00556","2026-07-31 19:00:00",4.65416666666667,3.15802743333333,18.2165,3.65066666666667,47.0081666666667,0.035832056,329.534833333333,12.2846666666667,14.8133333333333,45.725,60,"ok",TRUE
"MOD-00556","2026-07-31 20:00:00",4.25,2.69317093220339,10.4959322033898,3.40728813559322,48.0910169491525,0.0367676386440678,281.550677966102,11.9757627118644,13.7203389830508,46.6915254237288,59,"ok",TRUE
"MOD-00556","2026-07-31 21:00:00",4.4435,2.69607996666667,13.7391666666667,3.59616666666667,51.7598333333333,0.039937496,290.019666666667,12.4973333333333,12.8933333333333,48.26,60,"ok",TRUE
"MOD-00556","2026-07-31 22:00:00",4.57714285714286,3.06311807142857,14.405,3.49892857142857,53.441,0.041390024,305.496166666667,14.0376666666667,12.37,48.825,60,"ok",TRUE
"MOD-00556","2026-07-31 23:00:00",NA,NA,NA,NA,53.7596666666667,0.041665352,403.943,14.475,13.0833333333333,47.7916666666667,60,"thermal_cutoff",TRUE
"MOD-00556","2026-08-01 00:00:00",5.18155172413793,3.99841406896552,17.3543103448276,3.80844827586207,54.3068333333333,0.042138104,449.232333333333,13.3498333333333,13.3433333333333,46.52,60,"ok",TRUE
"MOD-00556","2026-08-01 01:00:00",5.3125,4.03278551666667,16.8526666666667,4.0975,51.7821666666667,0.039956792,497.7745,14.439,14.335,44.115,60,"ok",TRUE
"MOD-00556","2026-08-01 02:00:00",5.05508474576271,4.07197883050847,20.0708474576271,3.80525423728814,46.5722033898305,0.0354553837288136,553.899322033898,21.2683050847458,17.1881355932203,40.6813559322034,59,"ok",TRUE
"MOD-00556","2026-08-01 03:00:00",5.64816666666667,4.61742906666667,17.0261666666667,4.40383333333333,44.674,0.033815336,533.215,14.5858333333333,18.48,38.9616666666667,60,"ok",TRUE
"MOD-00556","2026-08-01 04:00:00",5.09716666666667,4.35643853333333,17.5965,3.8065,43.0073333333333,0.032375336,526.4505,11.1096666666667,19.9366666666667,37.83,60,"ok",TRUE
"MOD-00556","2026-08-01 05:00:00",5.20083333333333,4.6463487,17.3838333333333,3.81216666666667,40.4956666666667,0.030205256,529.909166666667,9.63666666666667,21.59,36.425,60,"ok",TRUE
"MOD-00556","2026-08-01 06:00:00",4.78766666666667,4.31029605,16.2348333333333,3.44816666666667,41.8421666666667,0.031368632,448.050333333333,7.74166666666667,20.8866666666667,36.4483333333333,60,"ok",TRUE
"MOD-00556","2026-08-01 07:00:00",4.71366666666667,4.23380476666667,15.8873333333333,3.39016666666667,42.4561666666667,0.031899128,404.281333333333,7.36066666666666,20.4966666666667,36.605,60,"ok",TRUE
"MOD-00556","2026-08-01 08:00:00",4.45183333333333,3.86461683333333,13.9998333333333,3.2955,40.5496666666667,0.030251912,400.0635,7.70883333333333,20.975,36.2683333333333,60,"ok",TRUE
"MOD-00556","2026-08-01 09:00:00",4.70916666666667,4.32966118333333,13.381,3.4325,35.3501666666667,0.025759544,465.780833333333,9.06083333333333,23.93,34.215,60,"ok",TRUE
"MOD-00556","2026-08-01 10:00:00",5.37883333333333,4.72321223333334,17.2735,4.1865,33.6746666666667,0.024311912,515.525666666667,8.78266666666667,27.6683333333333,32.4166666666667,60,"ok",TRUE
"MOD-00556","2026-08-01 11:00:00",6.7355,5.920967,21.0625,5.36883333333334,20.5183333333333,0.01294484,581.710833333334,8.7235,31.725,30.99,60,"ok",TRUE
"MOD-00556","2026-08-01 12:00:00",5.53766666666667,4.99710776666667,19.4373333333333,4.245,27.006,0.018550184,551.068833333333,6.372,34.4366666666667,30.83,60,"ok",TRUE
"MOD-00556","2026-08-01 13:00:00",5.61383333333333,4.96960316666667,22.3281666666667,4.345,26.8258333333333,0.01839452,562.409333333333,5.87233333333333,36.05,30.8333333333333,60,"ok",TRUE
"MOD-00556","2026-08-01 14:00:00",5.23266666666667,4.29364335,16.7465,4.18,37.3956666666667,0.027526856,463.904166666667,6.74783333333333,31.3316666666667,34.1016666666667,60,"ok",TRUE
"MOD-00556","2026-08-01 15:00:00",4.93233333333333,3.74746743333333,12.2523333333333,3.99383333333333,41.185,0.03080084,340.972833333333,6.44883333333333,25.9716666666667,38.2333333333333,60,"ok",TRUE
"MOD-00556","2026-08-01 16:00:00",4.40483333333333,2.81128391666667,8.33,3.769,47.0026666666666,0.035827304,254.5865,6.18483333333333,21.85,41.735,60,"ok",TRUE
"MOD-00556","2026-08-01 17:00:00",3.84450980392157,2.01550893137255,8.20549019607843,3.27372549019608,53.1755,0.041160632,81.9493333333333,5.94116666666666,16.305,47.1433333333333,60,"ok",TRUE
"MOD-00556","2026-08-01 18:00:00",NA,NA,NA,NA,58.1338333333333,0.045444632,97.9568333333333,7.052,14.28,48.7616666666667,60,"thermal_cutoff",TRUE
"MOD-00556","2026-08-01 19:00:00",NA,NA,NA,NA,61.8396666666667,0.048646472,101.650666666667,7.91816666666666,12.19,50.41,60,"thermal_cutoff",TRUE
"MOD-00556","2026-08-01 20:00:00",NA,NA,NA,NA,60.5653333333333,0.047545448,228.731833333333,13.1621666666667,11.8566666666667,49.825,60,"thermal_cutoff",TRUE
"MOD-00556","2026-08-01 21:00:00",NA,NA,NA,NA,60.2485,0.047271704,279.152833333333,13.0303333333333,11.2066666666667,50.69,60,"thermal_cutoff",TRUE
"MOD-00556","2026-08-01 22:00:00",NA,NA,NA,NA,57.9843333333333,0.045315464,295.325666666667,13.9095,10.7933333333333,50.99,60,"thermal_cutoff",TRUE
"MOD-00556","2026-08-01 23:00:00",NA,NA,NA,NA,53.6205,0.041545112,427.519166666667,15.9238333333333,11.645,49.21,60,"thermal_cutoff",TRUE
"MOD-00556","2026-08-02 00:00:00",4.06225806451613,2.32012432795699,11.7022580645161,3.38032258064516,51.9295,0.040084088,447.146833333333,16.2365,12.005,47.0216666666667,60,"ok",TRUE
"MOD-00556","2026-08-02 01:00:00",4.30666666666667,2.78288695,9.8695,3.5525,48.7005,0.037294232,492.534166666667,14.563,13.21,44.3166666666667,60,"ok",TRUE
"MOD-00556","2026-08-02 02:00:00",4.25338983050847,3.00542533898305,11.024406779661,3.45627118644068,46.5647457627118,0.035448940338983,561.793559322034,20.0998305084746,16.028813559322,40.7966101694915,59,"ok",TRUE
"MOD-00556","2026-08-02 03:00:00",4.8485,3.55973736666666,10.0945,4.03433333333333,42.544,0.031975016,567.695,16.2335,16.9816666666667,39.0916666666667,60,"ok",TRUE
"MOD-00556","2026-08-02 04:00:00",5.6475,4.4997247,25.6578333333333,4.49833333333333,37.9306666666667,0.027989096,644.8795,15.2085,19.83,37.0816666666667,60,"ok",TRUE
"MOD-00556","2026-08-02 05:00:00",5.609,4.65622028333333,16.6018333333333,4.4435,37.8675,0.02793452,622.509666666667,12.0411666666667,21.78,36.06,60,"ok",TRUE
"MOD-00556","2026-08-02 06:00:00",5.27133333333333,4.27468311666666,17.1358333333333,4.24116666666667,37.964,0.028017896,651.537166666667,11.8411666666667,27.6566666666667,34.6966666666667,60,"ok",TRUE
"MOD-00556","2026-08-02 07:00:00",5.00416666666667,3.96719743333334,14.7701666666667,4.12916666666666,36.3085,0.026587544,614.586166666667,8.42016666666667,29.9616666666667,33.4983333333333,60,"ok",TRUE
"MOD-00556","2026-08-02 08:00:00",4.5645,3.88694635,16.9636666666667,3.51083333333333,37.4773333333333,0.027597416,552.939833333333,6.91333333333333,31.3683333333333,33.2383333333334,60,"ok",TRUE
"MOD-00556","2026-08-02 09:00:00",11.2575,16.4108535333333,56.6375,4.0915,39.9086666666667,0.029698088,430.404666666667,5.97183333333333,28.3833333333333,33.8133333333333,60,"ok",TRUE
"MOD-00556","2026-08-02 10:00:00",8.79083333333333,11.6532109166667,35.4556666666667,4.06533333333333,40.4851666666667,0.030196184,431.4705,6.5635,30.8383333333333,32.8883333333333,60,"ok",TRUE
"MOD-00556","2026-08-02 11:00:00",5.72483333333333,6.8178876,20.7731666666667,3.13633333333333,40.7615,0.030434936,440.481833333333,6.34166666666667,32.2983333333333,32.0866666666667,60,"ok",TRUE
"MOD-00556","2026-08-02 12:00:00",5.475,5.38021898333333,19.8858333333333,3.8005,40.0781666666667,0.029844536,437.779333333333,6.21016666666667,33.5516666666667,32.285,60,"ok",TRUE
"MOD-00556","2026-08-02 13:00:00",4.67716666666667,4.7760044,17.4661666666667,3.0295,38.3768333333333,0.028374584,451.723833333333,5.92583333333333,33.2816666666667,32.955,60,"ok",TRUE
"MOD-00556","2026-08-02 14:00:00",4.7365,4.01800626666666,12.1761666666667,3.56283333333333,41.7018333333333,0.031247384,367.5815,5.9095,29.135,36.615,60,"ok",TRUE
"MOD-00556","2026-08-02 15:00:00",4.80966666666667,3.58293406666667,11.7443333333333,3.92983333333333,44.1018333333333,0.033320984,361.660833333333,6.205,28.3866666666667,38.02,60,"ok",TRUE
"MOD-00556","2026-08-02 16:00:00",5.363,4.11841086666667,14.001,4.3175,45.4243333333333,0.034463624,362.5735,6.8955,28.42,38.7316666666667,60,"ok",TRUE
"MOD-00556","2026-08-02 17:00:00",5.62316666666667,3.9977328,12.9938333333333,4.5815,48.9825,0.03753788,249.425666666667,6.01633333333333,22.2266666666667,44.0433333333333,60,"ok",TRUE
"MOD-00556","2026-08-02 18:00:00",5.104,3.09550115,8.67183333333333,4.37166666666667,51.6678333333333,0.039858008,109.038166666667,5.99016666666667,18.525,47.0116666666667,60,"ok",TRUE
"MOD-00556","2026-08-02 19:00:00",4.64266666666667,2.5925865,7.84633333333333,4.0275,51.2413333333333,0.039489512,174.706,5.61183333333333,17.0166666666667,47.6733333333334,60,"ok",TRUE
"MOD-00556","2026-08-02 20:00:00",4.68,2.59545791525424,12.1567796610169,4.0171186440678,51.721186440678,0.0399041050847457,221.625423728814,7.1728813559322,16.0949152542373,48.3338983050847,59,"ok",TRUE
"MOD-00556","2026-08-02 21:00:00",3.997,2.00596953333334,6.97933333333333,3.48066666666667,50.9201666666667,0.039212024,229.988333333333,7.64933333333333,14.2183333333333,48.215,60,"ok",TRUE
"MOD-00556","2026-08-02 22:00:00",4.0295,1.97632048333334,6.568,3.53233333333333,52.5555,0.040624952,253.876333333333,10.2225,13.255,48.7883333333333,60,"ok",TRUE
"MOD-00556","2026-08-02 23:00:00",4.01745762711864,2.04126269491525,7.43186440677966,3.48898305084746,52.1908474576271,0.0403098922033898,299.542033898305,12.5315254237288,12.828813559322,48.235593220339,59,"ok",TRUE
"MOD-00556","2026-08-03 00:00:00",4.18516666666667,2.2556895,6.57583333333333,3.65766666666667,50.8431666666667,0.039145496,374.5545,14.9878333333333,13.185,46.8683333333333,60,"ok",TRUE
"MOD-00556","2026-08-03 01:00:00",4.265,2.54620828333333,6.95483333333333,3.66683333333333,48.9613333333333,0.037519592,468.892666666667,14.9275,14.5416666666667,44.585,60,"ok",TRUE
"MOD-00556","2026-08-03 02:00:00",4.8175,3.19722158333334,11.4843333333333,4.1455,45.8655,0.034844792,562.908833333333,19.6485,17.1716666666667,40.995,60,"ok",TRUE
"MOD-00556","2026-08-03 03:00:00",4.96833333333333,3.45300035,9.44316666666667,4.284,44.2078333333333,0.033412568,570.799833333334,15.0855,18.8466666666667,39.1616666666667,60,"ok",TRUE
"MOD-00556","2026-08-03 04:00:00",5.31283333333333,3.84503091666667,11.11,4.53783333333333,44.0743333333333,0.033297224,533.177333333333,11.1131666666667,20.0733333333333,38.29,60,"ok",TRUE
"MOD-00556","2026-08-03 05:00:00",5.4395,4.07270018333333,12.8376666666667,4.57366666666667,41.4138333333333,0.030998552,502.540166666667,9.785,21.0216666666667,37.6416666666667,60,"ok",TRUE
"MOD-00556","2026-08-03 06:00:00",6.10433333333333,4.89740508333333,15.8421666666667,4.99,37.6945,0.027785048,502.525333333333,9.10466666666667,22.5116666666667,36.585,60,"ok",TRUE
"MOD-00556","2026-08-03 07:00:00",6.0035,5.09876358333333,14.441,4.77816666666667,36.3446666666667,0.026618792,524.674333333333,9.835,25.5816666666667,34.6933333333333,60,"ok",TRUE
"MOD-00556","2026-08-03 08:00:00",5.7805,4.982497,17.9315,4.51083333333333,36.592,0.026832488,525.174333333333,8.7915,27.6883333333333,34.155,60,"ok",TRUE
"MOD-00556","2026-08-03 09:00:00",5.44366666666666,4.79216718333333,15.3878333333333,4.16916666666667,35.6255,0.025997432,510.170166666667,7.51666666666667,29.5083333333333,33.8416666666667,60,"ok",TRUE
"MOD-00556","2026-08-03 10:00:00",5.141,4.14878503333333,14.577,4.17266666666667,36.964,0.027153896,509.597166666667,7.313,32.615,33.8233333333333,60,"ok",TRUE
"MOD-00556","2026-08-03 11:00:00",5.0325,3.941709,11.6855,4.209,36.9516666666667,0.02714324,496.247166666667,6.384,34.7583333333333,33.09,60,"ok",TRUE
"MOD-00556","2026-08-03 12:00:00",5.56233333333333,4.61672695,15.8468333333333,4.52683333333334,31.8686666666667,0.022751528,516.714,5.73266666666667,37.4916666666667,31.77,60,"ok",TRUE
"MOD-00556","2026-08-03 13:00:00",5.884,5.28994545,20.5891666666667,4.43883333333333,33.6136666666667,0.024259208,522.735333333333,5.644,36.85,32.6533333333334,60,"ok",TRUE
"MOD-00556","2026-08-03 14:00:00",6.535,5.85704706666667,30.3826666666667,4.801,34.7465,0.025237976,489.074833333333,6.035,32.9483333333333,35.545,60,"ok",TRUE
"MOD-00556","2026-08-03 15:00:00",5.97933333333333,4.54128348333333,15.0308333333333,4.78566666666667,38.8586666666667,0.028790888,230.5545,6.21216666666667,22.92,42.2883333333333,60,"ok",TRUE
"MOD-00556","2026-08-03 16:00:00",5.01762711864407,3.6376387118644,12.104406779661,4.07203389830508,42.8679661016949,0.0322549227118644,209.356101694915,6.89067796610169,23,41.2677966101695,59,"ok",TRUE
"MOD-00556","2026-08-03 17:00:00",5.11233333333333,3.6920301,11.4173333333333,4.1405,47.3458333333333,0.0361238,328.116,7.66716666666667,22.04,42.205,60,"ok",TRUE
"MOD-00556","2026-08-03 18:00:00",4.788,3.07047171666667,9.30083333333333,3.93316666666667,51.2233333333333,0.03947396,119.949833333333,5.888,17.075,46.6833333333333,60,"ok",TRUE
"MOD-00556","2026-08-03 19:00:00",4.795,2.88575519607843,11.7105882352941,3.99852941176471,51.8928333333333,0.040052408,101.819666666667,6.29766666666667,14.9383333333333,48.1416666666667,60,"ok",TRUE
"MOD-00556","2026-08-03 20:00:00",4.9198,2.9520264,10.9498,4.1982,48.471,0.037095944,245.793333333333,11.22,14.28,47.135,60,"ok",TRUE
"MOD-00556","2026-08-03 21:00:00",4.87571428571429,2.85128261985472,9.92142857142857,4.12952380952381,51.2528813559322,0.0394994894915254,220.791694915254,11.054406779661,12.9508474576271,49.0169491525424,59,"ok",TRUE
"MOD-00556","2026-08-03 22:00:00",NA,NA,NA,NA,50.9945,0.039276248,270.567833333333,12.3855,12.3683333333333,48.8733333333334,60,"thermal_cutoff",TRUE
"MOD-00556","2026-08-03 23:00:00",5.18421052631579,3.41174751754386,10.4714035087719,4.40666666666667,46.1388333333333,0.035080952,478.0625,17.9046666666667,14.7716666666667,44.1966666666667,60,"ok",TRUE
"MOD-00556","2026-08-04 00:00:00",5.395,3.50007331666667,12.2518333333333,4.68016666666667,47.417,0.036185288,471.549,17.0761666666667,15.0916666666667,43.4283333333333,60,"ok",TRUE
"MOD-00556","2026-08-04 01:00:00",5.50666666666667,3.77644033333333,10.851,4.7405,45.6041666666667,0.034619,483.453,18.1228333333333,16.4816666666667,41.6,60,"ok",TRUE
"MOD-00556","2026-08-04 02:00:00",24.3843333333333,33.3225362962963,84.2501851851852,11.1051666666667,46.2045,0.035137688,641.894,43.158,29.0233333333333,37.1983333333333,60,"ok",TRUE
"MOD-00556","2026-08-04 03:00:00",5.0505,4.08935923333333,9.41616666666667,4.277,43.2086666666667,0.032549288,790.287666666667,64.7686666666667,50.6333333333333,28.5616666666667,60,"ok",TRUE
"MOD-00556","2026-08-04 04:00:00",4.4395,3.22612695,7.46933333333333,4.0065,38.6515,0.028611896,683.622166666667,18.539,49.8216666666667,28.6066666666666,60,"ok",TRUE
"MOD-00556","2026-08-04 05:00:00",3.76783333333333,2.77821006666667,6.94216666666667,3.32483333333333,38.7426666666667,0.028690664,542.630666666667,7.726,51.0216666666666,28.4933333333333,60,"ok",TRUE
"MOD-00556","2026-08-04 06:00:00",3.12483333333333,2.26877533333334,5.84583333333333,2.76983333333333,37.3095,0.027452408,494.9005,5.98633333333333,53.4616666666667,27.5483333333333,60,"ok",TRUE
"MOD-00556","2026-08-04 07:00:00",1.87333333333333,1.26524441666667,3.69083333333333,1.64416666666667,39.5948333333333,0.029426936,409.972666666667,4.60066666666667,50.1166666666667,27.7866666666667,60,"ok",TRUE
"MOD-00556","2026-08-04 08:00:00",1.89533333333333,1.31160353333333,3.01466666666667,1.67333333333333,39.8458333333333,0.0296438,385.336666666667,4.42733333333333,51.2733333333333,27.16,60,"ok",TRUE
"MOD-00556","2026-08-04 09:00:00",2.29583333333333,1.58605421666667,4.61166666666667,2.06683333333333,38.3505,0.028351832,371.255166666667,4.44433333333333,50.1983333333334,27.1983333333333,60,"ok",TRUE
"MOD-00556","2026-08-04 10:00:00",2.4255,1.62414023333333,4.4485,2.224,37.5206666666667,0.027634856,365.234333333333,4.4765,51.69,27.2583333333333,60,"ok",TRUE
"MOD-00556","2026-08-04 11:00:00",2.47183333333333,1.76033708333333,5.4,2.18933333333333,33.4408333333333,0.02410988,377.442166666667,4.58283333333334,52.6066666666667,27.0816666666667,60,"ok",TRUE
"MOD-00556","2026-08-04 12:00:00",3.39933333333333,2.41069183333333,6.809,3.09633333333333,25.536,0.017280104,421.066,5.29783333333333,56.2,26.7116666666667,60,"ok",TRUE
"MOD-00556","2026-08-04 13:00:00",3.64983333333333,2.69226058333333,11.034,3.20516666666667,25.8398333333333,0.017542616,429.7955,4.8725,55.2583333333333,27.3566666666667,60,"ok",TRUE
"MOD-00556","2026-08-04 14:00:00",3.0785,2.06278431666666,8.28233333333333,2.68516666666667,35.8718333333333,0.026210264,363.987833333333,6.06016666666667,41.38,31.9283333333333,60,"ok",TRUE
"MOD-00556","2026-08-04 15:00:00",2.81333333333333,1.6125116,5.91366666666667,2.47883333333333,39.413,0.029269832,235.378666666667,5.50283333333333,31.9516666666667,36.2366666666667,60,"ok",TRUE
"MOD-00556","2026-08-04 16:00:00",2.6845,1.24212315,5.43933333333333,2.39383333333333,44.2885,0.033482264,88.8378333333334,4.63516666666666,23.3233333333333,40.6366666666667,60,"ok",TRUE
"MOD-00556","2026-08-04 17:00:00",3.12779661016949,1.56638410169492,6.24,2.68491525423729,48.7840677966102,0.0373664345762712,64.3549152542373,6.12,20.0406779661017,43.7322033898305,59,"ok",TRUE
"MOD-00556","2026-08-04 18:00:00",4.47816666666667,3.69835455,14.7926666666667,3.0405,51.093,0.039361352,155.636,6.7055,19.0716666666667,44.81,60,"ok",TRUE
"MOD-00556","2026-08-04 19:00:00",5.892,6.44629471666667,29.6158333333333,3.05633333333333,47.9521666666667,0.036647672,196.253833333333,8.24066666666667,17.9566666666667,44.5033333333333,60,"ok",TRUE
"MOD-00556","2026-08-04 20:00:00",6.0275,6.55787431666667,26.1833333333333,3.2155,47.9185,0.036618584,290.371166666667,13.559,17.8233333333333,44.3833333333333,60,"ok",TRUE
"MOD-00556","2026-08-04 21:00:00",5.7693220338983,5.79875688135593,21.8862711864407,3.35389830508475,48.7006779661017,0.0372943857627119,265.323898305085,11.8923728813559,16.0796610169491,45.9016949152542,59,"ok",TRUE
"MOD-00556","2026-08-04 22:00:00",6.945,7.66239003333333,29.8453333333333,3.67833333333333,48.697,0.037291208,313.302666666667,16.4161666666667,16.1266666666667,46.23,60,"ok",TRUE
"MOD-00556","2026-08-04 23:00:00",6.39266666666667,7.05405528333333,26.2225,3.3625,48.3063333333333,0.036953672,404.842666666667,19.3985,17.565,45.235,60,"ok",TRUE
"MOD-00556","2026-08-05 00:00:00",4.45474576271187,4.0971810338983,16.1671186440678,2.75898305084746,46.2983050847458,0.0352187355932203,496.706440677966,22.0689830508475,19.8016949152542,43.564406779661,59,"ok",TRUE
"MOD-00556","2026-08-05 01:00:00",4.44533333333333,3.9916414,16.4983333333333,2.9075,45.6403333333333,0.034650248,508.091666666667,19.4401666666667,21.4383333333333,41.57,60,"ok",TRUE
"MOD-00556","2026-08-05 02:00:00",3.63666666666667,2.75706335,11.1391666666667,2.772,45.7208333333333,0.0347198,539.942833333333,20.4896666666667,25.2883333333333,38.375,60,"ok",TRUE
"MOD-00556","2026-08-05 03:00:00",3.35416666666667,2.24453571666667,7.57466666666667,2.82083333333333,46.4933333333333,0.03538724,532.721833333333,13.7516666666667,28.2366666666667,36.6166666666667,60,"ok",TRUE
"MOD-00556","2026-08-05 04:00:00",3.82133333333333,2.74721575,17.4231666666667,3.1175,44.7265,0.033860696,524.628,12.2278333333333,30.845,35.3766666666667,60,"ok",TRUE
"MOD-00556","2026-08-05 05:00:00",4.1695,2.96133123333333,8.60183333333333,3.5755,44.2558333333333,0.03345404,505.387166666666,10.7558333333333,32.7466666666667,34.88,60,"ok",TRUE
"MOD-00556","2026-08-05 06:00:00",4.64866666666667,3.36810628333334,10.5525,3.98516666666667,43.0076666666667,0.032375624,513.2585,10.6043333333333,36.7616666666667,34.36,60,"ok",TRUE
"MOD-00556","2026-08-05 07:00:00",6.6825,6.39825455,18.388,4.77916666666667,38.838,0.028773032,491.826166666667,8.43333333333333,40.65,33.665,60,"ok",TRUE
"MOD-00556","2026-08-05 08:00:00",6.49216666666667,6.07901516666667,17.4855,4.75533333333334,37.4355,0.027561272,462.019166666667,5.89483333333333,42.495,32.9983333333333,60,"ok",TRUE
"MOD-00556","2026-08-05 09:00:00",7.43616666666667,7.4852424,18.9005,5.15066666666667,34.3191666666667,0.02486876,451.752,5.9575,45.6316666666667,32.3666666666667,60,"ok",TRUE
"MOD-00556","2026-08-05 10:00:00",7.553,7.47157411666667,18.3051666666667,5.355,34.8243333333333,0.025305224,435.722166666667,5.40816666666667,47.7883333333333,31.84,60,"ok",TRUE
"MOD-00556","2026-08-05 11:00:00",6.75233333333333,6.23157081666666,14.4968333333333,5.10666666666667,36.0181666666667,0.026336696,410.450166666667,5.25416666666667,48.285,31.3916666666666,60,"ok",TRUE
"MOD-00556","2026-08-05 12:00:00",6.24,5.4017164,12.0553333333333,4.984,36.4323333333333,0.026694536,388.842166666667,5.4865,47.0866666666667,31.0916666666667,60,"ok",TRUE
"MOD-00556","2026-08-05 13:00:00",7.25016666666667,6.1689138,20.9411666666667,5.8705,30.9128333333333,0.021925688,438.91,5.19283333333333,48.2616666666667,30.905,60,"ok",TRUE
"MOD-00556","2026-08-05 14:00:00",7.23,6.05332955,17.0381666666667,5.85466666666666,36.04,0.02635556,417.050333333334,5.838,43.4366666666666,33.5933333333333,60,"ok",TRUE
"MOD-00556","2026-08-05 15:00:00",6.86866666666667,5.67769163333334,14.5276666666667,5.4035,38.408,0.028401512,252.962,7.10516666666667,33.1066666666667,38.9583333333333,60,"ok",TRUE
"MOD-00556","2026-08-05 16:00:00",6.589,5.34033475,11.9088333333333,5.18383333333333,41.8323333333334,0.031360136,202.886333333333,6.2815,30.2183333333333,40.6766666666667,60,"ok",TRUE
"MOD-00556","2026-08-05 17:00:00",6.46066666666667,4.84325723333334,14.364,5.27483333333333,43.9963333333333,0.033229832,213.420833333333,6.062,27.4483333333333,42.175,60,"ok",TRUE
"MOD-00556","2026-08-05 18:00:00",6.46966666666666,4.70474511666666,11.9358333333333,5.35283333333333,44.7848333333333,0.033911096,214.678333333333,6.0315,25.6983333333333,43.56,60,"ok",TRUE
"MOD-00556","2026-08-05 19:00:00",6.25457627118644,4.54025635593221,11.2442372881356,5.13898305084745,44.6315254237288,0.0337786379661017,237.292881355932,6.45271186440678,24.171186440678,44.0677966101695,59,"ok",TRUE
"MOD-00556","2026-08-05 20:00:00",5.74866666666667,4.09709061666666,10.4005,4.69666666666667,44.5871666666667,0.033740312,263.898833333333,7.16816666666667,23.0583333333333,44.4283333333333,60,"ok",TRUE
"MOD-00556","2026-08-05 21:00:00",5.69216666666667,4.12179746666667,11.4008333333333,4.5215,45.7905,0.034779992,267.9355,7.2635,21.14,45.945,60,"ok",TRUE
"MOD-00556","2026-08-05 22:00:00",5.63847457627119,4.16850710169491,10.1983050847458,4.38135593220339,46.6650847457627,0.035535633220339,257.351694915254,8.07050847457627,19.5627118644068,46.8576271186441,59,"ok",TRUE
"MOD-00556","2026-08-05 23:00:00",5.844,4.46627891666666,17.4155,4.4705,46.049,0.035003336,356.101,12.9898333333333,20.7083333333333,45.5066666666667,60,"ok",TRUE
"MOD-00556","2026-08-06 00:00:00",6.11283333333333,4.96229831666667,19.9676666666667,4.58966666666667,45.4683333333333,0.03450164,432.661333333333,13.6548333333333,22.455,43.2933333333333,60,"ok",TRUE
"MOD-00556","2026-08-06 01:00:00",6.55766666666667,5.97630676666666,25.208,4.59116666666667,44.9026666666667,0.034012904,481.735166666667,14.7496666666667,25.1866666666667,40.5783333333334,60,"ok",TRUE
"MOD-00556","2026-08-06 02:00:00",6.21833333333333,5.88980255,18.4191666666667,4.32683333333333,42.1906666666667,0.031669736,514.143333333333,13.148,28.7533333333333,37.6166666666667,60,"ok",TRUE
"MOD-00556","2026-08-06 03:00:00",5.92366666666667,5.28442031666667,16.2515,4.382,41.1255,0.030749432,504.281166666667,10.2056666666667,30.7866666666667,36.5983333333333,60,"ok",TRUE
"MOD-00556","2026-08-06 04:00:00",5.84966666666667,5.27502606666667,15.9846666666667,4.30583333333333,39.588,0.029421032,473.048,7.98933333333333,31.7083333333333,35.9566666666667,60,"ok",TRUE
"MOD-00556","2026-08-06 05:00:00",13.84,17.9953104175141,116.489491525424,6.29733333333333,41.819,0.031348616,494.733333333333,26.1046666666667,43.195,32.1816666666667,60,"ok",TRUE
"MOD-00556","2026-08-06 06:00:00",5.931,5.54639026666667,10.657,4.59816666666667,39.54,0.02937956,546.143166666667,54.286,69.6933333333333,24.8566666666667,60,"ok",TRUE
"MOD-00556","2026-08-06 07:00:00",3.99333333333333,3.39800183333333,5.57066666666667,3.31616666666667,35.8463333333333,0.026188232,547.409333333333,33.7246666666667,79.0383333333333,23.25,60,"ok",TRUE
"MOD-00556","2026-08-06 08:00:00",2.926,2.40147121666667,5.11983333333333,2.41066666666667,33.8503333333333,0.024463688,487.685333333333,9.08666666666667,76.1416666666666,24.1933333333333,60,"ok",TRUE
"MOD-00556","2026-08-06 09:00:00",3.02783333333333,2.35793988333334,5.107,2.59233333333333,37.3126666666667,0.027455144,415.282666666667,5.26883333333333,70.615,24.9316666666667,60,"ok",TRUE
"MOD-00556","2026-08-06 10:00:00",3.28233333333333,2.38070118333333,5.64316666666667,2.9805,41.5345,0.031102808,349.262,4.23766666666667,62.4816666666667,25.38,60,"ok",TRUE
"MOD-00556","2026-08-06 11:00:00",3.81416666666667,2.71148038333334,5.09533333333333,3.54033333333333,37.4973333333333,0.027614696,366.391833333333,5.12166666666667,63.32,25.3716666666667,60,"ok",TRUE
"MOD-00556","2026-08-06 12:00:00",3.81483333333333,2.84047348333333,6.14433333333333,3.43916666666667,33.2963333333333,0.023985032,414.533833333333,5.12216666666667,63.5266666666667,25.3233333333333,60,"ok",TRUE
"MOD-00556","2026-08-06 13:00:00",4.19333333333333,3.17201206666667,9.346,3.711,32.0826666666667,0.022936424,422.255333333333,5.0055,59.4533333333333,26.39,60,"ok",TRUE
"MOD-00556","2026-08-06 14:00:00",4.36633333333333,3.10551058333333,7.9975,3.96133333333333,37.6171666666667,0.027718232,419.6935,4.817,53.5633333333333,28.5316666666667,60,"ok",TRUE
"MOD-00556","2026-08-06 15:00:00",3.9335,2.48054475,6.40566666666667,3.6055,43.2,0.0325418,318.647833333333,5.39283333333333,39.4933333333333,33.7583333333333,60,"ok",TRUE
"MOD-00556","2026-08-06 16:00:00",4.69116666666667,2.86573153333333,7.73383333333333,4.26333333333333,45.2205,0.034287512,188.370333333333,5.5665,28.1033333333333,39.0016666666667,60,"ok",TRUE
"MOD-00556","2026-08-06 17:00:00",4.60576271186441,2.48268852542373,6.40118644067797,4.27983050847457,49.4908474576271,0.0379770922033898,126.275084745763,6.40457627118644,23.1677966101695,42.564406779661,59,"ok",TRUE
"MOD-00556","2026-08-06 18:00:00",4.11383333333333,2.12630091666667,5.38266666666667,3.81433333333334,52.9685,0.040981784,181.326666666667,7.72066666666667,22.6683333333333,42.4933333333334,60,"ok",TRUE
"MOD-00556","2026-08-06 19:00:00",3.941,2.01197383333334,6.31466666666667,3.65416666666667,52.6711666666667,0.040724888,292.455666666667,12.1185,24.3966666666667,41.7816666666667,60,"ok",TRUE
"MOD-00556","2026-08-06 20:00:00",3.67779661016949,1.90038608474576,5.40033898305085,3.32423728813559,53.6594915254237,0.0415788006779661,311.946440677966,9.94728813559322,22.4949152542373,42.4745762711864,59,"ok",TRUE
"MOD-00556","2026-08-06 21:00:00",3.427,1.61348215,5.11416666666667,3.07333333333333,54.8965,0.042647576,261.265166666667,10.5963333333333,18.835,44.6433333333333,60,"ok",TRUE
"MOD-00556","2026-08-06 22:00:00",3.0745,1.31535256666667,5.90283333333333,2.70683333333333,54.5858333333334,0.04237916,278.150333333333,14.8598333333333,18.0566666666667,45.6783333333334,60,"ok",TRUE
"MOD-00556","2026-08-06 23:00:00",3.78816666666667,2.46125033333333,12.0771666666667,2.90883333333333,50.4375,0.038795,338.946666666667,18.6268333333333,18.2716666666667,45.2983333333333,60,"ok",TRUE
"MOD-00556","2026-08-07 00:00:00",5.55322033898305,5.33880459322034,25.9554237288136,3.42406779661017,47.6020338983051,0.0363451572881356,422.838305084746,23.6801694915254,20.5983050847458,43.4254237288136,59,"ok",TRUE
"MOD-00556","2026-08-07 01:00:00",4.7765,4.67794885,17.8163333333333,2.9225,46.1521666666667,0.035092472,490.876333333333,32.7275,24.17,40.6566666666667,60,"ok",TRUE
"MOD-00556","2026-08-07 02:00:00",3.75866666666667,2.50882191666667,8.13116666666667,3.21633333333333,44.6793333333333,0.033819944,567.529833333333,41.5278333333333,30.7366666666667,36.6416666666667,60,"ok",TRUE
"MOD-00556","2026-08-07 03:00:00",3.66566666666667,2.45278168333333,6.41316666666667,3.20883333333333,44.599,0.033750536,531.511166666667,18.2125,33.6433333333333,34.7333333333333,60,"ok",TRUE
"MOD-00556","2026-08-07 04:00:00",4.29383333333334,3.29562535,16.5746666666667,3.48983333333333,42.4903333333333,0.031928648,493.069166666667,13.2456666666667,35.96,33.6716666666667,60,"ok",TRUE
"MOD-00556","2026-08-07 05:00:00",3.82783333333333,2.5479033,6.2885,3.45766666666667,42.8948333333334,0.032278136,462.6075,8.44566666666666,37.585,32.7783333333333,60,"ok",TRUE
"MOD-00556","2026-08-07 06:00:00",3.85283333333333,2.56099511666667,5.452,3.5245,39.98,0.02975972,447.23,6.25133333333333,38.66,32.01,60,"ok",TRUE
"MOD-00556","2026-08-07 07:00:00",3.79666666666667,2.60673138333333,6.23283333333333,3.4295,38.2643333333333,0.028277384,424.2135,5.625,38.975,31.3666666666667,60,"ok",TRUE
"MOD-00556","2026-08-07 08:00:00",3.27216666666667,2.33392471666667,7.58966666666667,2.873,36.5798333333333,0.026821976,413.580166666667,5.69483333333333,39.735,30.3366666666667,60,"ok",TRUE
"MOD-00556","2026-08-07 09:00:00",4.323,3.1685856,7.28166666666667,3.85166666666667,32.9208333333333,0.0236606,458.294666666667,7.18666666666667,45.4133333333333,29.6033333333333,60,"ok",TRUE
"MOD-00556","2026-08-07 10:00:00",5.20233333333333,3.72113125,8.7175,4.75816666666667,26.299,0.017939336,473.018833333333,7.87766666666667,50.7333333333333,29.0083333333333,60,"ok",TRUE
"MOD-00556","2026-08-07 11:00:00",5.70783333333333,4.0966662,10.4448333333333,5.22966666666667,25.2271666666667,0.017013272,467.570333333333,6.888,53.925,28.64,60,"ok",TRUE
"MOD-00556","2026-08-07 12:00:00",5.2925,3.85796848333333,10.8746666666667,4.7845,22.511,0.014666504,483.523833333333,5.8125,55.6433333333333,28.2316666666667,60,"ok",TRUE
"MOD-00556","2026-08-07 13:00:00",5.73916666666667,4.3445984,16.7751666666667,5.03433333333333,25.6046666666667,0.017339432,489.342666666667,5.2175,55.2633333333333,28.61,60,"ok",TRUE
"MOD-00556","2026-08-07 14:00:00",5.3755,4.19470073333333,20.5555,4.45916666666667,36.9038333333333,0.027101912,414.476666666667,6.1945,44.3866666666667,32.0283333333333,60,"ok",TRUE
"MOD-00556","2026-08-07 15:00:00",4.63583333333333,3.12726345,10.2236666666667,4.03,41.8413333333333,0.031367912,261.975166666667,6.31,32.32,37.2216666666667,60,"ok",TRUE
"MOD-00556","2026-08-07 16:00:00",4.37183333333333,2.68360858333333,10.174,3.74633333333333,46.5651666666667,0.035449304,126.433333333333,5.81766666666666,24.035,42.4916666666667,60,"ok",TRUE
"MOD-00556","2026-08-07 17:00:00",4.23416666666667,2.2920807,10.2478333333333,3.72,51.4055,0.039631352,90.6846666666667,5.82166666666667,20.3,45.0583333333333,60,"ok",TRUE
"MOD-00556","2026-08-07 18:00:00",4.62,2.70824111864407,8.76983050847458,4.00016949152542,53.253220338983,0.0412277823728813,174.565084745763,8.30728813559322,19.4559322033898,45.3627118644068,59,"ok",TRUE
"MOD-00556","2026-08-07 19:00:00",4.45083333333333,2.59387013333333,12.4301666666667,3.81316666666667,53.4868333333333,0.041429624,260.564666666667,13.415,19.3733333333333,45.045,60,"ok",TRUE
"MOD-00556","2026-08-07 20:00:00",4.302,2.48533358333333,11.0135,3.64416666666667,53.7411666666667,0.041649368,284.633333333333,14.2723333333333,18.295,45.9133333333333,60,"ok",TRUE
"MOD-00556","2026-08-07 21:00:00",4.3828813559322,2.76724703389831,13.1576271186441,3.47186440677966,53.5096610169491,0.041449347118644,284.467118644068,14.9593220338983,16.8745762711864,47.4983050847458,59,"ok",TRUE
"MOD-00556","2026-08-07 22:00:00",4.44,2.75880918333333,10.7005,3.56683333333333,51.5336666666667,0.039742088,331.210166666667,15.6845,16.5233333333333,47.9183333333333,60,"ok",TRUE
"MOD-00556","2026-08-07 23:00:00",4.6015,2.98825833333333,10.9565,3.641,52.0855,0.040218872,350.962333333333,14.0888333333333,16.3683333333333,47.9233333333333,60,"ok",TRUE
"MOD-00556","2026-08-08 00:00:00",4.829,3.60366578333334,12.7558333333333,3.71216666666667,48.67,0.03726788,503.995333333333,29.313,19.9183333333333,43.565,60,"ok",TRUE
"MOD-00556","2026-08-08 01:00:00",5.141,4.24321563333333,14.039,3.82983333333333,47.2506666666667,0.036041576,567.191166666667,27.8896666666667,22.7416666666667,40.6683333333333,60,"ok",TRUE
"MOD-00556","2026-08-08 02:00:00",5.10183333333333,4.31650801666667,14.3743333333333,3.80766666666667,44.912,0.034020968,538.181166666667,16.5333333333333,24.3783333333333,38.5766666666667,60,"ok",TRUE
"MOD-00556","2026-08-08 03:00:00",5.0455,4.15621171666667,13.4003333333333,3.90166666666667,44.2071666666667,0.033411992,531.705166666667,12.2183333333333,25.5016666666667,37.3583333333333,60,"ok",TRUE
"MOD-00556","2026-08-08 04:00:00",9.63383333333333,9.48070628333333,65.0783333333333,6.53116666666667,44.8898333333333,0.034001816,483.622666666667,11.0071666666667,26.7583333333333,36.0883333333333,60,"ok",TRUE
"MOD-00556","2026-08-08 05:00:00",8.81466666666667,6.53217868333333,18.2138333333333,7.99483333333334,48.5246666666667,0.037142312,445.942,8.694,27.2516666666667,33.2466666666667,60,"ok",TRUE
"MOD-00556","2026-08-08 06:00:00",6.76716666666667,4.51180111666666,8.67933333333334,6.455,48.1248333333333,0.036796856,380.4895,8.114,24.9683333333333,33.8,60,"ok",TRUE
"MOD-00556","2026-08-08 07:00:00",7.80366666666667,5.21766861666667,10.3745,7.522,46.0936666666667,0.035041928,420.223333333333,8.65733333333333,26.34,32.9083333333333,60,"ok",TRUE
"MOD-00556","2026-08-08 08:00:00",7.62716666666667,5.76794205000001,14.168,6.80466666666667,46.5851666666667,0.035466584,384.932,8.29266666666666,25.8683333333333,33.3016666666667,60,"ok",TRUE
"MOD-00556","2026-08-08 09:00:00",13.2518333333333,14.9075121,35.2465,8.42,45.8148333333333,0.034801016,460.856,15.5086666666667,32.455,32.5083333333333,60,"ok",TRUE
"MOD-00556","2026-08-08 10:00:00",16.335,19.7621024666667,36.6856666666667,9.56966666666667,46.918,0.035754152,489.067,13.7256666666667,38.7333333333333,30.475,60,"ok",TRUE
"MOD-00556","2026-08-08 11:00:00",11.0603333333333,11.99974105,22.9158333333333,7.4455,45.3275,0.03437996,468.974666666667,7.3205,39.075,29.76,60,"ok",TRUE
"MOD-00556","2026-08-08 12:00:00",9.5515,8.96113618333333,16.293,7.46416666666667,46.3771666666667,0.035286872,429.1605,5.772,38.025,29.5833333333333,60,"ok",TRUE
"MOD-00556","2026-08-08 13:00:00",8.39966666666666,7.2644572,13.9113333333333,6.96766666666667,43.4236666666667,0.032735048,438.9865,5.79666666666667,36.9383333333333,30.1433333333333,60,"ok",TRUE
"MOD-00556","2026-08-08 14:00:00",7.71416666666666,5.89084429999999,11.3205,6.84166666666667,41.9015,0.031419896,383.812333333333,5.97516666666667,31.32,33.2366666666667,60,"ok",TRUE
"MOD-00556","2026-08-08 15:00:00",7.2875,5.28279451666666,11.278,6.50933333333333,46.0913333333333,0.035039912,304.464166666667,6.02933333333333,26.64,36.5216666666667,60,"ok",TRUE
"MOD-00556","2026-08-08 16:00:00",7.41066666666667,5.23623728333333,10.0181666666667,6.61416666666667,49.1441666666667,0.03767756,245.879333333333,6.16183333333333,22.49,39.5733333333333,60,"ok",TRUE
"MOD-00556","2026-08-08 17:00:00",6.69050847457627,4.12723338983051,10.1949152542373,6.18796610169492,52.2935593220339,0.0403986352542373,175.199322033898,5.57677966101695,18.3949152542373,43.106779661017,59,"ok",TRUE
"MOD-00556","2026-08-08 18:00:00",7.50882352941176,4.49957223529412,13.0735294117647,7.03294117647059,54.9941176470588,0.0427319176470588,133.217352941176,5.6735294117647,16.0176470588235,45.2382352941177,34,"ok",FALSE
"MOD-00557","2026-07-30 00:00:00",5.64333333333333,3.62871043333333,9.40833333333333,4.684,42.1861666666667,0.0370629068333333,427.098833333334,17.3996666666667,17.3933333333333,45.0566666666667,60,"ok",TRUE
"MOD-00557","2026-07-30 01:00:00",5.86816666666667,3.6972268,10.6906666666667,5.02216666666667,38.7105,0.0343762165,460.140333333333,16.1083333333333,18.97,42.365,60,"ok",TRUE
"MOD-00557","2026-07-30 02:00:00",5.45383333333333,3.34086325,8.0935,4.7705,37.0933333333333,0.0331261466666667,460.856833333333,12.673,20.2583333333333,39.4583333333333,60,"ok",TRUE
"MOD-00557","2026-07-30 03:00:00",5.04216666666667,2.9861665,7.24233333333333,4.494,36.4225,0.0326075925,450.045,10.1286666666667,21.0516666666667,37.2833333333333,60,"ok",TRUE
"MOD-00557","2026-07-30 04:00:00",4.45483333333333,2.5666308,6.04233333333333,3.98383333333333,35.9185,0.0322180005,425.337,9.10966666666667,21.1983333333333,36.14,60,"ok",TRUE
"MOD-00557","2026-07-30 05:00:00",3.8645,2.16723101666667,5.48216666666667,3.44233333333333,36.4163333333333,0.0326028256666667,411.546666666667,8.83766666666667,21.4483333333333,35.2916666666667,60,"ok",TRUE
"MOD-00557","2026-07-30 06:00:00",3.64216666666667,2.10521141666667,6.44383333333333,3.16783333333333,36.7893333333333,0.0328911546666667,405.977833333333,8.81183333333333,21.9566666666667,34.6716666666667,60,"ok",TRUE
"MOD-00557","2026-07-30 07:00:00",3.23966666666667,1.81061026666666,5.70933333333333,2.822,36.6533333333333,0.0327860266666667,409.838666666667,9.0885,22.95,33.9466666666667,60,"ok",TRUE
"MOD-00557","2026-07-30 08:00:00",3.23716666666667,1.84277676666667,4.70166666666667,2.815,36.503,0.032669819,411.2365,8.84983333333334,23.685,33.2433333333333,60,"ok",TRUE
"MOD-00557","2026-07-30 09:00:00",3.16766666666667,1.82016025,4.98083333333333,2.73866666666667,37.061,0.033101153,386.002333333333,7.83033333333333,22.545,32.7633333333333,60,"ok",TRUE
"MOD-00557","2026-07-30 10:00:00",3.36266666666667,2.11754378333333,7.7735,2.79116666666667,35.8166666666667,0.0321392833333333,394.106833333333,8.833,23.7783333333333,32.1383333333333,60,"ok",TRUE
"MOD-00557","2026-07-30 11:00:00",3.22183333333333,1.90106346666667,5.018,2.78416666666667,36.8171666666667,0.0329126698333333,391.628,8.03616666666667,23.655,31.5216666666667,60,"ok",TRUE
"MOD-00557","2026-07-30 12:00:00",3.33866666666667,1.98573593333333,5.81533333333333,2.8945,37.4328333333333,0.0333885801666667,370.0945,7.61066666666667,21.885,31.195,60,"ok",TRUE
"MOD-00557","2026-07-30 13:00:00",3.40383333333333,2.08820138333333,8.73083333333333,2.86383333333333,37.7333333333333,0.0336208666666667,372.7805,7.424,21.1233333333333,32.4316666666667,60,"ok",TRUE
"MOD-00557","2026-07-30 14:00:00",3.27116666666667,1.89586423333333,9.72966666666667,2.71516666666667,38.7491666666667,0.0344061058333333,315.365333333333,6.8325,17.9566666666667,36.5816666666667,60,"ok",TRUE
"MOD-00557","2026-07-30 15:00:00",3.49983050847458,1.93007710169491,6.57881355932203,2.96254237288136,40.2206779661017,0.0355435840677966,247.940169491525,6.39288135593221,15.2186440677966,40.235593220339,59,"ok",TRUE
"MOD-00557","2026-07-30 16:00:00",3.67516666666667,1.83838111666667,5.79716666666667,3.22516666666667,44.0718333333333,0.0385205271666667,167.589833333333,8.81833333333333,12.03,43.5433333333333,60,"ok",TRUE
"MOD-00557","2026-07-30 17:00:00",4.28316666666667,2.17072608333334,7.1855,3.80983333333333,44.1075,0.0385480975,221.668833333333,12.8263333333333,12.37,45.7533333333333,60,"ok",TRUE
"MOD-00557","2026-07-30 18:00:00",5.12416666666667,3.39938046666667,15.5263333333333,3.9955,45.7165,0.0397918545,245.861,12.493,12.205,47.5266666666667,60,"ok",TRUE
"MOD-00557","2026-07-30 19:00:00",4.2671186440678,2.03699669491526,5.21745762711864,3.87169491525424,45.8722033898305,0.039912213220339,269.91813559322,14.4923728813559,11.6220338983051,47.1372881355932,59,"ok",TRUE
"MOD-00557","2026-07-30 20:00:00",4.832,2.61978231666667,17.4198333333333,4.158,47.1905,0.0409312565,275.489666666667,14.5138333333333,10.98,48.075,60,"ok",TRUE
"MOD-00557","2026-07-30 21:00:00",5.17727272727273,3.09043587878788,32.8245454545455,4.185,48.8253333333333,0.0421949826666666,268.670833333333,15.3561666666667,9.92,49.0666666666667,60,"ok",TRUE
"MOD-00557","2026-07-30 22:00:00",NA,NA,NA,NA,48.91,0.04226043,289.202333333333,16.295,9.50833333333333,48.9883333333333,60,"thermal_cutoff",TRUE
"MOD-00557","2026-07-30 23:00:00",NA,NA,NA,NA,47.9468333333333,0.0415159021666667,354.145333333333,16.6481666666667,9.64666666666667,47.8383333333333,60,"thermal_cutoff",TRUE
"MOD-00557","2026-07-31 00:00:00",3.69459459459459,1.91476413513513,7.24297297297297,3.11621621621622,44.6338333333333,0.0389549531666667,418.568666666667,14.236,10.9483333333333,46.44,60,"ok",TRUE
"MOD-00557","2026-07-31 01:00:00",4.80416666666667,2.90759556666667,8.441,4.0505,39.1463333333333,0.0347131156666667,561.546333333333,17.8003333333333,14.8933333333333,43.325,60,"ok",TRUE
"MOD-00557","2026-07-31 02:00:00",5.36916666666667,3.26991688333333,8.9235,4.68483333333333,36.194,0.032430962,590.74,18.3778333333333,18.3516666666667,39.9133333333333,60,"ok",TRUE
"MOD-00557","2026-07-31 03:00:00",4.86683333333333,2.93496228333334,7.89216666666667,4.26183333333333,36.5308333333333,0.0326913341666667,523.117666666667,10.8125,18.69,37.5633333333333,60,"ok",TRUE
"MOD-00557","2026-07-31 04:00:00",4.59616666666667,2.8610752,8.34133333333333,3.94216666666667,36.791,0.032892443,475.519833333333,9.221,18.8883333333333,36.3183333333333,60,"ok",TRUE
"MOD-00557","2026-07-31 05:00:00",4.88466666666667,3.09133903333334,8.966,4.21433333333333,36.419,0.032604887,453.5455,8.95266666666666,19.64,35.1383333333333,60,"ok",TRUE
"MOD-00557","2026-07-31 06:00:00",4.52516666666667,2.86491383333333,9.144,3.87666666666667,36.2446666666667,0.0324701273333333,450.149333333333,8.71516666666667,20.735,34.2583333333333,60,"ok",TRUE
"MOD-00557","2026-07-31 07:00:00",4.13333333333333,2.62126756666667,7.78533333333334,3.51166666666667,35.9468333333333,0.0322399021666667,438.973,8.49666666666667,21.5233333333333,33.4483333333333,60,"ok",TRUE
"MOD-00557","2026-07-31 08:00:00",5.1635,3.39538641666666,14.1685,4.40316666666667,37.6315,0.0335421495,418.3455,7.684,20.7133333333333,33.2383333333333,60,"ok",TRUE
"MOD-00557","2026-07-31 09:00:00",4.697,3.0715661,12.075,3.973,36.581,0.032730113,409.064666666667,8.4705,21.5516666666667,33.35,60,"ok",TRUE
"MOD-00557","2026-07-31 10:00:00",8.6665,9.9493129,74.5536666666667,4.063,37.1056666666667,0.0331356803333333,504.862333333333,21.9308333333333,29.3633333333333,32.7233333333333,60,"ok",TRUE
"MOD-00557","2026-07-31 11:00:00",8.23016666666667,10.088777,71.956,3.33483333333333,40.7775,0.0359740075,571.906666666667,26.1363333333333,36.475,31.7816666666667,60,"ok",TRUE
"MOD-00557","2026-07-31 12:00:00",7.397,8.16577658333334,58.6808333333333,3.724,40.3278333333333,0.0356264151666667,534.844833333333,12.9071666666667,39.195,30.9333333333333,60,"ok",TRUE
"MOD-00557","2026-07-31 13:00:00",7.0905,7.50709388333333,54.4851666666667,3.805,38.4276666666667,0.0341575863333333,512.8685,7.01933333333333,38.6166666666667,31.43,60,"ok",TRUE
"MOD-00557","2026-07-31 14:00:00",4.99266666666667,4.6131513,25.8313333333333,3.05333333333333,43.8951666666667,0.0383839638333333,400.327333333333,5.93066666666667,31.2416666666667,35.3683333333333,60,"ok",TRUE
"MOD-00557","2026-07-31 15:00:00",4.58116666666666,3.71777948333333,17.3135,3.157,44.613,0.038938849,311.5095,6.13516666666667,27.5333333333333,37.3383333333333,60,"ok",TRUE
"MOD-00557","2026-07-31 16:00:00",4.61549019607843,3.39570419607843,16.2494117647059,3.3956862745098,48.0611764705882,0.0416042894117647,273.389215686274,6.08725490196078,23.3921568627451,40.5941176470588,51,"ok",TRUE
"MOD-00557","2026-07-31 17:00:00",4.73183333333333,3.61970965,18.6641666666667,3.3005,49.5268333333333,0.0427372421666667,182.007166666667,5.52466666666667,19.4383333333333,43.8116666666666,60,"ok",TRUE
"MOD-00557","2026-07-31 18:00:00",4.6835,3.22614826666667,15.7463333333333,3.48783333333333,51.4725,0.0442412425,139.8765,6.10016666666667,16.5266666666667,46.88,60,"ok",TRUE
"MOD-00557","2026-07-31 19:00:00",5.32966666666667,4.11813125,17.5185,3.74216666666667,49.1103333333333,0.0424152876666667,231.7045,8.31583333333333,16.385,46.4266666666667,60,"ok",TRUE
"MOD-00557","2026-07-31 20:00:00",5.01254237288135,3.58511408474576,20.8069491525424,3.63796610169492,49.9486440677966,0.0430633018644068,246.757457627119,7.79101694915254,15.1898305084746,47.9762711864407,59,"ok",TRUE
"MOD-00557","2026-07-31 21:00:00",5.2385,4.14942055,18.2505,3.53666666666667,48.885,0.042241105,317.818833333333,9.9815,15.1483333333333,48.1,60,"ok",TRUE
"MOD-00557","2026-07-31 22:00:00",5.26083333333333,3.82239918333334,18.9448333333333,3.812,49.6776666666667,0.0428538363333333,315.911833333333,8.66383333333334,14.16,48.7766666666667,60,"ok",TRUE
"MOD-00557","2026-07-31 23:00:00",4.67016666666667,3.04113896666667,9.064,3.6395,46.8176666666667,0.0406430563333333,349.920166666667,11.9373333333333,14.325,47.54,60,"ok",TRUE
"MOD-00557","2026-08-01 00:00:00",4.53694915254237,2.61461083050848,6.79305084745763,3.83220338983051,44.9737288135593,0.0392176923728813,400.186271186441,14.2257627118644,14.806779661017,45.9542372881356,59,"ok",TRUE
"MOD-00557","2026-08-01 01:00:00",4.90883333333333,3.01218675,9.38783333333333,4.0975,41.4291666666667,0.0364777458333333,474.214166666667,16.9061666666667,17.1966666666667,44.195,60,"ok",TRUE
"MOD-00557","2026-08-01 02:00:00",5.46716666666667,3.50249433333333,9.61733333333333,4.61983333333333,37.5468333333333,0.0334767021666667,559.312833333333,18.6303333333333,21.915,40.825,60,"ok",TRUE
"MOD-00557","2026-08-01 03:00:00",5.747,3.76320341666667,9.39983333333333,4.897,36.8865,0.0329662645,602.938833333333,14.0906666666667,27.005,38.06,60,"ok",TRUE
"MOD-00557","2026-08-01 04:00:00",5.46833333333333,3.5891399,8.87133333333333,4.652,37.4938333333333,0.0334357331666667,559.127333333333,10.109,28.955,36.785,60,"ok",TRUE
"MOD-00557","2026-08-01 05:00:00",5.11533333333333,3.3466199,8.369,4.32633333333334,39.1171666666667,0.0346905698333333,437.592666666667,6.98266666666667,26.0233333333333,36.5233333333333,60,"ok",TRUE
"MOD-00557","2026-08-01 06:00:00",4.61483333333333,2.98456678333334,9.14016666666667,3.88133333333333,37.5488333333333,0.0334782481666667,416.367833333333,8.17316666666667,27.0266666666667,35.6933333333333,60,"ok",TRUE
"MOD-00557","2026-08-01 07:00:00",4.556,3.05186471666666,9.20583333333333,3.77983333333333,31.7113333333333,0.0289658606666667,451.0175,8.25933333333333,31.1016666666667,33.96,60,"ok",TRUE
"MOD-00557","2026-08-01 08:00:00",4.80366666666667,3.27593493333334,9.99066666666667,4.00766666666667,27.462,0.025681126,467.994,6.96216666666667,34.21,32.2366666666667,60,"ok",TRUE
"MOD-00557","2026-08-01 09:00:00",4.76666666666667,3.26305461666667,8.73916666666666,3.973,32.852,0.029847596,417.533333333333,6.16783333333333,32.015,32.1033333333333,60,"ok",TRUE
"MOD-00557","2026-08-01 10:00:00",4.64966666666667,3.03334598333333,8.0405,3.983,34.171,0.030867183,391.667,6.54416666666667,32.1683333333333,32.2183333333333,60,"ok",TRUE
"MOD-00557","2026-08-01 11:00:00",4.71833333333333,3.09396448333333,7.61716666666667,4.052,34.788,0.031344124,382.387833333333,6.3685,32.1633333333333,31.7033333333333,60,"ok",TRUE
"MOD-00557","2026-08-01 12:00:00",4.98416666666667,3.28479791666667,9.98116666666667,4.29483333333333,34.8338333333333,0.0313795531666667,376.245333333333,6.33083333333333,32.2933333333333,31.2333333333333,60,"ok",TRUE
"MOD-00557","2026-08-01 13:00:00",5.15083333333334,3.39349135000001,8.20216666666667,4.455,37.0328333333333,0.0330793801666667,378.196333333333,6.21133333333333,31.2,31.7816666666667,60,"ok",TRUE
"MOD-00557","2026-08-01 14:00:00",4.87516666666667,3.1134613,8.53266666666667,4.17766666666667,38.9985,0.0345988405,316.405833333333,6.48633333333333,25.6216666666667,35.445,60,"ok",TRUE
"MOD-00557","2026-08-01 15:00:00",4.82766666666667,2.942541,7.75133333333333,4.153,40.5318333333333,0.0357841071666667,221.949333333333,6.31716666666666,20.94,39.4633333333333,60,"ok",TRUE
"MOD-00557","2026-08-01 16:00:00",4.65483333333333,2.56271496666667,6.36433333333333,4.14616666666667,43.3776666666667,0.0379839363333333,162.984666666667,5.75683333333333,17.3,42.0083333333333,60,"ok",TRUE
"MOD-00557","2026-08-01 17:00:00",4.19508474576271,2.05828994915255,6.81338983050848,3.80050847457627,45.9035593220339,0.0399364513559322,159.005084745763,6.03135593220339,15.4508474576271,44.464406779661,59,"ok",TRUE
"MOD-00557","2026-08-01 18:00:00",3.99416666666667,1.89827041666667,8.56616666666667,3.57233333333333,47.383,0.041080059,131.925333333333,7.48333333333333,13.2316666666667,46.3683333333333,60,"ok",TRUE
"MOD-00557","2026-08-01 19:00:00",3.76133333333333,1.80188691666667,5.12516666666667,3.31216666666667,46.572,0.040453156,193.856833333333,10.91,12.8516666666667,46.73,60,"ok",TRUE
"MOD-00557","2026-08-01 20:00:00",3.87127659574468,1.82218171276596,5.40255319148936,3.42255319148936,48.8026666666667,0.0421774613333333,226.274,11.5378333333333,12.0816666666667,48.275,60,"ok",TRUE
"MOD-00557","2026-08-01 21:00:00",NA,NA,NA,NA,51.5406666666667,0.0442939353333333,202.673833333333,11.9566666666667,10.985,50.45,60,"thermal_cutoff",TRUE
"MOD-00557","2026-08-01 22:00:00",NA,NA,NA,NA,51.9185,0.0445860005,276.381833333333,13.0836666666667,11.0566666666667,50.7583333333333,60,"thermal_cutoff",TRUE
"MOD-00557","2026-08-01 23:00:00",NA,NA,NA,NA,48.8228333333333,0.0421930501666667,381.341,14.7033333333333,11.7533333333333,48.89,60,"thermal_cutoff",TRUE
"MOD-00557","2026-08-02 00:00:00",3.86851851851852,2.0334227962963,7.74444444444445,3.25814814814815,46.8895,0.0406985835,427.309166666667,15.5968333333333,12.4533333333333,47.3183333333333,60,"ok",TRUE
"MOD-00557","2026-08-02 01:00:00",4.04542372881356,2.15198738983051,6.36271186440678,3.48559322033898,44.2152542372881,0.0386313915254237,487.597118644068,15.9640677966102,14.028813559322,45.235593220339,59,"ok",TRUE
"MOD-00557","2026-08-02 02:00:00",3.83366666666667,2.02540956666667,6.461,3.33533333333333,41.1405,0.0362546065,502.8555,18.7366666666667,15.6116666666667,42.43,60,"ok",TRUE
"MOD-00557","2026-08-02 03:00:00",4.44616666666667,2.64213516666666,7.49633333333333,3.81583333333333,37.7036666666667,0.0335979343333333,601.1885,18.3031666666667,20.8683333333333,39.7816666666667,60,"ok",TRUE
"MOD-00557","2026-08-02 04:00:00",4.2425,2.4480528,6.62066666666667,3.69416666666667,39.417,0.034922341,540.335833333333,9.69033333333334,21.1466666666667,38.8083333333333,60,"ok",TRUE
"MOD-00557","2026-08-02 05:00:00",3.67033333333333,2.07527428333333,5.3075,3.15033333333333,39.9638333333333,0.0353450431666667,459.048666666667,8.68283333333333,20.56,38.495,60,"ok",TRUE
"MOD-00557","2026-08-02 06:00:00",3.58733333333333,2.10174675,6.20816666666666,3.0285,36.9978333333333,0.0330523251666667,468.615,9.38716666666667,22.9016666666667,37.2666666666667,60,"ok",TRUE
"MOD-00557","2026-08-02 07:00:00",3.533,2.10003768333333,6.50116666666667,2.9815,37.073,0.033110429,458.978333333333,8.59116666666667,23.9916666666667,35.795,60,"ok",TRUE
"MOD-00557","2026-08-02 08:00:00",3.39366666666667,2.01972295,6.3265,2.85583333333333,38.074,0.033884202,415.1345,7.87816666666666,23.3283333333333,35.0416666666667,60,"ok",TRUE
"MOD-00557","2026-08-02 09:00:00",3.75033333333333,2.33733756666666,6.88466666666666,3.1585,37.8131666666667,0.0336825778333333,409.005,8.28283333333333,24.1566666666667,33.95,60,"ok",TRUE
"MOD-00557","2026-08-02 10:00:00",3.59633333333333,2.29090505,6.6895,2.98533333333333,37.4321666666667,0.0333880648333333,422.909333333333,8.98733333333333,25.925,33.1333333333333,60,"ok",TRUE
"MOD-00557","2026-08-02 11:00:00",3.74766666666667,2.37961183333334,7.285,3.15366666666667,38.1846666666667,0.0339697473333333,425.483166666667,7.96416666666667,26.62,32.4533333333333,60,"ok",TRUE
"MOD-00557","2026-08-02 12:00:00",3.82116666666667,2.40035141666667,7.73583333333333,3.2465,38.5468333333333,0.0342497021666667,410.650166666667,7.8345,26.9033333333333,32.3716666666667,60,"ok",TRUE
"MOD-00557","2026-08-02 13:00:00",3.74733333333333,2.37895698333333,7.15283333333333,3.14883333333333,38.7178333333333,0.0343818851666667,426.809166666667,8.17716666666666,28.6733333333333,32.6916666666667,60,"ok",TRUE
"MOD-00557","2026-08-02 14:00:00",3.72833333333333,2.31618816666667,8.78733333333333,3.10716666666667,41.8535,0.0368057555,431.117833333333,7.13766666666667,27.48,34.9733333333333,60,"ok",TRUE
"MOD-00557","2026-08-02 15:00:00",3.5485,1.94684565,6.4915,3.05683333333333,44.4531666666666,0.0388152978333333,310.896666666667,6.2285,22.235,38.785,60,"ok",TRUE
"MOD-00557","2026-08-02 16:00:00",3.91316666666667,2.13831298333333,5.64383333333333,3.38666666666667,46.0446666666667,0.0400455273333333,230.768,5.8995,18.7516666666667,41.675,60,"ok",TRUE
"MOD-00557","2026-08-02 17:00:00",4.30483333333333,2.27197385000001,8.4855,3.80216666666667,46.6346666666667,0.0405015973333333,226.4675,7.44866666666667,17.6633333333333,43.6983333333333,60,"ok",TRUE
"MOD-00557","2026-08-02 18:00:00",4.43322033898305,2.3419852881356,7.62033898305085,3.95084745762712,45.4147457627119,0.0395585984745763,338.691016949152,10.6722033898305,19.3576271186441,43.3898305084746,59,"ok",TRUE
"MOD-00557","2026-08-02 19:00:00",4.80966666666667,2.95560985,11.6365,3.9855,45.2386666666667,0.0394224893333333,360.956,9.03916666666667,19.4133333333333,44.0066666666667,60,"ok",TRUE
"MOD-00557","2026-08-02 20:00:00",6.01466666666667,4.41845118333334,16.3971666666667,4.54433333333333,47.2576666666667,0.0409831763333334,331.909833333333,7.459,18.1966666666667,46.0216666666667,60,"ok",TRUE
"MOD-00557","2026-08-02 21:00:00",7.54875,6.63077516995614,26.0435416666667,4.96270833333333,49.6076923076923,0.0427997461538462,279.353461538461,5.92615384615385,15.7228070175439,48.240350877193,57,"ok",TRUE
"MOD-00557","2026-08-02 22:00:00",6.6475,5.06776878787879,25.3181818181818,4.90068181818182,NA,NA,NA,NA,16.1333333333333,46.8616666666667,60,"ok",TRUE
"MOD-00557","2026-08-02 23:00:00",6.86542372881356,5.20622211864407,17.8893220338983,5.15694915254237,48.6492682926829,0.0420588843902439,375.691707317073,12.1787804878049,16.1101694915254,46.9830508474576,59,"ok",TRUE
"MOD-00557","2026-08-03 00:00:00",6.57,4.86708520000001,15.5183333333333,5.00716666666667,48.4341666666667,0.0418926108333333,382.9035,11.9963333333333,16.3416666666667,46.6666666666667,60,"ok",TRUE
"MOD-00557","2026-08-03 01:00:00",5.1865,3.63591988333333,9.82983333333333,4.00633333333333,43.4365,0.0380294145,457.367666666667,15.2301666666667,18.8366666666667,44.4133333333333,60,"ok",TRUE
"MOD-00557","2026-08-03 02:00:00",4.7565,3.13515776666667,10.5866666666667,3.84116666666667,40.9035,0.0360714055,511.3695,12.6526666666667,21.4883333333333,40.9166666666667,60,"ok",TRUE
"MOD-00557","2026-08-03 03:00:00",4.176,2.69994538333333,7.5955,3.3825,39.7435,0.0351747255,538.103666666667,12.5765,25.0866666666667,39.0016666666667,60,"ok",TRUE
"MOD-00557","2026-08-03 04:00:00",3.85283333333333,2.62412426666667,7.994,2.986,39.1158333333333,0.0346895391666667,527.105,11.1911666666667,27.505,37.7566666666667,60,"ok",TRUE
"MOD-00557","2026-08-03 05:00:00",3.89033333333333,2.70776265,7.90016666666667,3.00033333333333,38.2888333333334,0.0340502681666667,506.609833333333,9.73983333333334,29.85,36.7166666666667,60,"ok",TRUE
"MOD-00557","2026-08-03 06:00:00",4.159,2.71995136666667,7.13966666666667,3.42033333333333,39.1456666666667,0.0347126003333333,462.7505,8.08666666666667,30.3316666666667,35.7566666666667,60,"ok",TRUE
"MOD-00557","2026-08-03 07:00:00",3.88733333333333,2.62967848333333,6.88683333333333,3.106,38.9286666666667,0.0345448593333333,428.373333333333,7.61166666666666,31.2383333333333,34.9516666666667,60,"ok",TRUE
"MOD-00557","2026-08-03 08:00:00",3.45766666666667,2.42880168333334,7.39583333333333,2.6485,38.9706666666667,0.0345773253333333,395.1465,7.1555,30.9883333333333,33.745,60,"ok",TRUE
"MOD-00557","2026-08-03 09:00:00",3.53283333333333,2.42931396666667,8.242,2.77583333333333,38.8538333333333,0.0344870131666667,394.299166666667,7.11116666666666,32.1916666666667,32.8966666666667,60,"ok",TRUE
"MOD-00557","2026-08-03 10:00:00",3.648,2.43569408333334,8.0155,2.96283333333333,39.1465,0.0347132445,400.474666666667,6.726,33.69,32.1266666666667,60,"ok",TRUE
"MOD-00557","2026-08-03 11:00:00",4.29766666666667,2.90645001666666,8.54783333333333,3.57166666666667,39.2578333333333,0.0347993051666667,396.159,6.35183333333333,34.4116666666667,31.4766666666667,60,"ok",TRUE
"MOD-00557","2026-08-03 12:00:00",4.54733333333333,3.17197738333333,13.0428333333333,3.71066666666667,38.7,0.0343681,389.884833333333,6.13366666666667,34.2883333333333,31.3166666666666,60,"ok",TRUE
"MOD-00557","2026-08-03 13:00:00",4.48366666666666,3.0981981,11.0903333333333,3.65866666666667,40.1025,0.0354522325,382.105666666667,6.10516666666667,32.3966666666667,32.4633333333333,60,"ok",TRUE
"MOD-00557","2026-08-03 14:00:00",3.75183333333333,2.47678738333333,9.91916666666666,2.96733333333333,42.2916666666667,0.0371444583333333,295.050833333333,6.14566666666667,25.855,36.6583333333333,60,"ok",TRUE
"MOD-00557","2026-08-03 15:00:00",3.98616666666667,2.536703,8.765,3.19816666666667,43.2203333333333,0.0378623176666667,237.179166666667,6.15366666666667,22.1866666666667,40.0066666666667,60,"ok",TRUE
"MOD-00557","2026-08-03 16:00:00",4.42183333333333,2.49551293333333,6.93366666666667,3.82916666666667,44.8503333333333,0.0391223076666667,177.552166666667,5.6325,19.1633333333333,42.7833333333333,60,"ok",TRUE
"MOD-00557","2026-08-03 17:00:00",4.8693220338983,2.77674966101694,12.1213559322034,4.1864406779661,45.7454237288135,0.0398142125423729,155.574237288136,5.59830508474576,16.6949152542373,45.228813559322,59,"ok",TRUE
"MOD-00557","2026-08-03 18:00:00",4.19416666666667,2.34621631666667,7.34183333333334,3.5205,46.6845,0.0405401185,196.526833333333,7.11566666666667,15.8783333333333,46.3666666666667,60,"ok",TRUE
"MOD-00557","2026-08-03 19:00:00",4.18233333333333,2.3715817,7.33266666666667,3.46466666666667,46.43,0.04034339,233.222333333333,11.0343333333333,15.475,47.1216666666667,60,"ok",TRUE
"MOD-00557","2026-08-03 20:00:00",4.207,2.23472158333334,11.5241666666667,3.5765,48.2443333333333,0.0417458696666667,311.6615,11.7235,15.8083333333333,47.555,60,"ok",TRUE
"MOD-00557","2026-08-03 21:00:00",4.53186440677966,2.5447733220339,12.7789830508475,3.82237288135593,46.3174576271186,0.0402563947457627,369.356779661017,14.8661016949153,16.4745762711864,46.9338983050847,59,"ok",TRUE
"MOD-00557","2026-08-03 22:00:00",5.27816666666666,3.70241571666666,14.2585,3.99033333333333,46.814,0.040640222,387.329,10.7273333333333,16.4766666666667,47.555,60,"ok",TRUE
"MOD-00557","2026-08-03 23:00:00",7.23616666666667,6.12236718333333,24.7335,4.9375,45.4698333333333,0.0396011811666667,384.599666666667,11.9703333333333,16.67,47.0383333333333,60,"ok",TRUE
"MOD-00557","2026-08-04 00:00:00",7.0625,5.48420063333333,15.0796666666667,5.2855,42.7691666666667,0.0375135658333333,444.702166666667,14.501,18.4533333333333,45.315,60,"ok",TRUE
"MOD-00557","2026-08-04 01:00:00",5.6171186440678,4.05312422033899,13.4357627118644,4.36949152542373,38.704406779661,0.034371506440678,519.252542372881,17.4057627118644,22.6627118644068,41.3220338983051,59,"ok",TRUE
"MOD-00557","2026-08-04 02:00:00",5.86383333333333,4.44417895,12.8205,4.50083333333333,37.8776666666667,0.0337324363333333,580.089333333333,17.981,27.7716666666667,38.3083333333333,60,"ok",TRUE
"MOD-00557","2026-08-04 03:00:00",6.7195,5.48686331666666,15.2958333333333,4.98,37.4533333333333,0.0334044266666667,603.702666666667,19.2191666666667,33.7466666666667,36.345,60,"ok",TRUE
"MOD-00557","2026-08-04 04:00:00",6.62583333333333,5.30816195,15.3268333333333,5.00666666666666,37.3746666666667,0.0333436173333333,555.226666666667,10.8411666666667,36.2066666666667,35.325,60,"ok",TRUE
"MOD-00557","2026-08-04 05:00:00",210.873333333333,336.700055538095,136.608095238095,45.0261666666666,39.7811666666667,0.0352038418333333,462.4455,8.9545,37.5,33.37,60,"ok",TRUE
"MOD-00557","2026-08-04 06:00:00",106.443,169.6380401,617.241,19.5478333333333,43.3598333333333,0.0379701511666667,404.24,6.28583333333333,35.35,31.865,60,"ok",TRUE
"MOD-00557","2026-08-04 07:00:00",62.2255,98.2271008666667,266.708666666667,12.5555,41.5836666666667,0.0365971743333333,411.384833333333,9.9735,39.7883333333333,30.5316666666667,60,"ok",TRUE
"MOD-00557","2026-08-04 08:00:00",5.42233333333333,5.0293184,16.208,3.55416666666667,41.391,0.036448243,417.487166666667,7.7455,41.2833333333333,29.6983333333333,60,"ok",TRUE
"MOD-00557","2026-08-04 09:00:00",3.8025,2.36110278333333,8.2925,3.29466666666667,42.1378333333333,0.0370255451666667,376.931166666667,5.54433333333333,37.9466666666667,30.3416666666667,60,"ok",TRUE
"MOD-00557","2026-08-04 10:00:00",3.67683333333333,2.18766113333334,7.747,3.233,41.7406666666667,0.0367185353333333,345.579166666667,5.54816666666667,35.87,30.995,60,"ok",TRUE
"MOD-00557","2026-08-04 11:00:00",3.75866666666667,2.43207345,9.73516666666667,3.14566666666667,40.4616666666667,0.0357298683333333,339.484166666667,5.58866666666667,35.4566666666667,31.105,60,"ok",TRUE
"MOD-00557","2026-08-04 12:00:00",6.79516666666667,7.05378235,39.4815,3.82483333333333,39.9175,0.0353092275,354.355333333333,7.3755,36.4466666666667,30.9366666666667,60,"ok",TRUE
"MOD-00557","2026-08-04 13:00:00",18.6936666666667,25.458134,155.141666666667,6.244,37.2628333333333,0.0332571701666667,450.3975,19.6855,46.1866666666667,30.775,60,"ok",TRUE
"MOD-00557","2026-08-04 14:00:00",22.0558333333333,31.1863359166666,182.540166666667,6.4795,41.7106666666667,0.0366953453333333,463.224,7.1125,43.665,33.115,60,"ok",TRUE
"MOD-00557","2026-08-04 15:00:00",16.9768333333333,24.1466133666667,128.934333333333,4.737,42.8746666666667,0.0375951173333333,335.461,6.0465,35.8183333333333,36.6033333333333,60,"ok",TRUE
"MOD-00557","2026-08-04 16:00:00",8.05433333333334,8.94867701666667,36.6801666666667,4.033,44.3843333333333,0.0387620896666667,279.984,6.00383333333333,31.8983333333333,38.455,60,"ok",TRUE
"MOD-00557","2026-08-04 17:00:00",6.92283333333333,6.66683058333333,27.8728333333333,4.14633333333333,46.8808333333333,0.0406918841666667,198.802333333333,6.47716666666667,26.5983333333333,41.4166666666667,60,"ok",TRUE
"MOD-00557","2026-08-04 18:00:00",5.7825,5.37137528333333,23.3648333333333,3.46933333333333,48.4298333333333,0.0418892611666667,145.791166666667,6.097,22.4483333333333,42.7683333333334,60,"ok",TRUE
"MOD-00557","2026-08-04 19:00:00",5.205,4.68977898333333,20.6068333333333,3.15383333333333,48.5153333333333,0.0419553526666667,184.384833333333,6.83233333333333,20.7683333333333,43.2783333333333,60,"ok",TRUE
"MOD-00557","2026-08-04 20:00:00",5.01898305084746,3.89495042372881,25.4035593220339,3.44423728813559,49.1316949152542,0.0424318001694915,216.077457627119,7.60237288135593,19.4576271186441,44.9440677966102,59,"ok",TRUE
"MOD-00557","2026-08-04 21:00:00",4.54616666666667,2.71376675,12.8761666666667,3.72133333333333,48.9445,0.0422870985,233.609833333333,8.28483333333333,18.2616666666667,46.365,60,"ok",TRUE
"MOD-00557","2026-08-04 22:00:00",4.82666666666667,2.89365293333334,9.32333333333333,4.01816666666667,47.8043333333333,0.0414057496666667,295.498166666667,11.089,17.9933333333333,46.375,60,"ok",TRUE
"MOD-00557","2026-08-04 23:00:00",4.95084745762712,2.93542454237288,12.0335593220339,4.15898305084746,46.9013559322034,0.0407077481355932,321.956101694915,12.7930508474576,18.1084745762712,46.2050847457627,59,"ok",TRUE
"MOD-00557","2026-08-05 00:00:00",8.08583333333333,7.46712593333333,32.4453333333333,5.18966666666667,39.7408333333333,0.0351726641666667,484.645166666667,29.498,23.745,42.7666666666667,60,"ok",TRUE
"MOD-00557","2026-08-05 01:00:00",10.7483333333333,11.2556671,42.7263333333333,6.195,36.6675,0.0327969775,563.542166666667,29.478,29.5883333333333,38.13,60,"ok",TRUE
"MOD-00557","2026-08-05 02:00:00",7.076,5.80796628333334,16.6118333333333,5.257,37.3291666666667,0.0333084458333333,520.345,10.2036666666667,31.5166666666667,36.0233333333333,60,"ok",TRUE
"MOD-00557","2026-08-05 03:00:00",6.55,4.71897263333333,12.5453333333333,5.39183333333333,36.4651666666667,0.0326405738333333,482.699666666667,9.35433333333333,33.495,34.8733333333333,60,"ok",TRUE
"MOD-00557","2026-08-05 04:00:00",7.2665,5.38439895,12.9708333333333,5.95266666666666,36.2761666666667,0.0324944768333333,482.091,10.9913333333333,36.9366666666667,33.9216666666667,60,"ok",TRUE
"MOD-00557","2026-08-05 05:00:00",6.93816666666667,5.1511287,12.4703333333333,5.66166666666667,38.112,0.033913576,456.438333333333,8.07033333333333,38.07,33.4433333333333,60,"ok",TRUE
"MOD-00557","2026-08-05 06:00:00",7.6505,5.87224831666667,13.0751666666667,6.16233333333333,32.0665,0.0292404045,454.785833333333,8.73116666666667,42.0183333333333,32.8416666666667,60,"ok",TRUE
"MOD-00557","2026-08-05 07:00:00",7.61916666666667,5.6440878,13.1016666666667,6.31866666666667,34.52,0.03113696,418.021333333333,5.93666666666667,41.565,31.965,60,"ok",TRUE
"MOD-00557","2026-08-05 08:00:00",8.14766666666667,6.2201066,14.985,6.64516666666667,33.8571666666667,0.0306245898333333,419.312166666667,6.7635,43.975,31.6766666666667,60,"ok",TRUE
"MOD-00557","2026-08-05 09:00:00",8.33016666666667,6.58807271666667,16.3221666666667,6.62083333333333,33.1815,0.0301022995,410.556333333333,6.289,45.5883333333333,31.4783333333333,60,"ok",TRUE
"MOD-00557","2026-08-05 10:00:00",9.11533333333333,7.26571385,16.8388333333333,7.2665,30.9421666666667,0.0283712948333333,403.521833333333,6.21716666666667,47.71,30.855,60,"ok",TRUE
"MOD-00557","2026-08-05 11:00:00",9.669,7.82856355,18.6571666666667,7.64266666666667,30.5683333333333,0.0280823216666667,415.427666666667,7.25733333333334,51.1816666666667,30.5233333333333,60,"ok",TRUE
"MOD-00557","2026-08-05 12:00:00",9.66683333333333,7.84426866666667,19.138,7.62383333333333,30.4626666666667,0.0280006413333333,408.509666666667,6.20433333333334,52.1183333333333,30.5316666666667,60,"ok",TRUE
"MOD-00557","2026-08-05 13:00:00",10.2961666666667,8.4711841,21.1043333333333,8.055,29.3748333333333,0.0271597461666667,402.927666666666,6.4845,54.155,30.4633333333334,60,"ok",TRUE
"MOD-00557","2026-08-05 14:00:00",9.94033333333333,7.9328959,22.969,7.92883333333333,31.6241666666667,0.0288984808333333,396.2485,5.12783333333333,53.3966666666667,31.0183333333333,60,"ok",TRUE
"MOD-00557","2026-08-05 15:00:00",8.856,7.0815457,23.2923333333333,6.903,40.672,0.035892456,349.922333333333,6.00366666666667,43.97,34.4366666666667,60,"ok",TRUE
"MOD-00557","2026-08-05 16:00:00",6.4,4.59998528333334,13.6861666666667,5.17033333333333,45.057,0.039282061,193.080833333333,6.21133333333333,32.625,38.485,60,"ok",TRUE
"MOD-00557","2026-08-05 17:00:00",5.72516666666667,3.75770203333333,11.909,4.7905,45.6563333333333,0.0397453456666666,185.008833333333,6.61533333333333,28.8983333333333,40.7483333333333,60,"ok",TRUE
"MOD-00557","2026-08-05 18:00:00",4.51383333333333,2.73034326666667,9.58833333333333,3.79333333333333,47.188,0.040929324,197.6745,6.093,26.475,41.5183333333334,60,"ok",TRUE
"MOD-00557","2026-08-05 19:00:00",3.519,1.81386696666667,5.11533333333333,3.04483333333333,49.6185,0.0428081005,207.147666666667,6.44383333333333,23.75,42.27,60,"ok",TRUE
"MOD-00557","2026-08-05 20:00:00",3.5135593220339,1.95839888135593,7.82949152542373,2.87271186440678,49.9722033898305,0.043081513220339,239.090338983051,7.30406779661017,22.2525423728814,43.6389830508475,59,"ok",TRUE
"MOD-00557","2026-08-05 21:00:00",3.58916666666667,1.87908943333333,9.27233333333334,2.98366666666667,51.6265,0.0443602845,196.906166666667,6.91533333333333,19.505,46.07,60,"ok",TRUE
"MOD-00557","2026-08-05 22:00:00",3.56516666666667,1.7566027,6.44,3.085,49.328,0.042583544,297.730333333333,11.6853333333333,19.9683333333333,45.1116666666667,60,"ok",TRUE
"MOD-00557","2026-08-05 23:00:00",3.168,1.56271206666667,7.17966666666667,2.658,49.1351666666667,0.0424344838333333,323.584,13.6573333333333,19.8016666666667,44.3816666666667,60,"ok",TRUE
"MOD-00557","2026-08-06 00:00:00",3.51983050847458,1.94910357627119,7.41677966101695,2.93237288135593,45.5489830508475,0.0396623638983051,430.639491525424,27.8472881355932,23.3983050847458,41.928813559322,59,"ok",TRUE
"MOD-00557","2026-08-06 01:00:00",4.00233333333333,2.38266505,7.68683333333333,3.38116666666667,42.4626666666667,0.0372766413333333,519.5525,35.9198333333333,28.81,38.775,60,"ok",TRUE
"MOD-00557","2026-08-06 02:00:00",4.078,2.60224303333333,8.364,3.372,41.8976666666667,0.0368398963333333,513.735666666667,23.3861666666667,32.5066666666667,36.3516666666667,60,"ok",TRUE
"MOD-00557","2026-08-06 03:00:00",5.21616666666667,3.66132413333334,10.157,4.25416666666667,38.7023333333333,0.0343699036666667,530.696166666667,31.68,38.4416666666666,34.8633333333333,60,"ok",TRUE
"MOD-00557","2026-08-06 04:00:00",5.91816666666667,4.2553136,12.3846666666667,4.8505,34.3305,0.0309904765,516.870166666667,15.8821666666667,43.395,33.465,60,"ok",TRUE
"MOD-00557","2026-08-06 05:00:00",5.99016666666666,4.29980071666666,11.2025,4.9565,33.2925,0.0301881025,485.681,9.4405,46.1583333333333,32.33,60,"ok",TRUE
"MOD-00557","2026-08-06 06:00:00",5.5455,3.60383415,9.17683333333333,4.86816666666667,39.898,0.035294154,411.233333333333,5.724,42.0183333333333,31.9566666666667,60,"ok",TRUE
"MOD-00557","2026-08-06 07:00:00",6.94283333333333,5.4736553,22.8546666666667,5.38783333333333,36.106,0.032362938,398.216833333333,6.91883333333333,43.3883333333333,31.8266666666667,60,"ok",TRUE
"MOD-00557","2026-08-06 08:00:00",7.5535,7.37787316666667,41.5816666666667,4.6995,41.431,0.036479163,403.931,8.299,46.045,30.5116666666667,60,"ok",TRUE
"MOD-00557","2026-08-06 09:00:00",3.58116666666667,2.23381266666667,10.8013333333333,3.06666666666667,44.4358333333333,0.0388018991666667,373.2685,9.912,45.7483333333333,29.6466666666667,60,"ok",TRUE
"MOD-00557","2026-08-06 10:00:00",3.6305,2.09870226666667,5.11133333333333,3.3185,41.9953333333333,0.0369153926666667,399.831,12.7393333333333,51.41,28.105,60,"ok",TRUE
"MOD-00557","2026-08-06 11:00:00",3.4975,1.97147473333333,4.155,3.231,44.2006666666667,0.0386201153333334,392.451666666667,9.59133333333333,50.4983333333333,27.9216666666667,60,"ok",TRUE
"MOD-00557","2026-08-06 12:00:00",3.3465,1.8274157,5.46233333333333,3.11066666666667,44.7213333333334,0.0390225906666667,375.708,8.66566666666666,49.2516666666667,27.9966666666667,60,"ok",TRUE
"MOD-00557","2026-08-06 13:00:00",3.21183333333333,1.79443406666667,5.68933333333334,2.93,43.467,0.038052991,364.825333333333,8.401,48.6116666666667,28.1633333333333,60,"ok",TRUE
"MOD-00557","2026-08-06 14:00:00",2.764,1.42291163333333,4.54566666666666,2.463,48.2025,0.0417135325,346.891333333333,6.01533333333333,39.2266666666667,32.4,60,"ok",TRUE
"MOD-00557","2026-08-06 15:00:00",1.90266666666667,0.747504583333333,4.1775,1.63366666666667,49.017,0.042343141,219.994666666667,6.09516666666667,29.93,35.8533333333333,60,"ok",TRUE
"MOD-00557","2026-08-06 16:00:00",2.093,0.805491983333334,4.19916666666667,1.8495,48.8535,0.0422167555,215.5425,6.86583333333333,27.1,36.82,60,"ok",TRUE
"MOD-00557","2026-08-06 17:00:00",2.399,1.03043431666667,4.09283333333333,2.138,47.682,0.041311186,309.178166666667,9.07766666666667,28.2783333333333,36.42,60,"ok",TRUE
"MOD-00557","2026-08-06 18:00:00",2.87716666666667,1.16695818333333,4.37316666666667,2.66466666666667,50.143,0.043213539,242.013166666667,7.0645,23.9566666666667,39.7616666666667,60,"ok",TRUE
"MOD-00557","2026-08-06 19:00:00",3.83033333333333,1.91045868333333,5.69883333333333,3.514,45.1058333333333,0.0393198091666667,323.725833333333,12.8825,26.8566666666667,38.7416666666667,60,"ok",TRUE
"MOD-00557","2026-08-06 20:00:00",4.0275,2.13021306666667,5.58266666666667,3.67633333333333,44.6478333333333,0.0389657751666667,404.2735,13.1118333333333,29.4183333333333,36.9566666666667,60,"ok",TRUE
"MOD-00557","2026-08-06 21:00:00",3.587,1.7981864,5.88333333333333,3.26333333333333,46.3401666666667,0.0402739488333333,373.626,10.1028333333333,27.68,37.6766666666667,60,"ok",TRUE
"MOD-00557","2026-08-06 22:00:00",3.65633333333333,1.81853408333333,6.67683333333333,3.29633333333333,48.598,0.042019254,339.7505,8.70483333333333,25.1116666666667,39.7916666666667,60,"ok",TRUE
"MOD-00557","2026-08-06 23:00:00",3.66783333333333,1.67045333333333,5.16566666666667,3.38366666666667,50.2916666666666,0.0433284583333333,266.553333333333,8.50333333333333,22.3,42.2183333333333,60,"ok",TRUE
"MOD-00557","2026-08-07 00:00:00",4.16183333333333,2.06685441666666,7.9915,3.81,47.6681666666667,0.0413004928333333,362.3045,14.2363333333333,25.3183333333333,41.3716666666667,60,"ok",TRUE
"MOD-00557","2026-08-07 01:00:00",4.567,2.46078271666667,6.30383333333333,4.16866666666667,42.6593333333333,0.0374286646666667,421.012666666667,15.6916666666667,28.095,38.955,60,"ok",TRUE
"MOD-00557","2026-08-07 02:00:00",4.93666666666667,2.86292908333333,7.5385,4.452,39.1998333333333,0.0347544711666667,448.111,15.9688333333333,31.5116666666667,36.4733333333333,60,"ok",TRUE
"MOD-00557","2026-08-07 03:00:00",4.95316666666667,3.05829033333333,9.01,4.35383333333333,37.1626666666667,0.0331797413333333,475.436333333333,14.9521666666667,35.425,34.6883333333333,60,"ok",TRUE
"MOD-00557","2026-08-07 04:00:00",5.21783333333333,3.3138118,8.666,4.573,32.3341666666667,0.0294473108333333,462.600666666667,12.0033333333333,37.9983333333333,33.6233333333333,60,"ok",TRUE
"MOD-00557","2026-08-07 05:00:00",5.74833333333333,3.65867028333333,8.45316666666667,5.11516666666667,31.5395,0.0288330335,448.022166666667,8.3065,39.735,32.6883333333333,60,"ok",TRUE
"MOD-00557","2026-08-07 06:00:00",5.75833333333333,3.62052648333333,8.23716666666667,5.17283333333333,32.5616666666667,0.0296231683333333,427.527333333333,6.91066666666667,40.57,32.2283333333333,60,"ok",TRUE
"MOD-00557","2026-08-07 07:00:00",5.98633333333333,3.73594023333333,9.32066666666667,5.42083333333333,33.5851666666667,0.0304143338333333,418.679333333333,6.61416666666667,41.575,32.0133333333333,60,"ok",TRUE
"MOD-00557","2026-08-07 08:00:00",5.99833333333333,3.78728986666667,10.054,5.41683333333333,27.9928333333333,0.0260914601666667,415.019666666667,6.67116666666667,43.9116666666667,31.0216666666667,60,"ok",TRUE
"MOD-00557","2026-08-07 09:00:00",6.414,4.19047308333333,10.7441666666667,5.74133333333333,24.6045,0.0234722785,431.3495,6.8555,46.5933333333333,29.815,60,"ok",TRUE
"MOD-00557","2026-08-07 10:00:00",6.58283333333333,4.20463953333333,9.68333333333334,5.962,34.7121666666667,0.0312855048333333,419.553333333333,6.28216666666667,46.2383333333333,30.9666666666667,60,"ok",TRUE
"MOD-00557","2026-08-07 11:00:00",6.787,4.38922198333334,11.7368333333333,6.11116666666667,29.5698333333333,0.0273104811666667,387.575333333333,5.62666666666667,45.605,30.8383333333333,60,"ok",TRUE
"MOD-00557","2026-08-07 12:00:00",7.236,4.70112924999999,12.5738333333333,6.5405,29.4291666666667,0.0272017458333333,401.798333333333,5.93333333333333,47.5583333333333,30.3666666666667,60,"ok",TRUE
"MOD-00557","2026-08-07 13:00:00",6.59666666666667,4.25637225,13.6478333333333,5.92233333333333,31.3595,0.0286938935,398.840166666667,5.50183333333333,46.595,30.7883333333333,60,"ok",TRUE
"MOD-00557","2026-08-07 14:00:00",6.63466666666667,4.09597608333334,10.9251666666667,6.02966666666667,40.2123333333333,0.0355371336666667,342.791666666667,5.83483333333333,38.13,34.7666666666667,60,"ok",TRUE
"MOD-00557","2026-08-07 15:00:00",6.07716666666667,3.59373655,9.67883333333333,5.499,43.0023333333333,0.0376938036666667,248.8045,7.13016666666667,30.4283333333333,39.1983333333334,60,"ok",TRUE
"MOD-00557","2026-08-07 16:00:00",5.3435,3.06755941666667,10.2801666666667,4.72316666666666,46.4098333333333,0.0403278011666667,156.966,6.98533333333333,24.9016666666667,43.1866666666667,60,"ok",TRUE
"MOD-00557","2026-08-07 17:00:00",4.57283333333333,2.30816601666667,8.14316666666667,4.1235,47.6513333333334,0.0412874806666667,114.614,5.8855,21.0566666666667,45.955,60,"ok",TRUE
"MOD-00557","2026-08-07 18:00:00",4.86508474576271,2.67475705084746,13.6745762711864,4.24949152542373,44.6381355932203,0.0389582788135593,229.443559322034,8.41016949152542,21.5389830508474,45.364406779661,59,"ok",TRUE
"MOD-00557","2026-08-07 19:00:00",5.19833333333333,2.95449401666667,10.0365,4.55116666666667,45.3465,0.0395058445,284.540333333333,8.94816666666666,21.1166666666667,45.1516666666667,60,"ok",TRUE
"MOD-00557","2026-08-07 20:00:00",4.968,2.74400631666667,9.27316666666667,4.345,46.4838333333334,0.0403850031666667,276.5195,8.59933333333333,19.5916666666667,46.5916666666667,60,"ok",TRUE
"MOD-00557","2026-08-07 21:00:00",5.49677966101695,3.26503238983051,20.0432203389831,4.61627118644068,48.8384745762712,0.0422051408474576,238.407118644068,7.77559322033898,17.3762711864407,48.3237288135593,59,"ok",TRUE
"MOD-00557","2026-08-07 22:00:00",5.80033333333334,3.47043568333334,11.2241666666667,4.94466666666666,47.7925,0.0413966025,296.877,10.1993333333333,16.5066666666667,48.8983333333333,60,"ok",TRUE
"MOD-00557","2026-08-07 23:00:00",5.83583333333334,3.31518706666667,13.3196666666667,5.13283333333333,46.2691666666667,0.0402190658333333,332.525833333333,15.2111666666667,17.0416666666667,47.93,60,"ok",TRUE
"MOD-00557","2026-08-08 00:00:00",5.46333333333333,3.1630074,11.2366666666667,4.7535,44.7603333333333,0.0390527376666667,406.727,17.8735,18.1666666666667,46.0316666666667,60,"ok",TRUE
"MOD-00557","2026-08-08 01:00:00",5.52983050847458,3.22605157627119,10.0194915254237,4.87864406779661,42.9298305084746,0.0376377589830509,466.891694915254,20.2559322033898,20.4084745762712,43.1169491525424,59,"ok",TRUE
"MOD-00557","2026-08-08 02:00:00",5.85833333333333,3.7510012,13.0573333333333,4.99683333333333,41.1863333333333,0.0362900356666667,490.943666666667,17.7911666666667,22.66,40.405,60,"ok",TRUE
"MOD-00557","2026-08-08 03:00:00",5.71533333333333,3.69412991666667,12.9175,4.8715,39.429,0.034931617,499.218666666667,12.9335,24.5933333333333,38.6016666666667,60,"ok",TRUE
"MOD-00557","2026-08-08 04:00:00",5.56983333333333,3.53180441666667,10.4541666666667,4.8305,35.8523333333333,0.0321668536666667,492.298333333333,11.992,27.16,37.22,60,"ok",TRUE
"MOD-00557","2026-08-08 05:00:00",5.28333333333333,3.30322518333333,8.54683333333333,4.61516666666667,34.5701666666667,0.0311757388333333,471.464833333334,9.925,28.6333333333333,36.3816666666667,60,"ok",TRUE
"MOD-00557","2026-08-08 06:00:00",5.71783333333333,3.49363035,8.86316666666667,5.131,34.5888333333333,0.0311901681666667,460.064,8.76166666666667,30.525,35.5766666666667,60,"ok",TRUE
"MOD-00557","2026-08-08 07:00:00",5.8475,3.5772978,7.93833333333334,5.28616666666667,35.036,0.031535828,448.566333333333,7.64966666666667,31.9216666666667,34.6266666666667,60,"ok",TRUE
"MOD-00557","2026-08-08 08:00:00",5.73516666666667,3.66690685,10.1568333333333,5.05383333333333,33.6378333333333,0.0304550451666667,434.865666666667,7.09666666666667,32.7716666666667,33.7483333333333,60,"ok",TRUE
"MOD-00557","2026-08-08 09:00:00",5.1925,3.39504135,9.2305,4.47833333333334,33.0075,0.0299677975,421.4255,6.76516666666667,33.4566666666667,33.13,60,"ok",TRUE
"MOD-00557","2026-08-08 10:00:00",5.6345,3.71020318333333,12.7105,4.884,29.6258333333333,0.0273537691666667,421.678333333333,6.51533333333333,35.2,32.4516666666667,60,"ok",TRUE
"MOD-00557","2026-08-08 11:00:00",7.81583333333334,7.40191280000001,30.9743333333333,5.0915,26.8816666666667,0.0252325283333333,460.715666666667,9.352,40.2433333333334,32.37,60,"ok",TRUE
"MOD-00557","2026-08-08 12:00:00",7.69866666666667,6.60565646666667,24.33,5.5985,29.0906666666667,0.0269400853333333,446.812,5.99816666666666,40.545,32.115,60,"ok",TRUE
"MOD-00557","2026-08-08 13:00:00",7.22916666666667,6.22825208333333,24.5125,5.1875,29.9996666666667,0.0276427423333333,426.684,5.54716666666667,39.8483333333333,32.4783333333333,60,"ok",TRUE
"MOD-00557","2026-08-08 14:00:00",7.23233333333333,5.95678338333333,23.9791666666667,5.34166666666667,36.4678333333333,0.0326426351666667,369.404333333333,5.8185,34.675,35.4883333333333,60,"ok",TRUE
"MOD-00557","2026-08-08 15:00:00",6.37666666666667,5.02276085,20.4801666666667,4.7535,39.688,0.035131824,301.083666666667,6.32033333333333,29.375,38.635,60,"ok",TRUE
"MOD-00557","2026-08-08 16:00:00",7.1265,5.36882783333334,20.7236666666667,5.48783333333333,44.243,0.038652839,177.984833333333,6.86933333333333,22.8066666666667,43.325,60,"ok",TRUE
"MOD-00557","2026-08-08 17:00:00",7.00133333333333,5.02550595,23.3068333333333,5.47683333333333,46.2351666666667,0.0401927838333333,100.841833333333,5.9805,18.6233333333333,46.85,60,"ok",TRUE
"MOD-00557","2026-08-08 18:00:00",7.13147058823529,5.12214823529412,17.4494117647059,5.61911764705882,45.5561764705882,0.0396679244117647,190.642647058824,6.17794117647059,18.2941176470588,47.2558823529412,34,"ok",FALSE
"MOD-00558","2026-07-30 00:00:00",NA,NA,NA,NA,43.7166101694915,0.0359750394576271,496.411694915254,25.444406779661,18.8406779661017,45.4220338983051,59,"opc_down",TRUE
"MOD-00558","2026-07-30 01:00:00",NA,NA,NA,NA,41.4095,0.0343194572,524.227833333333,30.7793333333333,20.7966666666667,42.85,60,"opc_down",TRUE
"MOD-00558","2026-07-30 02:00:00",NA,NA,NA,NA,37.7403333333333,0.0316864632,579.015,37.0518333333333,24.865,39.6683333333333,60,"opc_down",TRUE
"MOD-00558","2026-07-30 03:00:00",NA,NA,NA,NA,36.451,0.0307612376,570.382,28.6761666666667,27.5816666666667,37.505,60,"opc_down",TRUE
"MOD-00558","2026-07-30 04:00:00",NA,NA,NA,NA,35.5465,0.0301121684,520.535166666667,11.7913333333333,28.0466666666667,35.9083333333333,60,"opc_down",TRUE
"MOD-00558","2026-07-30 05:00:00",NA,NA,NA,NA,35.5073333333333,0.0300840624,464.5885,9.46016666666667,26.8583333333333,35.4116666666667,60,"opc_down",TRUE
"MOD-00558","2026-07-30 06:00:00",NA,NA,NA,NA,34.8081666666667,0.0295823404,438.8975,8.53783333333334,26.3483333333333,34.9833333333333,60,"opc_down",TRUE
"MOD-00558","2026-07-30 07:00:00",NA,NA,NA,NA,35.6165,0.0301624004,427.7725,8.31033333333333,25.805,34.015,60,"opc_down",TRUE
"MOD-00558","2026-07-30 08:00:00",NA,NA,NA,NA,37.9653333333333,0.0318479232,406.934666666667,8.48916666666667,24.7933333333333,33.735,60,"opc_down",TRUE
"MOD-00558","2026-07-30 09:00:00",NA,NA,NA,NA,31.7485,0.0273867236,452.006833333333,10.0821666666667,28.105,32.2266666666667,60,"opc_down",TRUE
"MOD-00558","2026-07-30 10:00:00",NA,NA,NA,NA,29.8585,0.0260304596,488.829833333333,10.5025,31.4633333333333,31.0983333333333,60,"opc_down",TRUE
"MOD-00558","2026-07-30 11:00:00",NA,NA,NA,NA,25.2145,0.0226979252,493.9625,11.2008333333333,34.2983333333333,30.46,60,"opc_down",TRUE
"MOD-00558","2026-07-30 12:00:00",NA,NA,NA,NA,20.7,0.01945832,498.359333333333,8.876,35.745,29.78,60,"opc_down",TRUE
"MOD-00558","2026-07-30 13:00:00",NA,NA,NA,NA,23.443,0.0214266968,500.697666666667,6.08416666666667,33.9183333333333,30.2633333333333,60,"opc_down",TRUE
"MOD-00558","2026-07-30 14:00:00",NA,NA,NA,NA,34.0475,0.029036486,466.373,6.22366666666667,29.585,33.1616666666667,60,"opc_down",TRUE
"MOD-00558","2026-07-30 15:00:00",NA,NA,NA,NA,43.1163333333333,0.0355442808,292.475666666667,6.49433333333333,21.83,38.955,60,"opc_down",TRUE
"MOD-00558","2026-07-30 16:00:00",NA,NA,NA,NA,44.46,0.036508496,253.543333333333,6.697,19.0633333333333,41.7683333333333,60,"opc_down",TRUE
"MOD-00558","2026-07-30 17:00:00",NA,NA,NA,NA,45.6647457627119,0.037373021559322,255.409152542373,6.99050847457627,16.5135593220339,43.9949152542373,59,"opc_down",TRUE
"MOD-00558","2026-07-30 18:00:00",NA,NA,NA,NA,46.4006666666667,0.0379011184,253.784333333333,11.9143333333333,14.755,46.225,60,"opc_down",TRUE
"MOD-00558","2026-07-30 19:00:00",NA,NA,NA,NA,44.3776666666667,0.0364494136,357.680166666667,14.8555,15.7116666666667,46.475,60,"opc_down",TRUE
"MOD-00558","2026-07-30 20:00:00",NA,NA,NA,NA,48.055,0.039088268,376.2225,12.6486666666667,15.12,47.9416666666667,60,"opc_down",TRUE
"MOD-00558","2026-07-30 21:00:00",NA,NA,NA,NA,49.5398333333333,0.0401537844,346.571666666667,11.708,13.5933333333333,49.6316666666667,60,"opc_down",TRUE
"MOD-00558","2026-07-30 22:00:00",NA,NA,NA,NA,47.3626666666667,0.0385914496,385.3945,13.2651666666667,13.3283333333333,49.4616666666667,60,"opc_down",TRUE
"MOD-00558","2026-07-30 23:00:00",NA,NA,NA,NA,44.8268333333333,0.0367717356,473.414,19.6256666666667,14.2966666666667,47.8383333333333,60,"opc_down",TRUE
"MOD-00558","2026-07-31 00:00:00",NA,NA,NA,NA,43.6586440677966,0.0359334429830509,495.272372881356,22.0061016949152,14.971186440678,46.1983050847458,59,"opc_down",TRUE
"MOD-00558","2026-07-31 01:00:00",NA,NA,NA,NA,40.375,0.0335771,526.1545,27.6465,16.5633333333333,43.7883333333333,60,"opc_down",TRUE
"MOD-00558","2026-07-31 02:00:00",NA,NA,NA,NA,35.217,0.0298757192,589.218,35.7863333333333,20.445,40.0183333333333,60,"opc_down",TRUE
"MOD-00558","2026-07-31 03:00:00",NA,NA,NA,NA,33.7941666666667,0.028854694,586.312166666666,31.9545,23.2,37.3516666666667,60,"opc_down",TRUE
"MOD-00558","2026-07-31 04:00:00",NA,NA,NA,NA,34.173,0.0291265448,561.678,15.0565,24.9233333333333,35.3483333333333,60,"opc_down",TRUE
"MOD-00558","2026-07-31 05:00:00",NA,NA,NA,NA,30.7995,0.0267057212,517.710166666667,10.257,24.86,34.2516666666667,60,"opc_down",TRUE
"MOD-00558","2026-07-31 06:00:00",NA,NA,NA,NA,34.0321666666667,0.0290254828,438.626,8.04683333333333,22.4016666666667,34.065,60,"opc_down",TRUE
"MOD-00558","2026-07-31 07:00:00",NA,NA,NA,NA,37.5051666666667,0.0315177076,448.589666666667,14.3775,23.8333333333333,34.8333333333333,60,"opc_down",TRUE
"MOD-00558","2026-07-31 08:00:00",NA,NA,NA,NA,41.0031666666667,0.0340278724,561.743333333333,38.8065,32.5416666666667,34.4016666666667,60,"opc_down",TRUE
"MOD-00558","2026-07-31 09:00:00",NA,NA,NA,NA,40.6743333333334,0.0337919016,548.707333333333,19.1546666666667,35.7966666666667,33.1016666666667,60,"opc_down",TRUE
"MOD-00558","2026-07-31 10:00:00",NA,NA,NA,NA,39.2501666666667,0.0327699196,526.181333333333,13.759,38.825,31.9633333333333,60,"opc_down",TRUE
"MOD-00558","2026-07-31 11:00:00",NA,NA,NA,NA,40.8166666666667,0.03389404,497.109166666667,8.62383333333334,40.12,31.185,60,"opc_down",TRUE
"MOD-00558","2026-07-31 12:00:00",NA,NA,NA,NA,36.419,0.0307382744,499.9675,8.30516666666667,42.97,29.6583333333333,60,"opc_down",TRUE
"MOD-00558","2026-07-31 13:00:00",NA,NA,NA,NA,37.7216666666667,0.031673068,524.703666666667,6.299,41.5516666666666,30.4,60,"opc_down",TRUE
"MOD-00558","2026-07-31 14:00:00",NA,NA,NA,NA,45.8415,0.0374998604,379.888666666667,6.67266666666666,30.7233333333334,36.69,60,"opc_down",TRUE
"MOD-00558","2026-07-31 15:00:00",NA,NA,NA,NA,46.3476666666667,0.0378630856,229.575333333333,6.3685,22.9966666666667,41.4383333333333,60,"opc_down",TRUE
"MOD-00558","2026-07-31 16:00:00",NA,NA,NA,NA,48.7356666666667,0.0395767144,233.763166666667,5.97333333333333,19.6283333333333,42.8783333333333,60,"opc_down",TRUE
"MOD-00558","2026-07-31 17:00:00",NA,NA,NA,NA,48.4568333333333,0.0393766236,261.726,7.991,17.42,43.9233333333333,60,"opc_down",TRUE
"MOD-00558","2026-07-31 18:00:00",NA,NA,NA,NA,46.8833898305085,0.0382475205423729,260.792542372881,11.471186440678,15.171186440678,44.6847457627119,59,"opc_down",TRUE
"MOD-00558","2026-07-31 19:00:00",NA,NA,NA,NA,46.7133333333333,0.038125488,340.383666666667,16.3535,15.4616666666667,44.9066666666667,60,"opc_down",TRUE
"MOD-00558","2026-07-31 20:00:00",NA,NA,NA,NA,50.3891666666666,0.040763266,356.712833333333,14.201,14.6666666666667,46.635,60,"opc_down",TRUE
"MOD-00558","2026-07-31 21:00:00",NA,NA,NA,NA,52.6421666666667,0.0423800188,335.379166666667,11.469,13.265,48.1866666666667,60,"opc_down",TRUE
"MOD-00558","2026-07-31 22:00:00",NA,NA,NA,NA,53.2771186440678,0.0428356603389831,382.87406779661,11.48,13.0050847457627,48.5542372881356,59,"opc_down",TRUE
"MOD-00558","2026-07-31 23:00:00",NA,NA,NA,NA,53.5915,0.0430612604,419.564166666667,14.5926666666667,12.755,47.9366666666667,60,"opc_down",TRUE
"MOD-00558","2026-08-01 00:00:00",NA,NA,NA,NA,49.336,0.0400075136,469.5555,20.3741666666667,13.4666666666667,46.5816666666667,60,"opc_down",TRUE
"MOD-00558","2026-08-01 01:00:00",NA,NA,NA,NA,43.2951666666667,0.0356726116,525.3735,26.8921666666667,15.2716666666667,44.1533333333333,60,"opc_down",TRUE
"MOD-00558","2026-08-01 02:00:00",NA,NA,NA,NA,38.3353333333333,0.0321134352,578.417333333333,34.0591666666667,18.3483333333333,40.3566666666666,60,"opc_down",TRUE
"MOD-00558","2026-08-01 03:00:00",NA,NA,NA,NA,36.3703333333333,0.0307033512,584.073,32.9053333333333,21.0616666666667,37.96,60,"opc_down",TRUE
"MOD-00558","2026-08-01 04:00:00",NA,NA,NA,NA,24.8041666666667,0.02240347,633.8305,28.349,23.4283333333333,35.8933333333333,60,"opc_down",TRUE
"MOD-00558","2026-08-01 05:00:00",NA,NA,NA,NA,29.8136666666667,0.0259982872,565.2925,12.966,25.4366666666667,34.125,60,"opc_down",TRUE
"MOD-00558","2026-08-01 06:00:00",NA,NA,NA,NA,34.0466666666667,0.029035888,509.093,9.84283333333333,24.7616666666667,33.8083333333333,60,"opc_down",TRUE
"MOD-00558","2026-08-01 07:00:00",NA,NA,NA,NA,33.4671666666667,0.0286200388,477.026166666667,9.83833333333333,25.45,33.0683333333333,60,"opc_down",TRUE
"MOD-00558","2026-08-01 08:00:00",NA,NA,NA,NA,31.193,0.0269880968,509.310333333333,10.5625,28.45,31.8666666666667,60,"opc_down",TRUE
"MOD-00558","2026-08-01 09:00:00",NA,NA,NA,NA,29.5075,0.025778582,508.383,8.99816666666667,31.1083333333333,31.93,60,"opc_down",TRUE
"MOD-00558","2026-08-01 10:00:00",NA,NA,NA,NA,30.7616666666667,0.026678572,506.5445,9.1835,33.45,31.435,60,"opc_down",TRUE
"MOD-00558","2026-08-01 11:00:00",NA,NA,NA,NA,29.427,0.0257208152,486.481333333333,7.02483333333333,34.405,31.2933333333333,60,"opc_down",TRUE
"MOD-00558","2026-08-01 12:00:00",NA,NA,NA,NA,26.8361666666667,0.0238616332,479.7675,6.27383333333333,35.6033333333333,30.7483333333333,60,"opc_down",TRUE
"MOD-00558","2026-08-01 13:00:00",NA,NA,NA,NA,32.7305,0.0280914068,471.528666666667,6.168,35.4533333333333,31.605,60,"opc_down",TRUE
"MOD-00558","2026-08-01 14:00:00",NA,NA,NA,NA,37.5585,0.0315559796,410.296166666666,6.13116666666667,30.205,34.3933333333333,60,"opc_down",TRUE
"MOD-00558","2026-08-01 15:00:00",NA,NA,NA,NA,42.1596610169491,0.0348577727457627,310.562711864407,6.50406779661017,22.8813559322034,39.1338983050847,59,"opc_down",TRUE
"MOD-00558","2026-08-01 16:00:00",NA,NA,NA,NA,49.4746666666667,0.0401070208,195.605166666667,5.93983333333333,17.8266666666667,43.8266666666667,60,"opc_down",TRUE
"MOD-00558","2026-08-01 17:00:00",NA,NA,NA,NA,55.7981666666667,0.0446447644,170.158833333333,6.6235,14.9266666666667,47.515,60,"opc_down",TRUE
"MOD-00558","2026-08-01 18:00:00",NA,NA,NA,NA,54.2771666666667,0.0435532948,259.331,12.9478333333333,14.1783333333333,48.1016666666667,60,"opc_down",TRUE
"MOD-00558","2026-08-01 19:00:00",NA,NA,NA,NA,49.2218333333333,0.0399255876,374.863833333333,13.7458333333333,14.2483333333333,47.1833333333333,60,"opc_down",TRUE
"MOD-00558","2026-08-01 20:00:00",NA,NA,NA,NA,50.1668333333333,0.0406037196,310.491833333333,12.483,12.485,48.7416666666667,60,"opc_down",TRUE
"MOD-00558","2026-08-01 21:00:00",NA,NA,NA,NA,49.9445,0.0404441732,385.7855,13.146,12.6383333333333,49.8466666666666,60,"opc_down",TRUE
"MOD-00558","2026-08-01 22:00:00",NA,NA,NA,NA,47.0956666666667,0.0383998504,399.569833333333,13.1563333333333,12.085,49.0816666666667,60,"opc_down",TRUE
"MOD-00558","2026-08-01 23:00:00",NA,NA,NA,NA,46.4711666666667,0.0379517092,447.129666666667,14.5726666666667,12.1966666666667,47.9466666666667,60,"opc_down",TRUE
"MOD-00558","2026-08-02 00:00:00",NA,NA,NA,NA,44.6001666666667,0.0366090796,495.541833333333,20.3753333333333,13.14,46.755,60,"opc_down",TRUE
"MOD-00558","2026-08-02 01:00:00",NA,NA,NA,NA,41.6661016949152,0.0345035945762712,534.650847457627,24.6723728813559,14.6779661016949,44.6203389830508,59,"opc_down",TRUE
"MOD-00558","2026-08-02 02:00:00",NA,NA,NA,NA,35.5931666666667,0.0301456564,587.9535,32.1571666666667,17.5266666666667,40.3433333333333,60,"opc_down",TRUE
"MOD-00558","2026-08-02 03:00:00",NA,NA,NA,NA,36.8231666666667,0.0310283044,756.608333333333,29.4518333333333,19.4183333333333,38.02,60,"opc_down",TRUE
"MOD-00558","2026-08-02 04:00:00",NA,NA,NA,NA,35.0445,0.0297519332,570.521666666667,16.207,20.5216666666667,36.5716666666667,60,"opc_down",TRUE
"MOD-00558","2026-08-02 05:00:00",NA,NA,NA,NA,31.8908333333333,0.027488862,586.802833333333,12.619,22.3933333333333,34.5883333333333,60,"opc_down",TRUE
"MOD-00558","2026-08-02 06:00:00",NA,NA,NA,NA,29.8618333333333,0.0260328516,563.0325,10.5993333333333,22.865,33.9183333333333,60,"opc_down",TRUE
"MOD-00558","2026-08-02 07:00:00",NA,NA,NA,NA,31.3736666666667,0.0271177432,506.789666666667,9.37783333333334,22.6366666666667,34.1116666666667,60,"opc_down",TRUE
"MOD-00558","2026-08-02 08:00:00",NA,NA,NA,NA,33.9351666666667,0.0289558756,485.570666666667,10.2311666666667,23.875,33.9533333333333,60,"opc_down",TRUE
"MOD-00558","2026-08-02 09:00:00",NA,NA,NA,NA,34.1373333333333,0.0291009504,538.743,11.6796666666667,26.8283333333333,34.5116666666667,60,"opc_down",TRUE
"MOD-00558","2026-08-02 10:00:00",NA,NA,NA,NA,34.9398333333333,0.0296768244,517.472,9.939,28.095,33.995,60,"opc_down",TRUE
"MOD-00558","2026-08-02 11:00:00",NA,NA,NA,NA,37.0348333333333,0.0311801964,497.843333333333,9.44466666666667,29.235,33.4283333333333,60,"opc_down",TRUE
"MOD-00558","2026-08-02 12:00:00",NA,NA,NA,NA,37.2723333333333,0.0313506264,488.344833333333,8.04183333333333,30.2616666666667,32.9716666666666,60,"opc_down",TRUE
"MOD-00558","2026-08-02 13:00:00",NA,NA,NA,NA,36.4896666666667,0.0307889848,491.53,8.09633333333334,31.0316666666667,33.3566666666667,60,"opc_down",TRUE
"MOD-00558","2026-08-02 14:00:00",NA,NA,NA,NA,40.4895,0.0336592652,477.843,7.56933333333333,29.6566666666667,35.605,60,"opc_down",TRUE
"MOD-00558","2026-08-02 15:00:00",NA,NA,NA,NA,43.0605,0.0355042148,446.807333333333,8.78066666666667,29.8266666666667,37.7533333333333,60,"opc_down",TRUE
"MOD-00558","2026-08-02 16:00:00",NA,NA,NA,NA,46.9586666666666,0.0383015392,387.889666666667,6.79,26.4533333333333,40.2683333333333,60,"opc_down",TRUE
"MOD-00558","2026-08-02 17:00:00",NA,NA,NA,NA,47.843,0.0389361368,335.800166666667,6.617,23.58,42.4816666666667,60,"opc_down",TRUE
"MOD-00558","2026-08-02 18:00:00",NA,NA,NA,NA,47.6181666666667,0.0387747964,259.514666666667,5.99216666666667,19.2233333333333,43.8133333333334,60,"opc_down",TRUE
"MOD-00558","2026-08-02 19:00:00",NA,NA,NA,NA,45.6593220338983,0.0373691294915254,327.860677966102,11.0928813559322,18.6305084745763,43.8389830508474,59,"opc_down",TRUE
"MOD-00558","2026-08-02 20:00:00",NA,NA,NA,NA,50.363,0.0407444888,296.848333333333,9.068,16.26,46.5116666666666,60,"opc_down",TRUE
"MOD-00558","2026-08-02 21:00:00",NA,NA,NA,NA,55.0656666666667,0.0441191224,210.837666666667,9.77816666666667,13.3116666666667,49.8683333333333,60,"opc_down",TRUE
"MOD-00558","2026-08-02 22:00:00",NA,NA,NA,NA,51.9441666666667,0.041879134,278.580666666667,11.8506666666667,12.3516666666667,49.9483333333333,60,"opc_down",TRUE
"MOD-00558","2026-08-02 23:00:00",NA,NA,NA,NA,49.202,0.0399113552,407.124,13.2701666666667,12.7183333333333,48.5533333333333,60,"opc_down",TRUE
"MOD-00558","2026-08-03 00:00:00",NA,NA,NA,NA,48.1533333333333,0.039158832,468.794333333333,18.1723333333333,13.4316666666667,47.5783333333333,60,"opc_down",TRUE
"MOD-00558","2026-08-03 01:00:00",NA,NA,NA,NA,42.3465,0.0349918484,562.815666666667,26.943,15.4,44.86,60,"opc_down",TRUE
"MOD-00558","2026-08-03 02:00:00",NA,NA,NA,NA,36.7821666666667,0.0309988828,676.937833333333,34.5933333333333,19.3266666666667,40.4216666666667,60,"opc_down",TRUE
"MOD-00558","2026-08-03 03:00:00",NA,NA,NA,NA,36.4568333333333,0.0307654236,655.3815,33.6113333333333,23.1716666666667,37.94,60,"opc_down",TRUE
"MOD-00558","2026-08-03 04:00:00",NA,NA,NA,NA,37.0596666666667,0.0311980168,593.282166666667,20.6715,24.7783333333333,36.555,60,"opc_down",TRUE
"MOD-00558","2026-08-03 05:00:00",NA,NA,NA,NA,35.0533333333333,0.029758272,551.443166666667,10.7106666666667,24.6166666666667,35.1566666666667,60,"opc_down",TRUE
"MOD-00558","2026-08-03 06:00:00",NA,NA,NA,NA,35.363,0.0299804888,526.919666666667,10.3981666666667,25.5383333333333,34.2283333333333,60,"opc_down",TRUE
"MOD-00558","2026-08-03 07:00:00",NA,NA,NA,NA,35.7455,0.0302549708,522.875333333333,10.5036666666667,28.0816666666667,33.9766666666667,60,"opc_down",TRUE
"MOD-00558","2026-08-03 08:00:00",NA,NA,NA,NA,34.9721666666667,0.0297000268,510.597333333333,8.781,29.54,33.66,60,"opc_down",TRUE
"MOD-00558","2026-08-03 09:00:00",NA,NA,NA,NA,34.0631666666667,0.0290477284,491.006833333333,7.974,29.9883333333333,33.605,60,"opc_down",TRUE
"MOD-00558","2026-08-03 10:00:00",NA,NA,NA,NA,36.2341666666667,0.030605638,485.913666666667,7.89983333333333,31.365,33.93,60,"opc_down",TRUE
"MOD-00558","2026-08-03 11:00:00",NA,NA,NA,NA,35.3775,0.029990894,482.1555,8.10016666666667,33.3916666666667,33.9233333333333,60,"opc_down",TRUE
"MOD-00558","2026-08-03 12:00:00",NA,NA,NA,NA,33.7198333333333,0.0288013524,483.879166666667,8.611,35.5416666666667,33.01,60,"opc_down",TRUE
"MOD-00558","2026-08-03 13:00:00",NA,NA,NA,NA,37.3898333333333,0.0314349444,472.230166666667,7.0575,35.9733333333333,32.99,60,"opc_down",TRUE
"MOD-00558","2026-08-03 14:00:00",NA,NA,NA,NA,39.1598333333333,0.0327050964,426.959166666666,6.48466666666667,32.7433333333333,34.3583333333333,60,"opc_down",TRUE
"MOD-00558","2026-08-03 15:00:00",NA,NA,NA,NA,44.6533333333333,0.036647232,337.071166666667,6.18066666666667,26.6916666666667,37.9133333333333,60,"opc_down",TRUE
"MOD-00558","2026-08-03 16:00:00",NA,NA,NA,NA,48.1671666666667,0.0391687588,240.040333333333,6.14633333333333,21.245,41.4283333333333,60,"opc_down",TRUE
"MOD-00558","2026-08-03 17:00:00",NA,NA,NA,NA,49.3606779661017,0.0400252225084746,207.213898305085,6.30457627118644,17.835593220339,44.3135593220339,59,"opc_down",TRUE
"MOD-00558","2026-08-03 18:00:00",NA,NA,NA,NA,46.7895,0.0381801452,355.254666666667,12.0511666666667,17.1183333333333,44.6233333333333,60,"opc_down",TRUE
"MOD-00558","2026-08-03 19:00:00",NA,NA,NA,NA,49.9353333333333,0.0404375952,263.833,12.7738333333333,15.2916666666667,47.0633333333333,60,"opc_down",TRUE
"MOD-00558","2026-08-03 20:00:00",NA,NA,NA,NA,48.4888333333333,0.0393995868,310.491166666667,13.858,14.165,48.185,60,"opc_down",TRUE
"MOD-00558","2026-08-03 21:00:00",NA,NA,NA,NA,50.0175,0.040496558,303.127333333333,12.0455,12.625,49.2133333333333,60,"opc_down",TRUE
"MOD-00558","2026-08-03 22:00:00",NA,NA,NA,NA,47.4791666666667,0.03867505,404.3195,14.2591666666667,13.08,48.6883333333333,60,"opc_down",TRUE
"MOD-00558","2026-08-03 23:00:00",NA,NA,NA,NA,45.5418333333333,0.0372848196,467.808333333333,17.8955,13.565,47.2966666666667,60,"opc_down",TRUE
"MOD-00558","2026-08-04 00:00:00",NA,NA,NA,NA,45.0852542372881,0.036957178440678,482.215593220339,18.4050847457627,13.9084745762712,46.6457627118644,59,"opc_down",TRUE
"MOD-00558","2026-08-04 01:00:00",NA,NA,NA,NA,41.1485,0.0341321636,555.107166666667,24.1926666666667,15.36,44.4016666666667,60,"opc_down",TRUE
"MOD-00558","2026-08-04 02:00:00",NA,NA,NA,NA,37.4265,0.0314612564,582.364833333333,30.0701666666667,18.54,40.8916666666667,60,"opc_down",TRUE
"MOD-00558","2026-08-04 03:00:00",NA,NA,NA,NA,30.6253333333333,0.0265807392,752.023833333333,60.3843333333333,33.4366666666667,34.7433333333333,60,"opc_down",TRUE
"MOD-00558","2026-08-04 04:00:00",NA,NA,NA,NA,30.6605,0.0266059748,760.918,67.6108333333333,48.905,29.6533333333333,60,"opc_down",TRUE
"MOD-00558","2026-08-04 05:00:00",NA,NA,NA,NA,39.1778333333333,0.0327180132,647.928,25.184,49.58,28.1316666666667,60,"opc_down",TRUE
"MOD-00558","2026-08-04 06:00:00",NA,NA,NA,NA,42.0488333333333,0.0347782428,538.689833333333,8.66766666666666,47.6283333333333,28.5116666666667,60,"opc_down",TRUE
"MOD-00558","2026-08-04 07:00:00",NA,NA,NA,NA,44.1695,0.0363000332,448.009833333333,5.788,42.0416666666667,29.4733333333333,60,"opc_down",TRUE
"MOD-00558","2026-08-04 08:00:00",NA,NA,NA,NA,40.8653333333333,0.0339289632,449.362,5.83916666666667,44.68,29.5516666666667,60,"opc_down",TRUE
"MOD-00558","2026-08-04 09:00:00",NA,NA,NA,NA,42.4701666666667,0.0350805916,420.753,5.57283333333333,43.87,29.1166666666667,60,"opc_down",TRUE
"MOD-00558","2026-08-04 10:00:00",NA,NA,NA,NA,37.981,0.0318591656,425.006666666667,6.2415,45.9333333333333,28.7516666666667,60,"opc_down",TRUE
"MOD-00558","2026-08-04 11:00:00",NA,NA,NA,NA,28.9936666666667,0.0254098552,459.700666666667,7.59966666666667,51.08,27.4733333333333,60,"opc_down",TRUE
"MOD-00558","2026-08-04 12:00:00",NA,NA,NA,NA,26.4365,0.0235748324,462.023666666667,6.96483333333333,53.3433333333333,26.83,60,"opc_down",TRUE
"MOD-00558","2026-08-04 13:00:00",NA,NA,NA,NA,28.6711666666667,0.0251784292,451.372166666667,5.49383333333333,50.4733333333334,27.815,60,"opc_down",TRUE
"MOD-00558","2026-08-04 14:00:00",NA,NA,NA,NA,38.7258333333333,0.032393658,368.155666666667,6.02866666666667,39.18,32.4,60,"opc_down",TRUE
"MOD-00558","2026-08-04 15:00:00",NA,NA,NA,NA,43.3318333333333,0.0356989236,289.759166666667,5.87783333333333,32.185,35.2816666666667,60,"opc_down",TRUE
"MOD-00558","2026-08-04 16:00:00",NA,NA,NA,NA,48.7555,0.0395909468,244.498833333333,6.98416666666667,26.0166666666667,38.9316666666667,60,"opc_down",TRUE
"MOD-00558","2026-08-04 17:00:00",NA,NA,NA,NA,51.5938333333333,0.0416277348,182.816,5.89283333333333,20.7583333333333,43.3733333333333,60,"opc_down",TRUE
"MOD-00558","2026-08-04 18:00:00",NA,NA,NA,NA,49.674406779661,0.0402503543050848,250.409152542373,8.3828813559322,19.7694915254237,44.2745762711864,59,"opc_down",TRUE
"MOD-00558","2026-08-04 19:00:00",NA,NA,NA,NA,47.2223333333333,0.0384907464,338.425166666667,13.6053333333333,19.8683333333333,43.9983333333333,60,"opc_down",TRUE
"MOD-00558","2026-08-04 20:00:00",NA,NA,NA,NA,48.0256666666667,0.0390672184,342.184666666667,14.9486666666667,18.2216666666667,44.9183333333333,60,"opc_down",TRUE
"MOD-00558","2026-08-04 21:00:00",NA,NA,NA,NA,47.1908333333333,0.038468142,378.274833333334,17.9323333333333,17.6433333333333,45.205,60,"opc_down",TRUE
"MOD-00558","2026-08-04 22:00:00",NA,NA,NA,NA,46.816779661017,0.0381997210847458,388.389322033898,17.5077966101695,17.1254237288136,45.7745762711864,59,"opc_down",TRUE
"MOD-00558","2026-08-04 23:00:00",NA,NA,NA,NA,45.564,0.0373007264,438.480166666667,21.2148333333333,17.8483333333333,45.4166666666666,60,"opc_down",TRUE
"MOD-00558","2026-08-05 00:00:00",NA,NA,NA,NA,43.0498333333333,0.0354965604,486.416,26.4998333333333,19.2216666666667,44.0616666666667,60,"opc_down",TRUE
"MOD-00558","2026-08-05 01:00:00",NA,NA,NA,NA,40.5905,0.0337317428,505.550333333333,29.2183333333333,20.855,42.3133333333333,60,"opc_down",TRUE
"MOD-00558","2026-08-05 02:00:00",NA,NA,NA,NA,36.1156666666667,0.0305206024,589.254833333333,39.5025,25.5066666666667,38.875,60,"opc_down",TRUE
"MOD-00558","2026-08-05 03:00:00",NA,NA,NA,NA,39.9383333333333,0.033263748,559.952166666667,27.4551666666666,27.3816666666667,37.1116666666667,60,"opc_down",TRUE
"MOD-00558","2026-08-05 04:00:00",NA,NA,NA,NA,46.2276666666666,0.0377769736,524.0275,15.5053333333333,29.1983333333333,36.3333333333333,60,"opc_down",TRUE
"MOD-00558","2026-08-05 05:00:00",NA,NA,NA,NA,41.252,0.0342064352,546.308166666667,31.121,34.0816666666667,35.4633333333333,60,"opc_down",TRUE
"MOD-00558","2026-08-05 06:00:00",NA,NA,NA,NA,33.0865,0.0283468724,588.207,32.6948333333333,41.2,34.28,60,"opc_down",TRUE
"MOD-00558","2026-08-05 07:00:00",NA,NA,NA,NA,36.7105,0.0309474548,522.0125,10.2661666666667,42.0083333333333,33.4183333333333,60,"opc_down",TRUE
"MOD-00558","2026-08-05 08:00:00",NA,NA,NA,NA,37.0158333333333,0.031166562,484.390166666667,7.71366666666667,43.3833333333333,32.9633333333333,60,"opc_down",TRUE
"MOD-00558","2026-08-05 09:00:00",NA,NA,NA,NA,33.019,0.0282984344,478.486333333334,7.17483333333333,45.9733333333333,32.61,60,"opc_down",TRUE
"MOD-00558","2026-08-05 10:00:00",NA,NA,NA,NA,29.7998333333333,0.0259883604,466.219166666667,6.49516666666666,48.035,32.1616666666667,60,"opc_down",TRUE
"MOD-00558","2026-08-05 11:00:00",NA,NA,NA,NA,26.0603333333333,0.0233048952,472.583833333333,6.9975,51.9116666666667,31.1316666666667,60,"opc_down",TRUE
"MOD-00558","2026-08-05 12:00:00",NA,NA,NA,NA,34.7068333333333,0.0295096236,418.1495,5.24266666666667,48.2866666666667,31.2733333333333,60,"opc_down",TRUE
"MOD-00558","2026-08-05 13:00:00",NA,NA,NA,NA,32.9173333333333,0.0282254784,424.027333333333,5.278,49.5266666666666,30.98,60,"opc_down",TRUE
"MOD-00558","2026-08-05 14:00:00",NA,NA,NA,NA,39.0513333333333,0.0326272368,405.990833333333,5.87683333333333,43.6216666666667,33.6733333333333,60,"opc_down",TRUE
"MOD-00558","2026-08-05 15:00:00",NA,NA,NA,NA,39.5658333333333,0.032996442,390.155,5.94583333333333,37.5966666666667,36.7816666666667,60,"opc_down",TRUE
"MOD-00558","2026-08-05 16:00:00",NA,NA,NA,NA,44.0253333333333,0.0361965792,303.501833333333,6.75716666666667,29.7933333333333,41.1916666666667,60,"opc_down",TRUE
"MOD-00558","2026-08-05 17:00:00",NA,NA,NA,NA,44.1508474576271,0.0362866481355932,258.016271186441,6.11542372881356,26.6864406779661,42.7491525423729,59,"opc_down",TRUE
"MOD-00558","2026-08-05 18:00:00",NA,NA,NA,NA,42.5258333333333,0.035120538,323.631833333333,7.632,26.0833333333333,43.0183333333333,60,"opc_down",TRUE
"MOD-00558","2026-08-05 19:00:00",NA,NA,NA,NA,41.5355,0.0344098748,378.317833333333,9.56766666666667,26.1483333333333,42.6116666666667,60,"opc_down",TRUE
"MOD-00558","2026-08-05 20:00:00",NA,NA,NA,NA,43.5601666666667,0.0358627756,370.743666666667,8.84766666666667,24.5716666666667,44.015,60,"opc_down",TRUE
"MOD-00558","2026-08-05 21:00:00",NA,NA,NA,NA,45.0283050847458,0.0369163117288136,340.807288135593,9.03389830508475,22.2728813559322,45.6745762711864,59,"opc_down",TRUE
"MOD-00558","2026-08-05 22:00:00",NA,NA,NA,NA,45.4036666666666,0.0371856712,385.437166666667,13.814,21.8383333333333,45.47,60,"opc_down",TRUE
"MOD-00558","2026-08-05 23:00:00",NA,NA,NA,NA,45.7281666666667,0.0374185324,413.9405,16.9383333333333,21.59,44.65,60,"opc_down",TRUE
"MOD-00558","2026-08-06 00:00:00",NA,NA,NA,NA,43.45,0.03578372,440.667833333333,20.9915,22.0033333333333,43.205,60,"opc_down",TRUE
"MOD-00558","2026-08-06 01:00:00",NA,NA,NA,NA,39.476,0.0329319776,505.667833333333,32.7301666666667,25.1766666666667,40.7783333333333,60,"opc_down",TRUE
"MOD-00558","2026-08-06 02:00:00",NA,NA,NA,NA,36.0171666666667,0.0304499188,569.002666666667,41.1586666666667,30.51,37.3483333333333,60,"opc_down",TRUE
"MOD-00558","2026-08-06 03:00:00",NA,NA,NA,NA,33.2245,0.0284459012,575.412666666667,36.6121666666667,34.9716666666667,35.5666666666667,60,"opc_down",TRUE
"MOD-00558","2026-08-06 04:00:00",NA,NA,NA,NA,29.4933333333333,0.025768416,580.563333333333,15.5416666666667,37.205,34.455,60,"opc_down",TRUE
"MOD-00558","2026-08-06 05:00:00",NA,NA,NA,NA,30.9895,0.0268420652,537.050666666666,9.567,37.4466666666667,33.9916666666667,60,"opc_down",TRUE
"MOD-00558","2026-08-06 06:00:00",NA,NA,NA,NA,44.7236666666667,0.0366977032,491.121333333333,27.5638333333333,46.485,29.62,60,"opc_down",TRUE
"MOD-00558","2026-08-06 07:00:00",NA,NA,NA,NA,45.86,0.037513136,503.210666666667,27.4588333333333,56.08,26.2933333333333,60,"opc_down",TRUE
"MOD-00558","2026-08-06 08:00:00",NA,NA,NA,NA,42.2516666666667,0.034923796,512.709333333333,20.9395,62.755,25.445,60,"opc_down",TRUE
"MOD-00558","2026-08-06 09:00:00",NA,NA,NA,NA,40.6261666666667,0.0337573372,465.5675,8.51583333333333,60.1,26.4466666666667,60,"opc_down",TRUE
"MOD-00558","2026-08-06 10:00:00",NA,NA,NA,NA,40.8556666666667,0.0339220264,437.417166666667,7.43916666666667,59.525,26.375,60,"opc_down",TRUE
"MOD-00558","2026-08-06 11:00:00",NA,NA,NA,NA,40.781,0.0338684456,408.132333333333,6.0505,56.5366666666667,26.9816666666667,60,"opc_down",TRUE
"MOD-00558","2026-08-06 12:00:00",NA,NA,NA,NA,38.1345,0.0319693172,414.8215,6.69666666666667,58.1383333333333,26.2416666666667,60,"opc_down",TRUE
"MOD-00558","2026-08-06 13:00:00",NA,NA,NA,NA,36.772,0.0309915872,440.335666666667,6.22,57.1716666666667,26.7133333333333,60,"opc_down",TRUE
"MOD-00558","2026-08-06 14:00:00",NA,NA,NA,NA,36.9268333333333,0.0311026956,434.807166666667,5.56083333333333,54.3933333333333,27.9033333333333,60,"opc_down",TRUE
"MOD-00558","2026-08-06 15:00:00",NA,NA,NA,NA,41.4345,0.0343373972,611.352833333333,6.0255,39.7283333333333,33.485,60,"opc_down",TRUE
"MOD-00558","2026-08-06 16:00:00",NA,NA,NA,NA,43.1498333333333,0.0355683204,267.922333333333,7.45,27.2383333333333,39.555,60,"opc_down",TRUE
"MOD-00558","2026-08-06 17:00:00",NA,NA,NA,NA,52.2733898305085,0.0421153845423729,179.590169491525,6.24728813559322,22.4762711864407,43.2101694915254,59,"opc_down",TRUE
"MOD-00558","2026-08-06 18:00:00",NA,NA,NA,NA,54.1038333333333,0.0434289108,193.232166666667,6.73916666666667,19.015,44.1433333333333,60,"opc_down",TRUE
"MOD-00558","2026-08-06 19:00:00",NA,NA,NA,NA,52.4953333333333,0.0422746512,300.195666666667,17.33,18.9866666666667,43.585,60,"opc_down",TRUE
"MOD-00558","2026-08-06 20:00:00",NA,NA,NA,NA,51.9883050847458,0.0419108077288136,339.022372881356,18.1993220338983,18.3813559322034,45.2847457627119,59,"opc_down",TRUE
"MOD-00558","2026-08-06 21:00:00",NA,NA,NA,NA,49.833,0.0403641608,375.380166666667,20.2975,18.465,46.4316666666667,60,"opc_down",TRUE
"MOD-00558","2026-08-06 22:00:00",NA,NA,NA,NA,47.8706666666667,0.0389559904,419.102,22.7273333333333,18.785,46.2683333333333,60,"opc_down",TRUE
"MOD-00558","2026-08-06 23:00:00",NA,NA,NA,NA,45.8337288135593,0.0374942837966102,460.868305084746,27.6106779661017,19.6762711864407,45.0084745762712,59,"opc_down",TRUE
"MOD-00558","2026-08-07 00:00:00",NA,NA,NA,NA,44.94,0.036852944,495.027833333333,31.3933333333333,21.1883333333333,43.2166666666667,60,"opc_down",TRUE
"MOD-00558","2026-08-07 01:00:00",NA,NA,NA,NA,43.9235,0.0361235036,527.043833333334,35.6346666666667,23.875,40.75,60,"opc_down",TRUE
"MOD-00558","2026-08-07 02:00:00",NA,NA,NA,NA,43.5131666666667,0.0358290484,548.389333333333,39.933,27.5116666666667,37.3583333333333,60,"opc_down",TRUE
"MOD-00558","2026-08-07 03:00:00",NA,NA,NA,NA,43.2025,0.035606114,531.205666666667,30.197,30.0383333333333,35.6316666666667,60,"opc_down",TRUE
"MOD-00558","2026-08-07 04:00:00",NA,NA,NA,NA,42.3005,0.0349588388,503.023333333333,13.2575,31.3866666666667,34.5583333333333,60,"opc_down",TRUE
"MOD-00558","2026-08-07 05:00:00",NA,NA,NA,NA,38.7918333333333,0.0324410196,515.642,14.1985,33.84,33.0466666666667,60,"opc_down",TRUE
"MOD-00558","2026-08-07 06:00:00",NA,NA,NA,NA,37.2231666666667,0.0313153444,528.382333333333,14.0693333333333,36.235,31.445,60,"opc_down",TRUE
"MOD-00558","2026-08-07 07:00:00",NA,NA,NA,NA,36.4435,0.0307558556,521.017333333333,9.8265,37.59,30.5666666666667,60,"opc_down",TRUE
"MOD-00558","2026-08-07 08:00:00",NA,NA,NA,NA,25.2386666666667,0.0227152672,529.404166666667,12.412,40.065,29.3766666666667,60,"opc_down",TRUE
"MOD-00558","2026-08-07 09:00:00",NA,NA,NA,NA,26.6955,0.0237606908,482.816666666667,6.6145,39.605,29.0416666666667,60,"opc_down",TRUE
"MOD-00558","2026-08-07 10:00:00",NA,NA,NA,NA,27.024,0.0239964224,460.582666666667,6.10416666666667,39.625,29.07,60,"opc_down",TRUE
"MOD-00558","2026-08-07 11:00:00",NA,NA,NA,NA,29.8985,0.0260591636,456.249166666667,6.94,40.9216666666667,28.99,60,"opc_down",TRUE
"MOD-00558","2026-08-07 12:00:00",NA,NA,NA,NA,34.3153333333333,0.0292286832,472.227666666667,10.8621666666667,46.2316666666667,29.055,60,"opc_down",TRUE
"MOD-00558","2026-08-07 13:00:00",NA,NA,NA,NA,29.8811666666667,0.0260467252,525.681666666667,7.81983333333334,46.82,29.8483333333333,60,"opc_down",TRUE
"MOD-00558","2026-08-07 14:00:00",NA,NA,NA,NA,40.7105,0.0338178548,422.298,5.7015,39.5033333333333,33.4183333333333,60,"opc_down",TRUE
"MOD-00558","2026-08-07 15:00:00",NA,NA,NA,NA,45.6486666666667,0.0373614832,302.5945,6.26883333333333,29.6583333333333,38.2583333333333,60,"opc_down",TRUE
"MOD-00558","2026-08-07 16:00:00",NA,NA,NA,NA,50.685,0.040975556,229.591,6.32266666666667,23.985,41.8033333333333,60,"opc_down",TRUE
"MOD-00558","2026-08-07 17:00:00",NA,NA,NA,NA,52.3871186440678,0.042196996338983,226.163898305085,6.57305084745763,20.328813559322,44.2220338983051,59,"opc_down",TRUE
"MOD-00558","2026-08-07 18:00:00",NA,NA,NA,NA,51.1695,0.0413232332,303.198333333333,13.5483333333333,19.8583333333333,44.725,60,"opc_down",TRUE
"MOD-00558","2026-08-07 19:00:00",NA,NA,NA,NA,50.8146666666667,0.0410686048,382.6535,20.5201666666667,20.46,44.0516666666667,60,"opc_down",TRUE
"MOD-00558","2026-08-07 20:00:00",NA,NA,NA,NA,51.3758333333333,0.041471298,385.789833333333,18.5476666666667,19.5133333333333,45.4533333333333,60,"opc_down",TRUE
"MOD-00558","2026-08-07 21:00:00",NA,NA,NA,NA,50.9320338983051,0.0411528275254237,359.272711864407,16.6135593220339,17.8491525423729,47.1949152542373,59,"opc_down",TRUE
"MOD-00558","2026-08-07 22:00:00",NA,NA,NA,NA,50.92,0.041144192,391.931,18.0083333333333,17.5116666666667,47.245,60,"opc_down",TRUE
"MOD-00558","2026-08-07 23:00:00",NA,NA,NA,NA,49.8788333333333,0.0403970508,451.4585,22.3105,17.9816666666667,46.4466666666667,60,"opc_down",TRUE
"MOD-00558","2026-08-08 00:00:00",NA,NA,NA,NA,48.1413333333333,0.0391502208,476.9685,26.7521666666667,18.71,44.9366666666667,60,"opc_down",TRUE
"MOD-00558","2026-08-08 01:00:00",NA,NA,NA,NA,42.7879661016949,0.0353086444745763,537.857627118644,33.7220338983051,21.4542372881356,42.0779661016949,59,"opc_down",TRUE
"MOD-00558","2026-08-08 02:00:00",NA,NA,NA,NA,37.5868333333333,0.0315763116,597.951166666666,41.8421666666667,25.7566666666667,38.69,60,"opc_down",TRUE
"MOD-00558","2026-08-08 03:00:00",NA,NA,NA,NA,33.8211666666667,0.0288740692,604.581333333333,32.5123333333333,28.2033333333333,36.9433333333333,60,"opc_down",TRUE
"MOD-00558","2026-08-08 04:00:00",NA,NA,NA,NA,37.4556666666667,0.0314821864,525.9485,12.226,28.2633333333333,36.14,60,"opc_down",TRUE
"MOD-00558","2026-08-08 05:00:00",NA,NA,NA,NA,42.95,0.03542492,572.5285,47.0126666666667,39.3266666666667,32.6533333333333,60,"opc_down",TRUE
"MOD-00558","2026-08-08 06:00:00",NA,NA,NA,NA,45.0816666666667,0.036954604,613.964166666667,50.2111666666666,51.2183333333333,28.52,60,"opc_down",TRUE
"MOD-00558","2026-08-08 07:00:00",NA,NA,NA,NA,37.2923333333333,0.0313649784,567.080333333333,18.3005,52.9883333333333,29.0166666666667,60,"opc_down",TRUE
"MOD-00558","2026-08-08 08:00:00",NA,NA,NA,NA,39.568,0.0329979968,463.554833333333,7.2295,42.82,29.9583333333333,60,"opc_down",TRUE
"MOD-00558","2026-08-08 09:00:00",NA,NA,NA,NA,44.7261666666667,0.0366994972,379.684333333333,6.56433333333334,35.4183333333333,31.6466666666667,60,"opc_down",TRUE
"MOD-00558","2026-08-08 10:00:00",NA,NA,NA,NA,46.8513333333333,0.0382245168,382.0735,6.58766666666666,35.5866666666667,31.9983333333333,60,"opc_down",TRUE
"MOD-00558","2026-08-08 11:00:00",NA,NA,NA,NA,46.1408333333333,0.037714662,431.795833333333,7.61116666666666,38.2316666666667,30.7583333333333,60,"opc_down",TRUE
"MOD-00558","2026-08-08 12:00:00",NA,NA,NA,NA,46.558,0.0380140208,411.609166666667,6.287,36.4466666666667,30.4783333333333,60,"opc_down",TRUE
"MOD-00558","2026-08-08 13:00:00",NA,NA,NA,NA,45.4835,0.0372429596,430.315166666667,7.31,36.6016666666667,30.6316666666667,60,"opc_down",TRUE
"MOD-00558","2026-08-08 14:00:00",NA,NA,NA,NA,45.075,0.03694982,397.341,6.612,31.8833333333333,34.3966666666667,60,"opc_down",TRUE
"MOD-00558","2026-08-08 15:00:00",NA,NA,NA,NA,49.3443333333333,0.0400134936,316.288333333333,6.41316666666667,25.5133333333333,37.9333333333333,60,"opc_down",TRUE
"MOD-00558","2026-08-08 16:00:00",NA,NA,NA,NA,51.2205,0.0413598308,302.22,7.52866666666667,22.9483333333333,41.17,60,"opc_down",TRUE
"MOD-00558","2026-08-08 17:00:00",NA,NA,NA,NA,53.9396666666667,0.0433111048,290.123666666667,8.81716666666667,19.8583333333333,43.58,60,"opc_down",TRUE
"MOD-00558","2026-08-08 18:00:00",NA,NA,NA,NA,56.0906896551724,0.0448546788965517,303.49275862069,12.9527586206897,18.7206896551724,44.2379310344828,29,"opc_down",FALSE
"MOD-00559","2026-07-30 00:00:00",2.4975,NA,6.506,2.08716666666667,47.5836666666667,NA,600.394166666667,30.3423333333333,20.5316666666667,43.6283333333333,60,"ok",TRUE
"MOD-00559","2026-07-30 01:00:00",2.63866666666667,NA,5.17016666666667,2.20383333333333,45.1335,NA,605.783666666667,27.518,22.3,41.6683333333333,60,"ok",TRUE
"MOD-00559","2026-07-30 02:00:00",2.91266666666667,NA,6.94183333333333,2.48216666666667,43.6593333333333,NA,588.513666666667,21.2548333333333,23.2666666666667,40.1633333333333,60,"ok",TRUE
"MOD-00559","2026-07-30 03:00:00",2.97766666666667,NA,7.57766666666667,2.49016666666667,42.5668333333333,NA,623.372833333334,16.0083333333333,25.76,38.3266666666667,60,"ok",TRUE
"MOD-00559","2026-07-30 04:00:00",3.30516666666667,NA,8.08216666666667,2.69883333333333,35.8161666666667,NA,663.735166666666,16.6631666666667,28.0066666666667,37.03,60,"ok",TRUE
"MOD-00559","2026-07-30 05:00:00",3.6015,NA,10.6228333333333,2.81683333333333,31.4971666666667,NA,606.4405,11.0906666666667,28.49,35.695,60,"ok",TRUE
"MOD-00559","2026-07-30 06:00:00",3.374,NA,7.66283333333333,2.772,36.7158333333333,NA,518.3135,8.246,27.3133333333333,35.0816666666667,60,"ok",TRUE
"MOD-00559","2026-07-30 07:00:00",3.61066666666667,NA,7.44233333333333,3.04866666666667,36.2358333333333,NA,514.7095,8.19,28.2133333333333,33.8266666666667,60,"ok",TRUE
"MOD-00559","2026-07-30 08:00:00",3.16866666666667,NA,6.65466666666667,2.602,36.6058333333333,NA,532.858333333333,7.7045,30.4766666666667,32.3283333333333,60,"ok",TRUE
"MOD-00559","2026-07-30 09:00:00",3.41633333333333,NA,7.43316666666667,2.84733333333333,35.2651666666667,NA,517.665333333333,7.45066666666667,30.3633333333333,31.8266666666667,60,"ok",TRUE
"MOD-00559","2026-07-30 10:00:00",3.95266666666667,NA,11.2401666666667,3.1785,27.9286666666667,NA,567.958166666667,7.82016666666667,33.5433333333333,30.7116666666667,60,"ok",TRUE
"MOD-00559","2026-07-30 11:00:00",4.454,NA,18.777,3.405,21.703,NA,601.792666666667,7.62733333333334,35.045,29.9916666666667,60,"ok",TRUE
"MOD-00559","2026-07-30 12:00:00",5.08616666666667,NA,23.5346666666667,3.75266666666667,18.619,NA,711.224833333333,8.5945,37.9,29.3466666666667,60,"ok",TRUE
"MOD-00559","2026-07-30 13:00:00",4.81683333333333,NA,18.5276666666667,3.688,27.2161666666667,NA,676.187833333333,6.5855,39.5083333333333,30.355,60,"ok",TRUE
"MOD-00559","2026-07-30 14:00:00",6.139,NA,23.8261666666667,4.48533333333333,29.1066666666667,NA,618.989833333333,5.76816666666667,35.0666666666667,33.2933333333333,60,"ok",TRUE
"MOD-00559","2026-07-30 15:00:00",3.80833333333333,NA,11.1628333333333,3.02566666666667,38.8855,NA,430.038166666667,6.7615,27.4616666666667,38.2566666666667,60,"ok",TRUE
"MOD-00559","2026-07-30 16:00:00",4.09966101694915,NA,12.3218644067797,3.3971186440678,43.386779661017,NA,326.954576271186,6.5828813559322,21.9,41.8779661016949,59,"ok",TRUE
"MOD-00559","2026-07-30 17:00:00",4.22633333333333,NA,11.991,3.47516666666667,48.4048333333334,NA,229.8245,6.13166666666666,17.1483333333333,45.4766666666667,60,"ok",TRUE
"MOD-00559","2026-07-30 18:00:00",3.81416666666667,NA,9.82816666666666,3.25866666666667,49.2106666666667,NA,310.699833333333,11.284,16.9266666666667,45.3966666666667,60,"ok",TRUE
"MOD-00559","2026-07-30 19:00:00",3.61333333333333,NA,9.61133333333333,2.93683333333333,48.3026666666667,NA,426.5535,16.8643333333333,17.3983333333333,44.8083333333333,60,"ok",TRUE
"MOD-00559","2026-07-30 20:00:00",3.57779661016949,NA,7.46016949152542,3.00559322033898,50.5330508474576,NA,397.839152542373,14.7523728813559,15.9830508474576,46.3898305084746,59,"ok",TRUE
"MOD-00559","2026-07-30 21:00:00",3.42566666666666,NA,9.9795,2.87983333333333,51.6435,NA,381.907166666667,13.872,14.765,47.8366666666667,60,"ok",TRUE
"MOD-00559","2026-07-30 22:00:00",3.28866666666667,NA,8.73283333333334,2.75033333333333,49.674,NA,426.836666666667,13.866,14.4216666666667,47.6133333333333,60,"ok",TRUE
"MOD-00559","2026-07-30 23:00:00",2.80133333333333,NA,6.79333333333333,2.3895,49.3918333333333,NA,458.208166666667,11.6268333333333,14.2266666666667,47.1766666666667,60,"ok",TRUE
"MOD-00559","2026-07-31 00:00:00",2.88186440677966,NA,8.55813559322034,2.40118644067797,46.3006779661017,NA,537.335762711864,18.3759322033898,15.3610169491525,45.8745762711864,59,"ok",TRUE
"MOD-00559","2026-07-31 01:00:00",2.80216666666667,NA,8.37933333333333,2.31316666666667,44.992,NA,576.7365,23.495,16.65,43.5233333333333,60,"ok",TRUE
"MOD-00559","2026-07-31 02:00:00",3.13833333333333,NA,10.5943333333333,2.53783333333333,43.0028333333333,NA,607.494833333334,28.3046666666667,18.6166666666667,40.665,60,"ok",TRUE
"MOD-00559","2026-07-31 03:00:00",3.31233333333333,NA,8.939,2.7435,42.9645,NA,615.569833333333,23.5483333333333,20.2016666666667,38.86,60,"ok",TRUE
"MOD-00559","2026-07-31 04:00:00",3.567,NA,10.8793333333333,2.757,33.1333333333333,NA,688.439833333333,30.1233333333333,22.86,36.9816666666667,60,"ok",TRUE
"MOD-00559","2026-07-31 05:00:00",4.2445,NA,12.741,3.2895,25.2191666666667,NA,726.138166666667,30.005,25.8716666666667,35.3866666666667,60,"ok",TRUE
"MOD-00559","2026-07-31 06:00:00",3.55966666666667,NA,8.29416666666667,2.97016666666667,30.749,NA,580.309833333333,9.6375,23.5633333333333,34.8266666666667,60,"ok",TRUE
"MOD-00559","2026-07-31 07:00:00",4.5065,NA,30.5726666666667,2.83466666666667,45.7313333333333,NA,587.557666666667,31.4075,28.7683333333333,34.9716666666667,60,"ok",TRUE
"MOD-00559","2026-07-31 08:00:00",2.58466666666667,NA,10.4823333333333,1.93866666666667,47.849,NA,672.182166666667,38.6115,37.315,32.84,60,"ok",TRUE
"MOD-00559","2026-07-31 09:00:00",2.138,NA,5.28233333333333,1.73366666666667,46.8453333333333,NA,644.180833333333,15.6096666666667,41.0633333333334,31.56,60,"ok",TRUE
"MOD-00559","2026-07-31 10:00:00",2.87233333333333,NA,7.4115,2.42283333333333,43.2788333333333,NA,604.9745,7.93016666666667,41.4783333333333,31.33,60,"ok",TRUE
"MOD-00559","2026-07-31 11:00:00",2.81116666666667,NA,7.279,2.352,40.2416666666667,NA,590.687333333333,6.632,43.2566666666667,30.7416666666667,60,"ok",TRUE
"MOD-00559","2026-07-31 12:00:00",3.645,NA,13.7973333333333,2.84033333333333,35.058,NA,636.692166666666,6.97266666666667,46.5166666666667,29.485,60,"ok",TRUE
"MOD-00559","2026-07-31 13:00:00",3.48883333333333,NA,11.7185,2.77733333333333,35.639,NA,639.022,6.02533333333333,44.7616666666667,30.1983333333333,60,"ok",TRUE
"MOD-00559","2026-07-31 14:00:00",3.1385,NA,14.5003333333333,2.30716666666667,42.764,NA,509.203333333333,6.47483333333334,33.5083333333333,35.6716666666667,60,"ok",TRUE
"MOD-00559","2026-07-31 15:00:00",3.04316666666667,NA,9.3545,2.441,45.9436666666667,NA,318.913,6.1505,24.5616666666667,41.3583333333333,60,"ok",TRUE
"MOD-00559","2026-07-31 16:00:00",3.39783333333333,NA,13.4358333333333,2.71316666666667,47.4035,NA,261.198666666667,6.13866666666667,20.4416666666667,42.6416666666667,60,"ok",TRUE
"MOD-00559","2026-07-31 17:00:00",3.12033898305085,NA,10.6927118644068,2.40983050847458,47.4971186440678,NA,293.529661016949,6.4164406779661,18.2728813559322,43.1322033898305,59,"ok",TRUE
"MOD-00559","2026-07-31 18:00:00",3.25666666666667,NA,13.3168333333333,2.449,47.3438333333333,NA,353.742,9.8175,17.99,43.27,60,"ok",TRUE
"MOD-00559","2026-07-31 19:00:00",3.09383333333333,NA,13.3951666666667,2.34383333333333,45.8958333333333,NA,404.281333333333,12.5485,17.4916666666667,43.2116666666667,60,"ok",TRUE
"MOD-00559","2026-07-31 20:00:00",3.0935593220339,NA,14.9018644067797,2.18728813559322,47.6228813559322,NA,416.284915254237,14.6413559322034,16.5322033898305,44.4203389830508,59,"ok",TRUE
"MOD-00559","2026-07-31 21:00:00",3.49633333333333,NA,17.6825,2.31616666666667,49.7423333333333,NA,401.932833333333,14.9033333333333,15.2983333333333,45.8283333333333,60,"ok",TRUE
"MOD-00559","2026-07-31 22:00:00",3.66766666666667,NA,16.7613333333333,2.4625,51.2556666666667,NA,443.985,14.233,15.1433333333333,46.2333333333333,60,"ok",TRUE
"MOD-00559","2026-07-31 23:00:00",3.73016666666667,NA,16.6306666666667,2.52633333333333,53.3383333333333,NA,480.866333333333,13.039,14.8766666666667,45.9066666666666,60,"ok",TRUE
"MOD-00559","2026-08-01 00:00:00",3.72762711864407,NA,15.4374576271186,2.64237288135593,54.0881355932203,NA,512.329491525424,15.0933898305085,14.7254237288136,44.9559322033898,59,"ok",TRUE
"MOD-00559","2026-08-01 01:00:00",3.426,NA,13.4373333333333,2.4755,48.958,NA,559.400166666667,21.2808333333333,15.7066666666667,43.4216666666667,60,"ok",TRUE
"MOD-00559","2026-08-01 02:00:00",3.74466666666667,NA,13.3533333333333,2.76616666666667,42.6825,NA,632.690666666667,28.9071666666667,18.1816666666667,40.5316666666667,60,"ok",TRUE
"MOD-00559","2026-08-01 03:00:00",4.2075,NA,14.3618333333333,3.18416666666667,36.8688333333333,NA,682.875333333333,31.0931666666667,20.155,38.5383333333333,60,"ok",TRUE
"MOD-00559","2026-08-01 04:00:00",4.59883333333333,NA,20.334,3.30516666666667,32.7848333333333,NA,690.864666666667,25.2091666666667,22.03,37.2,60,"ok",TRUE
"MOD-00559","2026-08-01 05:00:00",6.18833333333333,NA,19.0751666666667,4.77883333333333,28.633,NA,743.141,20.0173333333333,25.0233333333333,35.4433333333333,60,"ok",TRUE
"MOD-00559","2026-08-01 06:00:00",4.898,NA,17.8088333333333,3.533,29.8788333333333,NA,664.465666666667,11.6543333333333,25.705,34.2966666666667,60,"ok",TRUE
"MOD-00559","2026-08-01 07:00:00",4.4795,NA,17.5943333333333,3.123,29.9958333333333,NA,629.443833333333,10.0465,26.27,33.7683333333333,60,"ok",TRUE
"MOD-00559","2026-08-01 08:00:00",3.9625,NA,13.4513333333333,2.805,33.8778333333333,NA,582.495,8.5455,25.7466666666667,33.4183333333333,60,"ok",TRUE
"MOD-00559","2026-08-01 09:00:00",3.71333333333333,NA,13.338,2.6555,33.7468333333333,NA,544.674833333333,8.56416666666667,26.2516666666667,33.0333333333333,60,"ok",TRUE
"MOD-00559","2026-08-01 10:00:00",4.69066666666667,NA,16.3553333333333,3.55883333333333,28.3045,NA,583.074666666667,8.907,28.4566666666667,32.105,60,"ok",TRUE
"MOD-00559","2026-08-01 11:00:00",4.09183333333333,NA,16.5095,3.02433333333333,31.9186666666667,NA,625.650833333333,7.93583333333333,31.1433333333333,30.9316666666667,60,"ok",TRUE
"MOD-00559","2026-08-01 12:00:00",4.44566666666667,NA,16.6541666666667,3.3415,29.907,NA,645.961833333333,6.90166666666667,32.4833333333333,30.8033333333333,60,"ok",TRUE
"MOD-00559","2026-08-01 13:00:00",4.127,NA,17.2195,2.986,31.0531666666667,NA,603.4145,6.5085,32.5516666666667,31.3383333333333,60,"ok",TRUE
"MOD-00559","2026-08-01 14:00:00",4.48616666666667,NA,15.9118333333333,3.50916666666667,37.7258333333333,NA,629.708666666667,6.9235,33.1483333333333,33.36,60,"ok",TRUE
"MOD-00559","2026-08-01 15:00:00",3.86133333333333,NA,13.0251666666667,2.95733333333333,41.8918333333333,NA,469.420333333333,6.517,25.31,37.8233333333333,60,"ok",TRUE
"MOD-00559","2026-08-01 16:00:00",2.96616666666667,NA,6.98283333333333,2.47933333333333,50.4548333333333,NA,376.3985,6.16583333333334,22.03,41.28,60,"ok",TRUE
"MOD-00559","2026-08-01 17:00:00",2.87133333333333,NA,6.17,2.422,55.412,NA,314.014666666667,5.803,18.8266666666667,44.1933333333333,60,"ok",TRUE
"MOD-00559","2026-08-01 18:00:00",2.80406779661017,NA,4.76152542372881,2.33135593220339,54.5025423728814,NA,295.37406779661,6.38305084745762,16.2830508474576,44.9830508474576,59,"ok",TRUE
"MOD-00559","2026-08-01 19:00:00",2.86366666666667,NA,7.44883333333333,2.22533333333333,52.2708333333333,NA,351.744166666667,14.4303333333333,15.48,44.535,60,"ok",TRUE
"MOD-00559","2026-08-01 20:00:00",3.214,NA,8.56416666666667,2.65116666666667,57.781,NA,367.685,11.9618333333333,14.65,47.1833333333333,60,"ok",TRUE
"MOD-00559","2026-08-01 21:00:00",3.17666666666667,NA,8.90966666666667,2.54783333333333,54.7541666666667,NA,309.8325,11.9165,12.6783333333333,48.5966666666667,60,"ok",TRUE
"MOD-00559","2026-08-01 22:00:00",3.35983050847458,NA,6.85322033898305,2.75101694915254,51.2594915254237,NA,427.090338983051,12.6676271186441,13.2813559322034,48.4084745762712,59,"ok",TRUE
"MOD-00559","2026-08-01 23:00:00",3.1045,NA,9.32933333333333,2.47416666666667,49.4886666666667,NA,477.845833333333,11.0588333333333,13.04,47.3983333333333,60,"ok",TRUE
"MOD-00559","2026-08-02 00:00:00",3.00933333333333,NA,7.96133333333333,2.39216666666667,48.4285,NA,514.661333333333,13.5738333333333,13.3966666666667,46.01,60,"ok",TRUE
"MOD-00559","2026-08-02 01:00:00",2.99338983050847,NA,7.89084745762712,2.4235593220339,46.5747457627119,NA,570.869152542373,19.5257627118644,14.293220338983,43.9593220338983,59,"ok",TRUE
"MOD-00559","2026-08-02 02:00:00",3.733,NA,9.34316666666667,3.03833333333333,40.8985,NA,653.792333333333,28.0235,16.37,40.9866666666667,60,"ok",TRUE
"MOD-00559","2026-08-02 03:00:00",4.168,NA,11.4283333333333,3.44,31.6876666666667,NA,780.258,32.9618333333333,19.2766666666667,38.2633333333333,60,"ok",TRUE
"MOD-00559","2026-08-02 04:00:00",4.17716666666667,NA,13.5191666666667,3.16916666666667,27.0428333333333,NA,772.371333333333,27.5856666666667,22.4366666666667,35.7833333333333,60,"ok",TRUE
"MOD-00559","2026-08-02 05:00:00",4.30083333333333,NA,14.0566666666667,3.25,30.981,NA,719.321333333333,14.7236666666667,23.725,34.9883333333334,60,"ok",TRUE
"MOD-00559","2026-08-02 06:00:00",5.19133333333333,NA,13.6743333333333,4.3695,33.4045,NA,700.284666666667,10.4983333333333,23.7783333333333,34.47,60,"ok",TRUE
"MOD-00559","2026-08-02 07:00:00",4.9445,NA,15.3696666666667,4.037,34.014,NA,728.502166666667,11.3418333333333,27,34.105,60,"ok",TRUE
"MOD-00559","2026-08-02 08:00:00",5.358,NA,22.6213333333333,3.3965,36.7258333333333,NA,670.513666666667,9.52733333333333,28.84,34.0233333333333,60,"ok",TRUE
"MOD-00559","2026-08-02 09:00:00",5.375,NA,22.1388333333333,3.30466666666667,38.07,NA,597.819166666667,8.201,29.7316666666667,33.705,60,"ok",TRUE
"MOD-00559","2026-08-02 10:00:00",7.42233333333333,NA,35.2895,2.85883333333333,42.4095,NA,574.93,7.576,31.155,32.855,60,"ok",TRUE
"MOD-00559","2026-08-02 11:00:00",5.8065,NA,24.146,2.6375,42.4153333333333,NA,567.646833333333,7.121,32.0533333333333,32.645,60,"ok",TRUE
"MOD-00559","2026-08-02 12:00:00",4.50233333333333,NA,17.4023333333333,2.10316666666667,43.031,NA,540.532333333333,6.84783333333333,32.0016666666667,32.4783333333333,60,"ok",TRUE
"MOD-00559","2026-08-02 13:00:00",3.983,NA,17.1606666666667,2.13883333333333,43.1101666666667,NA,543.443166666667,6.76233333333333,31.5833333333333,33.5166666666667,60,"ok",TRUE
"MOD-00559","2026-08-02 14:00:00",3.87966666666667,NA,13.8018333333333,2.57283333333333,45.5163333333333,NA,493.640833333333,6.71033333333334,29.4833333333333,35.8483333333333,60,"ok",TRUE
"MOD-00559","2026-08-02 15:00:00",3.9525,NA,11.4856666666667,3.056,47.0276666666667,NA,516.674666666667,6.98,29.1933333333333,37.3416666666667,60,"ok",TRUE
"MOD-00559","2026-08-02 16:00:00",4.31283333333333,NA,11.0093333333333,3.5815,49.3173333333333,NA,486.583333333333,7.491,28.2383333333333,38.8483333333334,60,"ok",TRUE
"MOD-00559","2026-08-02 17:00:00",4.0055,NA,8.796,3.27916666666667,51.742,NA,466.5605,6.85883333333333,25.895,41.1733333333333,60,"ok",TRUE
"MOD-00559","2026-08-02 18:00:00",3.9005,NA,11.0428333333333,3.25983333333333,51.917,NA,386.457333333333,6.44683333333333,23.2216666666667,43.1033333333333,60,"ok",TRUE
"MOD-00559","2026-08-02 19:00:00",3.523,NA,6.91383333333333,3.00233333333333,51.699,NA,374.756166666667,6.57,21.2916666666667,44.51,60,"ok",TRUE
"MOD-00559","2026-08-02 20:00:00",2.90271186440678,NA,5.29881355932203,2.46915254237288,47.911186440678,NA,350.684915254237,6.78661016949152,18.7389830508475,44.1881355932203,59,"ok",TRUE
"MOD-00559","2026-08-02 21:00:00",2.7385,NA,6.4825,2.29883333333333,51.494,NA,296.933666666667,6.45483333333333,16.0266666666667,46.4333333333333,60,"ok",TRUE
"MOD-00559","2026-08-02 22:00:00",2.80016666666667,NA,8.02816666666666,2.3215,51.6706666666667,NA,341.080166666667,10.6431666666667,15.1383333333333,47.1466666666667,60,"ok",TRUE
"MOD-00559","2026-08-02 23:00:00",2.83716666666667,NA,4.98983333333333,2.31483333333333,50.2515,NA,402.198333333333,14.8013333333333,14.5566666666667,46.655,60,"ok",TRUE
"MOD-00559","2026-08-03 00:00:00",2.74542372881356,NA,7.43305084745763,2.30305084745763,49.2705084745763,NA,472.35593220339,13.9642372881356,14.8593220338983,45.6101694915254,59,"ok",TRUE
"MOD-00559","2026-08-03 01:00:00",3.083,NA,7.504,2.5225,47.5986666666667,NA,543.761333333333,19.744,15.9133333333333,43.9133333333333,60,"ok",TRUE
"MOD-00559","2026-08-03 02:00:00",3.92603448275862,NA,8.60362068965517,3.35051724137931,43.5725,NA,596.709642857143,25.9985714285714,18.1310344827586,40.8655172413793,58,"ok",TRUE
"MOD-00559","2026-08-03 03:00:00",5.29066666666667,NA,12.3796666666667,4.54183333333333,33.9408,NA,728.058,31.9276,20.47,38.6533333333333,60,"ok",TRUE
"MOD-00559","2026-08-03 04:00:00",5.68066666666667,NA,12.1643333333333,4.95733333333333,30.7658333333333,NA,748.44,30.0845,23.2,36.87,60,"ok",TRUE
"MOD-00559","2026-08-03 05:00:00",5.58433333333333,NA,18.074,4.49016666666667,24.8036666666667,NA,759.197333333333,20.1101666666667,25.8333333333333,35.3216666666667,60,"ok",TRUE
"MOD-00559","2026-08-03 06:00:00",5.16766666666667,NA,16.0233333333333,4.1645,30.8075,NA,654.180833333333,11.0318333333333,25.9633333333333,34.9783333333333,60,"ok",TRUE
"MOD-00559","2026-08-03 07:00:00",5.0675,NA,13.0238333333333,4.15633333333333,35.4971666666667,NA,590.951,10.0626666666667,26.415,34.5083333333333,60,"ok",TRUE
"MOD-00559","2026-08-03 08:00:00",5.51033333333333,NA,13.6543333333333,4.379,37.3578333333333,NA,605.389833333333,9.75083333333333,28.4666666666667,34.4983333333333,60,"ok",TRUE
"MOD-00559","2026-08-03 09:00:00",7.2315,NA,16.3405,6.1085,36.0333333333333,NA,584.97,8.38516666666667,29.54,34.4383333333333,60,"ok",TRUE
"MOD-00559","2026-08-03 10:00:00",4.9025,NA,13.0476666666667,3.86766666666667,33.6621666666667,NA,634.3295,7.49616666666666,30.3416666666667,33.6016666666667,60,"ok",TRUE
"MOD-00559","2026-08-03 11:00:00",3.87633333333333,NA,12.176,3.069,35.8778333333333,NA,586.173166666666,7.66133333333333,31.9983333333333,32.8916666666667,60,"ok",TRUE
"MOD-00559","2026-08-03 12:00:00",4.26216666666667,NA,12.2293333333333,3.39716666666667,35.1301666666667,NA,626.834666666667,8.81083333333333,36.055,32.0333333333333,60,"ok",TRUE
"MOD-00559","2026-08-03 13:00:00",4.26016666666667,NA,15.7586666666667,3.2735,36.0098333333333,NA,643.8185,6.6065,36.5766666666667,32.2966666666667,60,"ok",TRUE
"MOD-00559","2026-08-03 14:00:00",4.61983333333333,NA,14.9255,3.725,38.6266666666667,NA,587.983333333333,6.33616666666667,32.6333333333333,35.1283333333333,60,"ok",TRUE
"MOD-00559","2026-08-03 15:00:00",3.925,NA,10.9821666666667,3.00633333333333,42.3188333333333,NA,401.101833333333,6.013,24.4283333333333,40.9583333333333,60,"ok",TRUE
"MOD-00559","2026-08-03 16:00:00",3.37183333333333,NA,9.85816666666667,2.6995,47.6448333333333,NA,279.274,6.75316666666667,21.5466666666667,42.7966666666667,60,"ok",TRUE
"MOD-00559","2026-08-03 17:00:00",3.5845,NA,13.6818333333333,2.79516666666667,50.6081666666667,NA,380.013666666667,6.77583333333333,19.6,44.4116666666667,60,"ok",TRUE
"MOD-00559","2026-08-03 18:00:00",3.22440677966102,NA,9.76661016949153,2.53101694915254,48.8754237288136,NA,285.217457627119,7.17118644067797,17.4474576271187,45.6050847457627,59,"ok",TRUE
"MOD-00559","2026-08-03 19:00:00",3.5095,NA,8.84833333333333,2.81833333333333,48.9936666666666,NA,360.851666666667,10.281,16.62,45.63,60,"ok",TRUE
"MOD-00559","2026-08-03 20:00:00",3.6325,NA,10.4048333333333,3.03466666666667,50.8675,NA,353.949833333333,11.5881666666667,15.2283333333333,47.0533333333334,60,"ok",TRUE
"MOD-00559","2026-08-03 21:00:00",3.40583333333333,NA,7.99683333333333,2.79116666666667,49.9073333333334,NA,384.749,14.4495,14.3133333333333,47.3116666666666,60,"ok",TRUE
"MOD-00559","2026-08-03 22:00:00",3.75440677966102,NA,10.3925423728814,3.00559322033898,49.9708474576271,NA,431.723898305085,13.6345762711864,13.9745762711864,47.3559322033899,59,"ok",TRUE
"MOD-00559","2026-08-03 23:00:00",3.84716666666667,NA,9.43833333333333,3.127,49.7,NA,452.778166666667,12.5893333333333,13.6883333333333,47.1033333333333,60,"ok",TRUE
"MOD-00559","2026-08-04 00:00:00",3.80716666666667,NA,9.19066666666667,3.17716666666667,46.1983333333333,NA,552.3285,19.4068333333333,14.7066666666667,45.01,60,"ok",TRUE
"MOD-00559","2026-08-04 01:00:00",3.83254237288136,NA,8.84457627118644,3.29406779661017,43.6289830508475,NA,612.107288135593,25.6972881355932,16.5271186440678,42.371186440678,59,"ok",TRUE
"MOD-00559","2026-08-04 02:00:00",10.5143333333333,NA,89.1148275862069,4.598,44.0696666666667,NA,700.3705,32.5256666666667,22.7966666666667,39.5016666666667,60,"ok",TRUE
"MOD-00559","2026-08-04 03:00:00",4.98416666666667,NA,26.1496666666667,3.10466666666667,45.2663333333333,NA,846.254666666666,65.6356666666667,38.3166666666667,32.1083333333333,60,"ok",TRUE
"MOD-00559","2026-08-04 04:00:00",3.48483333333333,NA,6.44283333333333,3.04866666666667,42.4266666666667,NA,816.494,36.2503333333333,44.365,30.2983333333334,60,"ok",TRUE
"MOD-00559","2026-08-04 05:00:00",2.59016666666667,NA,5.15616666666667,2.18066666666667,45.0088333333333,NA,676.945166666667,14.2411666666667,46.9083333333333,29.4866666666667,60,"ok",TRUE
"MOD-00559","2026-08-04 06:00:00",2.64883333333333,NA,5.12816666666667,2.31533333333333,43.8751666666667,NA,640.794,10.4151666666667,51.035,28.54,60,"ok",TRUE
"MOD-00559","2026-08-04 07:00:00",2.2635,NA,4.09933333333333,1.99016666666667,43.4023333333333,NA,589.777666666667,6.59666666666667,50.2216666666667,28.34,60,"ok",TRUE
"MOD-00559","2026-08-04 08:00:00",1.6815,NA,2.695,1.48766666666667,45.1803333333333,NA,507.552,5.04,46.9833333333333,28.4816666666667,60,"ok",TRUE
"MOD-00559","2026-08-04 09:00:00",1.90383333333333,NA,3.908,1.67783333333333,43.4061666666667,NA,502.535333333333,4.97916666666667,47.72,28.1583333333333,60,"ok",TRUE
"MOD-00559","2026-08-04 10:00:00",1.9495,NA,4.01133333333333,1.69216666666667,41.9965,NA,490.7305,4.93916666666666,47.71,28.015,60,"ok",TRUE
"MOD-00559","2026-08-04 11:00:00",1.97233333333333,NA,4.71533333333333,1.70633333333333,42.7951666666667,NA,505.5255,4.93716666666667,48.8466666666667,27.755,60,"ok",TRUE
"MOD-00559","2026-08-04 12:00:00",2.36983333333333,NA,5.685,2.04816666666667,35.0573333333333,NA,566.240333333333,5.88333333333333,51.9266666666667,27.33,60,"ok",TRUE
"MOD-00559","2026-08-04 13:00:00",2.50983333333333,NA,7.58933333333333,2.16066666666667,34.4473333333333,NA,578.153333333333,5.2455,51.665,27.93,60,"ok",TRUE
"MOD-00559","2026-08-04 14:00:00",2.88566666666667,NA,8.665,2.47666666666667,35.622,NA,544.514166666667,6.197,43.5483333333333,31.5083333333333,60,"ok",TRUE
"MOD-00559","2026-08-04 15:00:00",2.34733333333333,NA,6.3685,1.9835,40.8793333333333,NA,351.449833333333,5.02483333333333,30.95,36.6633333333333,60,"ok",TRUE
"MOD-00559","2026-08-04 16:00:00",1.97233333333333,NA,5.46816666666667,1.64083333333333,47.5445,NA,248.717,6.34766666666667,24.395,40.7833333333333,60,"ok",TRUE
"MOD-00559","2026-08-04 17:00:00",2.44533333333333,NA,9.87966666666667,1.882,50.8483333333334,NA,261.664333333333,6.071,21.8366666666667,43.005,60,"ok",TRUE
"MOD-00559","2026-08-04 18:00:00",4.2665,NA,25.6915,2.10316666666667,50.0853333333333,NA,300.708833333333,7.44766666666666,20.8633333333333,43.01,60,"ok",TRUE
"MOD-00559","2026-08-04 19:00:00",4.71433333333333,NA,28.134,1.97033333333333,49.6343333333333,NA,398.6395,10.7735,20.9833333333333,42.3266666666667,60,"ok",TRUE
"MOD-00559","2026-08-04 20:00:00",4.49813559322034,NA,30.3549152542373,2.02525423728814,49.1679661016949,NA,427.449830508475,11.8083050847458,20.2694915254237,42.6542372881356,59,"ok",TRUE
"MOD-00559","2026-08-04 21:00:00",4.72533333333333,NA,24.2151666666667,2.17083333333333,49.254,NA,427.965166666667,11.8371666666667,19.125,43.6333333333333,60,"ok",TRUE
"MOD-00559","2026-08-04 22:00:00",5.28383333333333,NA,27.9885,2.579,48.812,NA,408.408333333333,13.3141666666667,17.88,44.4233333333333,60,"ok",TRUE
"MOD-00559","2026-08-04 23:00:00",5.92847457627119,NA,39.0062711864407,2.51237288135593,48.6047457627119,NA,461.469322033898,18.4513559322034,18.3677966101695,44.0932203389831,59,"ok",TRUE
"MOD-00559","2026-08-05 00:00:00",6.36983333333333,NA,39.6311666666667,2.557,46.8003333333334,NA,517.255666666667,21.983,19.65,43.0766666666667,60,"ok",TRUE
"MOD-00559","2026-08-05 01:00:00",7.00883333333334,NA,47.2896666666667,2.63033333333333,44.3938333333333,NA,578.033,28.1013333333333,21.9366666666667,40.7066666666667,60,"ok",TRUE
"MOD-00559","2026-08-05 02:00:00",8.254,NA,51.0238333333333,2.99233333333333,43.336,NA,613.753,28.3556666666667,24.2833333333333,38.7266666666667,60,"ok",TRUE
"MOD-00559","2026-08-05 03:00:00",7.39033333333333,NA,46.1006666666667,2.5425,43.7638333333333,NA,608.718666666667,19.124,26.37,37.5916666666667,60,"ok",TRUE
"MOD-00559","2026-08-05 04:00:00",2.88483333333333,NA,9.1845,2.21966666666667,45.2005,NA,616.383833333333,24.5721666666667,29.6333333333333,36.2183333333333,60,"ok",TRUE
"MOD-00559","2026-08-05 05:00:00",3.32216666666667,NA,13.4746666666667,2.51866666666667,43.7525,NA,608.068,13.5933333333333,31.4233333333333,35.2816666666667,60,"ok",TRUE
"MOD-00559","2026-08-05 06:00:00",3.1675,NA,7.703,2.59316666666667,44.8673333333334,NA,592.056666666667,12.4335,33.0516666666667,35.1166666666667,60,"ok",TRUE
"MOD-00559","2026-08-05 07:00:00",5.5805,NA,15.7438333333333,4.181,41.5443333333333,NA,623.836666666667,19.4176666666667,38.9333333333333,34.195,60,"ok",TRUE
"MOD-00559","2026-08-05 08:00:00",5.11133333333333,NA,15.6911666666667,3.567,39.642,NA,595.7765,10.1781666666667,41.4983333333333,33.3883333333333,60,"ok",TRUE
"MOD-00559","2026-08-05 09:00:00",5.01483333333333,NA,14.5561666666667,3.434,40.3183333333333,NA,567.8575,7.03033333333333,43.18,33.015,60,"ok",TRUE
"MOD-00559","2026-08-05 10:00:00",5.089,NA,14.278,3.48083333333333,39.8526666666667,NA,550.1435,6.3505,44.715,32.7333333333333,60,"ok",TRUE
"MOD-00559","2026-08-05 11:00:00",5.30933333333334,NA,15.0076666666667,3.73833333333333,38.9248333333333,NA,542.275333333333,6.071,46.3883333333333,32.1083333333333,60,"ok",TRUE
"MOD-00559","2026-08-05 12:00:00",5.35566666666667,NA,17.5366666666667,3.7835,37.7353333333333,NA,548.053166666667,5.64766666666667,48.1333333333333,31.7566666666667,60,"ok",TRUE
"MOD-00559","2026-08-05 13:00:00",5.849,NA,20.03,4.043,34.962,NA,559.864333333333,5.44166666666667,49.11,31.845,60,"ok",TRUE
"MOD-00559","2026-08-05 14:00:00",6.39083333333333,NA,26.1156666666667,4.46216666666667,36.232,NA,530.856333333334,5.78466666666667,44.8033333333333,33.46,60,"ok",TRUE
"MOD-00559","2026-08-05 15:00:00",4.94716666666667,NA,14.0878333333333,3.58233333333333,40.1636666666667,NA,392.738666666667,5.931,35.9233333333333,37.585,60,"ok",TRUE
"MOD-00559","2026-08-05 16:00:00",5.124,NA,14.526,3.83883333333333,42.1421666666667,NA,370.006666666667,5.99516666666667,32.36,39.26,60,"ok",TRUE
"MOD-00559","2026-08-05 17:00:00",4.60316666666667,NA,10.6513333333333,3.61933333333333,45.7788333333333,NA,347.661833333333,6.09516666666667,28.93,41.14,60,"ok",TRUE
"MOD-00559","2026-08-05 18:00:00",4.65383333333333,NA,9.64566666666667,3.70783333333333,46.4118333333333,NA,373.142,6.70666666666667,28.0366666666667,41.5416666666667,60,"ok",TRUE
"MOD-00559","2026-08-05 19:00:00",4.16559322033898,NA,10.5793220338983,3.24423728813559,45.8894915254237,NA,422.423389830509,8.45949152542373,28.2491525423729,41.3118644067797,59,"ok",TRUE
"MOD-00559","2026-08-05 20:00:00",4.2015,NA,14.0055,3.05816666666667,45.2778333333333,NA,399.012166666667,7.01333333333333,25.7233333333333,42.6783333333333,60,"ok",TRUE
"MOD-00559","2026-08-05 21:00:00",4.10266666666667,NA,12.3273333333333,2.95283333333334,45.1558333333333,NA,402.327333333333,7.618,24.1216666666667,43.0566666666667,60,"ok",TRUE
"MOD-00559","2026-08-05 22:00:00",4.08483333333333,NA,13.1836666666667,2.8945,47.0918333333333,NA,381.3815,8.1865,22.1883333333333,44.385,60,"ok",TRUE
"MOD-00559","2026-08-05 23:00:00",4.32593220338983,NA,13.1984745762712,3.0171186440678,46.588813559322,NA,451.162881355932,11.2854237288136,22.6135593220339,43.7237288135593,59,"ok",TRUE
"MOD-00559","2026-08-06 00:00:00",4.7485,NA,12.5813333333333,3.28683333333333,47.0725,NA,497.236,14.2858333333333,23.34,42.6316666666667,60,"ok",TRUE
"MOD-00559","2026-08-06 01:00:00",4.86216666666667,NA,18.7375,3.274,45.1563333333333,NA,547.1765,19.5418333333333,25.4383333333333,40.6216666666667,60,"ok",TRUE
"MOD-00559","2026-08-06 02:00:00",4.38583333333333,NA,16.8543333333333,2.99416666666667,43.9843333333333,NA,607.3575,26.026,29.1733333333333,37.8733333333333,60,"ok",TRUE
"MOD-00559","2026-08-06 03:00:00",4.37666666666667,NA,13.2995,3.13733333333333,42.9991666666667,NA,587.526166666667,12.0066666666667,30.9683333333333,36.7116666666667,60,"ok",TRUE
"MOD-00559","2026-08-06 04:00:00",4.55016666666667,NA,12.8545,3.42216666666667,38.6815,NA,583.998666666667,10.0876666666667,32.21,35.8683333333333,60,"ok",TRUE
"MOD-00559","2026-08-06 05:00:00",5.57566666666667,NA,52.2406666666667,2.61116666666667,42.7075,NA,576.2775,23.6186666666667,37.67,33.755,60,"ok",TRUE
"MOD-00559","2026-08-06 06:00:00",4.8025,NA,14.777,3.31166666666667,52.3143333333333,NA,638.712666666667,61.5218333333333,63.3016666666666,26.4766666666667,60,"ok",TRUE
"MOD-00559","2026-08-06 07:00:00",3.279,NA,5.1075,2.57116666666667,48.0038333333333,NA,688.537833333334,42.5295,77.5133333333333,23.6583333333333,60,"ok",TRUE
"MOD-00559","2026-08-06 08:00:00",2.44816666666667,NA,3.637,2.081,43.1351666666667,NA,591.8255,8.68766666666667,69.5333333333333,24.8316666666667,60,"ok",TRUE
"MOD-00559","2026-08-06 09:00:00",2.70733333333333,NA,3.93533333333333,2.36966666666667,41.0353333333333,NA,536.460833333333,6.99216666666666,67.2966666666667,25.5533333333333,60,"ok",TRUE
"MOD-00559","2026-08-06 10:00:00",3.04616666666667,NA,4.5155,2.66033333333333,39.7583333333333,NA,526.2495,6.34616666666667,68.5116666666666,25.6416666666667,60,"ok",TRUE
"MOD-00559","2026-08-06 11:00:00",2.7865,NA,4.06166666666667,2.51633333333333,41.3071666666667,NA,488.2825,5.30916666666667,62.2333333333333,25.875,60,"ok",TRUE
"MOD-00559","2026-08-06 12:00:00",2.93916666666667,NA,4.881,2.62316666666667,37.3165,NA,540.687166666666,6.2605,66.3083333333334,25.52,60,"ok",TRUE
"MOD-00559","2026-08-06 13:00:00",3.3535,NA,7.185,2.88533333333333,31.0556666666667,NA,603.6225,6.26283333333334,67.58,25.82,60,"ok",TRUE
"MOD-00559","2026-08-06 14:00:00",3.53233333333333,NA,7.72533333333334,3.08183333333333,34.2565,NA,557.280166666667,5.40633333333333,58.3416666666667,28.165,60,"ok",TRUE
"MOD-00559","2026-08-06 15:00:00",3.057,NA,5.87933333333333,2.65833333333333,40.508,NA,394.0045,4.50833333333333,36.425,35.125,60,"ok",TRUE
"MOD-00559","2026-08-06 16:00:00",3.71533333333333,NA,6.098,3.3135,44.987,NA,273.452666666667,6.14716666666666,29.3516666666667,39.33,60,"ok",TRUE
"MOD-00559","2026-08-06 17:00:00",3.6235,NA,7.63883333333333,3.15833333333333,50.1683333333333,NA,310.878333333333,6.1705,26.655,40.795,60,"ok",TRUE
"MOD-00559","2026-08-06 18:00:00",3.592,NA,6.28583333333333,3.1335,51.6941666666667,NA,293.391333333333,6.68866666666666,23.8066666666667,42.135,60,"ok",TRUE
"MOD-00559","2026-08-06 19:00:00",3.09220338983051,NA,8.95338983050847,2.54305084745763,53.4691525423729,NA,368.241355932204,10.3254237288136,23.5033898305085,42.0542372881356,59,"ok",TRUE
"MOD-00559","2026-08-06 20:00:00",2.59983333333333,NA,7.24583333333333,2.13283333333333,52.8208333333333,NA,395.310666666667,10.7435,21.46,42.6066666666667,60,"ok",TRUE
"MOD-00559","2026-08-06 21:00:00",2.643,NA,7.96783333333333,1.9985,52.0903333333333,NA,356.556333333333,11.5261666666667,19.0233333333333,44.2933333333333,60,"ok",TRUE
"MOD-00559","2026-08-06 22:00:00",3.15915254237288,NA,11.6893220338983,2.10762711864407,50.7513559322034,NA,434.864237288136,21.9554237288136,20.2728813559322,44.5118644067797,59,"ok",TRUE
"MOD-00559","2026-08-06 23:00:00",3.59366666666667,NA,18.4893333333333,2.01333333333333,48.5808333333333,NA,486.3675,23.8151666666667,20.9683333333333,43.7083333333333,60,"ok",TRUE
"MOD-00559","2026-08-07 00:00:00",3.98116666666666,NA,20.5375,2.2305,46.838,NA,520.643,25.9581666666667,21.7483333333333,42.7833333333334,60,"ok",TRUE
"MOD-00559","2026-08-07 01:00:00",4.50933333333333,NA,23.7895,2.22883333333333,45.6071666666667,NA,576.350166666667,33.336,24.07,40.4866666666667,60,"ok",TRUE
"MOD-00559","2026-08-07 02:00:00",3.092,NA,9.269,2.25683333333333,45.2171666666667,NA,622.619333333334,40.7343333333333,28.7383333333333,37.2283333333333,60,"ok",TRUE
"MOD-00559","2026-08-07 03:00:00",2.55583333333333,NA,5.77483333333333,2.03333333333333,45.519,NA,620.341666666666,28.2431666666667,31.7683333333333,35.2516666666667,60,"ok",TRUE
"MOD-00559","2026-08-07 04:00:00",3.22933333333333,NA,8.63533333333333,2.64616666666667,43.3388333333333,NA,583.6855,12.1458333333333,32.65,34.4583333333333,60,"ok",TRUE
"MOD-00559","2026-08-07 05:00:00",2.5475,NA,10.1081666666667,1.90416666666667,38.7888333333333,NA,549.714,8.96716666666666,32.5083333333333,33.7366666666667,60,"ok",TRUE
"MOD-00559","2026-08-07 06:00:00",2.71083333333333,NA,10.0123333333333,2.04383333333333,32.5895,NA,575.553833333333,12.6038333333333,34.5983333333333,32.545,60,"ok",TRUE
"MOD-00559","2026-08-07 07:00:00",2.57133333333333,NA,9.98333333333334,1.90116666666667,33.6926666666667,NA,564.6865,11.0215,37.4083333333333,31.4083333333333,60,"ok",TRUE
"MOD-00559","2026-08-07 08:00:00",2.60566666666667,NA,9.69416666666666,2.04716666666667,31.4413333333333,NA,563.582,8.0195,37.7683333333333,30.6933333333333,60,"ok",TRUE
"MOD-00559","2026-08-07 09:00:00",2.49183333333333,NA,8.1715,2.035,31.7918333333333,NA,550.6345,7.94933333333333,39.8,30.0616666666667,60,"ok",TRUE
"MOD-00559","2026-08-07 10:00:00",3.43783333333333,NA,8.81866666666667,3.02216666666667,35.095,NA,595.528166666667,10.3795,46.225,29.105,60,"ok",TRUE
"MOD-00559","2026-08-07 11:00:00",3.635,NA,9.53366666666667,3.18766666666667,34.3095,NA,595.8955,8.274,48.4933333333333,29.175,60,"ok",TRUE
"MOD-00559","2026-08-07 12:00:00",3.96083333333333,NA,9.78566666666666,3.42883333333333,30.0263333333333,NA,611.829166666667,7.54783333333333,50.73,28.9983333333333,60,"ok",TRUE
"MOD-00559","2026-08-07 13:00:00",3.631,NA,8.09133333333333,3.136,33.5861666666667,NA,578.733,5.76,50.2333333333333,29.475,60,"ok",TRUE
"MOD-00559","2026-08-07 14:00:00",4.143,NA,11.9435,3.52983333333333,38.6598333333333,NA,540.149166666667,5.67983333333333,43.6216666666667,32.2766666666667,60,"ok",TRUE
"MOD-00559","2026-08-07 15:00:00",4.0325,NA,11.2265,3.38216666666667,40.2643333333333,NA,455.084833333333,5.87383333333333,34.3083333333333,36.735,60,"ok",TRUE
"MOD-00559","2026-08-07 16:00:00",3.6295,NA,9.54516666666667,2.99183333333333,44.8626666666667,NA,327.5655,6.6945,26.3083333333333,41.115,60,"ok",TRUE
"MOD-00559","2026-08-07 17:00:00",2.97338983050847,NA,6.69813559322034,2.52237288135593,51.1081355932203,NA,233.519491525424,6.12237288135593,21.3152542372881,44.1084745762712,59,"ok",TRUE
"MOD-00559","2026-08-07 18:00:00",3.09783333333333,NA,9.4715,2.56116666666667,51.9523333333333,NA,336.759333333333,9.83666666666667,21.325,43.8083333333333,60,"ok",TRUE
"MOD-00559","2026-08-07 19:00:00",3.21116666666667,NA,12.2665,2.548,52.3511666666667,NA,459.739833333333,18.2145,22.895,42.5983333333334,60,"ok",TRUE
"MOD-00559","2026-08-07 20:00:00",2.93067796610169,NA,11.1576271186441,2.23983050847458,51.2393220338983,NA,448.271355932203,13.1257627118644,21.271186440678,43.7745762711864,59,"ok",TRUE
"MOD-00559","2026-08-07 21:00:00",2.98116666666667,NA,12.274,2.2035,48.7113333333333,NA,450.289333333333,13.7436666666667,20.3583333333333,44.7116666666667,60,"ok",TRUE
"MOD-00559","2026-08-07 22:00:00",3.32766666666667,NA,11.4488333333333,2.47066666666667,49.0045,NA,453.974833333333,17.2628333333333,19.735,45.1083333333333,60,"ok",TRUE
"MOD-00559","2026-08-07 23:00:00",3.43610169491525,NA,11.4474576271186,2.46898305084746,49.9496610169492,NA,499.092203389831,19.98,19.9983050847458,44.4932203389831,59,"ok",TRUE
"MOD-00559","2026-08-08 00:00:00",3.56633333333333,NA,14.9425,2.47466666666667,49.6608333333333,NA,514.5705,21.9578333333333,20.28,44.0316666666667,60,"ok",TRUE
"MOD-00559","2026-08-08 01:00:00",3.5955,NA,12.0076666666667,2.60766666666667,47.236,NA,577.888333333333,30.2451666666667,22.1016666666667,41.4116666666667,60,"ok",TRUE
"MOD-00559","2026-08-08 02:00:00",3.7765,NA,12.3666666666667,2.7835,45.3621666666667,NA,628.950833333333,33.6555,24.4716666666667,38.7566666666667,60,"ok",TRUE
"MOD-00559","2026-08-08 03:00:00",4.00316666666667,NA,12.2581666666667,3.04,39.9958333333333,NA,650.122,23.3268333333333,26.015,37.49,60,"ok",TRUE
"MOD-00559","2026-08-08 04:00:00",5.03916666666667,NA,21.688,3.75533333333333,42.984,NA,625.616666666667,15.5106666666667,27.3716666666667,36.5516666666667,60,"ok",TRUE
"MOD-00559","2026-08-08 05:00:00",6.37683333333333,NA,11.9425,5.76066666666667,49.2735,NA,540.9465,10.3086666666667,25.84,35.1766666666667,60,"ok",TRUE
"MOD-00559","2026-08-08 06:00:00",7.92366666666667,NA,9.91466666666667,7.72016666666667,49.0636666666667,NA,483.5045,9.47666666666666,23.22,34.7716666666667,60,"ok",TRUE
"MOD-00559","2026-08-08 07:00:00",6.14983333333333,NA,9.5725,5.61766666666667,49.3003333333333,NA,628.851166666667,41.2415,34.4666666666667,32.7616666666667,60,"ok",TRUE
"MOD-00559","2026-08-08 08:00:00",7.38566666666667,NA,12.778,6.70966666666667,47.0426666666667,NA,520.702833333334,8.04916666666667,27.285,32.8866666666667,60,"ok",TRUE
"MOD-00559","2026-08-08 09:00:00",9.707,NA,27.3611666666667,6.48016666666667,49.6635,NA,510.234833333333,11.0786666666667,29.4116666666667,33.535,60,"ok",TRUE
"MOD-00559","2026-08-08 10:00:00",13.4325,NA,34.0163333333333,8.49183333333333,49.5791666666667,NA,582.8615,25.0175,36.24,31.4316666666667,60,"ok",TRUE
"MOD-00559","2026-08-08 11:00:00",9.66916666666667,NA,20.284,5.57366666666667,48.4463333333333,NA,577.7685,13.3903333333333,39.06,30.2816666666667,60,"ok",TRUE
"MOD-00559","2026-08-08 12:00:00",9.404,NA,18.7021666666667,5.52383333333333,47.0446666666667,NA,569.472666666667,9.57416666666667,40.855,29.4083333333333,60,"ok",TRUE
"MOD-00559","2026-08-08 13:00:00",7.798,NA,13.9478333333333,5.65616666666667,45.6546666666667,NA,550.226333333333,6.29333333333333,38.3483333333333,30.0433333333333,60,"ok",TRUE
"MOD-00559","2026-08-08 14:00:00",6.57633333333333,NA,11.4125,5.35016666666667,44.3951666666667,NA,519.262833333333,6.0085,33.1733333333333,32.7,60,"ok",TRUE
"MOD-00559","2026-08-08 15:00:00",6.13633333333333,NA,10.2166666666667,5.05166666666667,48.3895,NA,433.6755,6.022,27.785,35.9,60,"ok",TRUE
"MOD-00559","2026-08-08 16:00:00",5.41166666666667,NA,7.72766666666667,4.87883333333333,51.1201666666667,NA,371.518,6.3535,22.9616666666667,38.9383333333334,60,"ok",TRUE
"MOD-00559","2026-08-08 17:00:00",5.13316666666667,NA,6.62066666666666,4.66166666666667,53.705,NA,353.581166666667,6.84816666666667,20.0283333333333,41.6066666666667,60,"ok",TRUE
"MOD-00559","2026-08-08 18:00:00",5.5515625,NA,6.8959375,5.1253125,56.530625,NA,309.2828125,6.94625,17.76875,43.78125,32,"ok",FALSE
"MOD-00560","2026-07-30 00:00:00",3.00694915254237,1.92247303389831,5.40661016949152,2.5971186440678,46.865593220339,0.0349908022033898,451.597118644068,19.9803389830508,18.7271186440678,44.9423728813559,59,"ok",TRUE
"MOD-00560","2026-07-30 01:00:00",2.809,1.98948781666666,4.16016666666667,2.3785,42.6995,0.0324119905,494.603833333333,25.4665,20.1583333333333,42.8766666666666,60,"ok",TRUE
"MOD-00560","2026-07-30 02:00:00",3.03016666666667,2.28051771666667,5.49383333333333,2.56666666666667,39.0948333333333,0.0301807018333333,538.797666666667,32.9803333333333,23.0383333333333,39.9283333333333,60,"ok",TRUE
"MOD-00560","2026-07-30 03:00:00",3.28533333333333,2.62148066666666,5.44666666666667,2.75283333333333,37.912,0.029448528,552.164833333333,27.5266666666667,25.68,38.0066666666667,60,"ok",TRUE
"MOD-00560","2026-07-30 04:00:00",4.50366666666667,3.48783518333333,7.5655,3.8875,36.1776666666666,0.0283749756666667,548.928666666667,14.2305,27.725,36.7183333333333,60,"ok",TRUE
"MOD-00560","2026-07-30 05:00:00",3.7595,3.0908456,7.09133333333334,3.145,34.954,0.027617526,526.939666666667,10.9908333333333,29.0433333333333,35.405,60,"ok",TRUE
"MOD-00560","2026-07-30 06:00:00",3.9115,3.33358805,7.8575,3.21883333333333,36.3901666666667,0.0285065131666667,468.197333333333,8.1565,27.2333333333333,34.815,60,"ok",TRUE
"MOD-00560","2026-07-30 07:00:00",3.884,3.26771765,7.27416666666667,3.2935,36.2608333333333,0.0284264558333333,439.480166666667,8.01216666666667,26.6066666666667,34.2133333333333,60,"ok",TRUE
"MOD-00560","2026-07-30 08:00:00",3.61066666666667,3.12458443333333,7.41866666666667,3.03366666666667,32.0036666666667,0.0257912696666667,458.4045,8.44283333333333,28.1233333333333,33.0316666666667,60,"ok",TRUE
"MOD-00560","2026-07-30 09:00:00",3.1555,2.9524652,5.68766666666667,2.57316666666667,29.851,0.024458769,474.005,8.06916666666667,28.7133333333333,32.1833333333333,60,"ok",TRUE
"MOD-00560","2026-07-30 10:00:00",4.14766666666667,3.57334118333333,6.62316666666667,3.57733333333333,30.5631666666667,0.0248996001666667,463.376666666667,8.0055,29.6,31.565,60,"ok",TRUE
"MOD-00560","2026-07-30 11:00:00",4.6845,3.94470065,6.88516666666666,4.10483333333333,24.2095,0.0209666805,493.802833333333,9.5325,33.16,30.3266666666667,60,"ok",TRUE
"MOD-00560","2026-07-30 12:00:00",4.2855,3.71068496666667,7.92133333333333,3.6545,22.2778333333333,0.0197709788333333,531.408,8.54416666666667,35.445,29.7016666666667,60,"ok",TRUE
"MOD-00560","2026-07-30 13:00:00",4.90833333333333,4.25126606666667,11.711,3.947,25.052,0.021488188,552.599333333333,7.39683333333333,35.78,31.3416666666667,60,"ok",TRUE
"MOD-00560","2026-07-30 14:00:00",5.708,5.18617398333333,18.0218333333333,4.14583333333333,30.6593333333333,0.0249591273333333,639.541666666666,6.38816666666667,32.72,33.2816666666667,60,"ok",TRUE
"MOD-00560","2026-07-30 15:00:00",4.3765,3.49496051666667,9.91783333333333,3.48283333333333,48.0483333333333,0.0357229183333333,410.296666666667,6.58933333333333,24.8633333333333,39.7133333333333,60,"ok",TRUE
"MOD-00560","2026-07-30 16:00:00",4.98466666666667,3.65942453333333,9.453,4.17066666666667,52.9888333333333,0.0387810878333333,261.490166666667,5.92116666666667,19.5016666666667,43.2033333333333,60,"ok",TRUE
"MOD-00560","2026-07-30 17:00:00",4.58372881355932,3.31745101694915,7.13796610169492,3.82186440677966,54.8822033898305,0.0399530838983051,210.11779661017,7.27338983050847,15.7101694915254,45.6796610169492,59,"ok",TRUE
"MOD-00560","2026-07-30 18:00:00",4.49733333333333,3.14945436666667,9.581,3.775,49.1653333333333,0.0364143413333333,324.0475,16.6013333333333,16.055,45.1616666666667,60,"ok",TRUE
"MOD-00560","2026-07-30 19:00:00",4.084,2.95655216666666,7.54466666666667,3.37483333333333,47.2896666666667,0.0352533036666667,385.595333333333,16.9211666666667,16.2416666666667,44.93,60,"ok",TRUE
"MOD-00560","2026-07-30 20:00:00",4.09966666666667,2.87708203333333,8.99233333333333,3.4315,46.7383333333333,0.0349120283333333,430.840166666667,18.6421666666667,16.4933333333333,44.6333333333333,60,"ok",TRUE
"MOD-00560","2026-07-30 21:00:00",3.27559322033898,2.19428081355932,7.02508474576271,2.7728813559322,47.5389830508475,0.0354076305084746,433.025084745763,17.448813559322,15.9915254237288,45.0389830508474,59,"ok",TRUE
"MOD-00560","2026-07-30 22:00:00",3.00133333333333,1.85991596666667,4.90033333333333,2.607,51.5618333333333,0.0378977748333333,356.622666666667,14.8023333333333,13.9483333333333,47.025,60,"ok",TRUE
"MOD-00560","2026-07-30 23:00:00",3.06683333333333,1.9795776,6.899,2.55733333333333,48.5586666666667,0.0360388146666667,384.03,13.4233333333333,13.6416666666667,46.9383333333334,60,"ok",TRUE
"MOD-00560","2026-07-31 00:00:00",2.8645,2.02466255,4.48516666666667,2.35933333333333,44.5045,0.0335292855,457.317166666667,18.8065,14.67,45.4383333333333,60,"ok",TRUE
"MOD-00560","2026-07-31 01:00:00",2.9593220338983,2.21153879661017,4.97813559322034,2.44186440677966,41.5571186440678,0.031704856440678,502.525762711864,24.3842372881356,16.0338983050848,43.2915254237288,59,"ok",TRUE
"MOD-00560","2026-07-31 02:00:00",3.11766666666667,2.50415863333333,6.33133333333333,2.53583333333333,37.9211666666667,0.0294542021666667,536.212333333333,28.5988333333333,18.0566666666667,40.5083333333333,60,"ok",TRUE
"MOD-00560","2026-07-31 03:00:00",3.46666666666667,2.8429302,6.43933333333333,2.876,37.8608333333333,0.0294168558333333,543.391,28.2676666666667,19.78,38.5933333333333,60,"ok",TRUE
"MOD-00560","2026-07-31 04:00:00",3.69016666666667,3.04823446666666,8.08466666666667,3.0575,35.4808333333333,0.0279436358333333,568.334,24.033,22.07,36.995,60,"ok",TRUE
"MOD-00560","2026-07-31 05:00:00",3.88333333333333,3.44732301666667,8.2865,3.08633333333333,32.8798333333333,0.0263336168333333,573.6915,15.4835,24.9733333333333,35.1366666666667,60,"ok",TRUE
"MOD-00560","2026-07-31 06:00:00",3.88366666666667,3.45264813333333,7.97733333333333,3.16516666666667,32.6436666666667,0.0261874296666667,516.4635,9.807,23.095,34.3883333333333,60,"ok",TRUE
"MOD-00560","2026-07-31 07:00:00",4.41316666666667,3.80671068333333,19.8808333333333,3.232,36.657,0.028671683,504.445166666667,25.7763333333333,26.1533333333333,34.9866666666667,60,"ok",TRUE
"MOD-00560","2026-07-31 08:00:00",3.22,2.77623511666667,9.6665,2.51433333333333,33.8035,0.0269053665,605.6645,46.7456666666667,36.375,33.16,60,"ok",TRUE
"MOD-00560","2026-07-31 09:00:00",2.463,2.1391107,5.59633333333333,2.0365,38.7433333333333,0.0299631233333333,575.200333333333,23.0913333333333,39.2933333333333,31.8133333333333,60,"ok",TRUE
"MOD-00560","2026-07-31 10:00:00",3.11516666666667,2.5505391,6.72533333333333,2.68316666666667,39.7483333333333,0.0305852183333333,524.8585,9.82633333333334,39.8466666666667,31.3233333333333,60,"ok",TRUE
"MOD-00560","2026-07-31 11:00:00",3.473,2.87965233333333,6.84033333333333,2.9555,36.2943333333333,0.0284471923333333,525.689333333333,9.18466666666667,42.5216666666667,30.6733333333333,60,"ok",TRUE
"MOD-00560","2026-07-31 12:00:00",3.63,2.98906005,8.28516666666667,3.07733333333333,32.6608333333333,0.0261980558333333,550.539333333333,7.71233333333333,44.76,29.8083333333333,60,"ok",TRUE
"MOD-00560","2026-07-31 13:00:00",4.2325,3.48260696666667,13.9113333333333,3.389,34.9665,0.0276252635,586.472166666667,6.217,43.265,30.7483333333333,60,"ok",TRUE
"MOD-00560","2026-07-31 14:00:00",3.4455,2.81008781666667,8.74216666666667,2.75166666666667,50.5848333333333,0.0372930118333333,459.681333333333,6.347,32.595,36.005,60,"ok",TRUE
"MOD-00560","2026-07-31 15:00:00",3.93366666666667,2.88540403333333,10.05,3.23133333333333,55.9436666666667,0.0406101296666667,309.075833333333,6.94766666666666,24.4583333333333,40.9433333333333,60,"ok",TRUE
"MOD-00560","2026-07-31 16:00:00",3.81732142857143,2.79174351785714,8.35660714285715,3.13089285714286,56.0264285714286,0.0406613592857143,197.900535714286,5.74910714285714,18.9964285714286,43.2678571428572,56,"ok",TRUE
"MOD-00560","2026-07-31 17:00:00",3.5785,2.88848065,6.7915,2.7605,50.0143333333333,0.0369398723333333,274.755666666667,9.00433333333333,17.79,43.1816666666667,60,"ok",TRUE
"MOD-00560","2026-07-31 18:00:00",3.57237288135593,2.71177733898305,11.034406779661,2.77220338983051,48.3376271186441,0.0359019911864407,342.932033898305,12.8737288135593,17.471186440678,43.0915254237288,59,"ok",TRUE
"MOD-00560","2026-07-31 19:00:00",3.43916666666667,2.73614401666667,8.72783333333333,2.63216666666667,47.2688333333333,0.0352404078333333,364.301833333333,16.1591666666667,16.8283333333333,43.0733333333333,60,"ok",TRUE
"MOD-00560","2026-07-31 20:00:00",3.81716666666667,3.15088215,11.2038333333333,2.76,48.5058333333334,0.0360061108333333,386.238,17.485,16.37,43.7983333333333,60,"ok",TRUE
"MOD-00560","2026-07-31 21:00:00",3.793,3.01817078333333,12.5418333333333,2.71816666666667,52.165,0.038271135,364.425333333333,15.837,14.8333333333333,45.4116666666667,60,"ok",TRUE
"MOD-00560","2026-07-31 22:00:00",4.15135593220339,3.32712183050847,15.8437288135593,2.86474576271186,52.7637288135593,0.0386417481355932,381.322542372881,12.4254237288136,14.3440677966102,46.3372881355932,59,"ok",TRUE
"MOD-00560","2026-07-31 23:00:00",4.3565,3.58052184999999,16.6095,2.9745,53.917,0.039355623,408.922833333333,12.8713333333333,13.78,46.0416666666667,60,"ok",TRUE
"MOD-00560","2026-08-01 00:00:00",4.19966666666667,3.76783156666667,10.7806666666667,2.82916666666667,52.7176666666667,0.0386132356666667,441.3475,16.4843333333333,13.7266666666667,44.965,60,"ok",TRUE
"MOD-00560","2026-08-01 01:00:00",3.8585,3.28595296666666,10.0393333333333,2.79833333333333,44.5273333333333,0.0335434193333333,486.5115,23.0381666666667,14.9533333333333,43.3466666666667,60,"ok",TRUE
"MOD-00560","2026-08-01 02:00:00",4.27483333333333,3.65620736666667,12.8346666666667,3.17666666666667,36.8566666666667,0.0287952766666667,562.154166666667,30.7888333333333,17.8133333333333,40.3666666666667,60,"ok",TRUE
"MOD-00560","2026-08-01 03:00:00",4.897,4.51565354999999,14.5435,3.4535,32.315,0.025983985,594.845166666667,32.16,19.855,38.5033333333333,60,"ok",TRUE
"MOD-00560","2026-08-01 04:00:00",5.11116666666667,4.76845906666667,16.6603333333333,3.56983333333333,34.4838333333333,0.0273264928333333,556.146,17.6475,21.275,37.095,60,"ok",TRUE
"MOD-00560","2026-08-01 05:00:00",4.86016666666667,4.59126098333334,13.8778333333333,3.49216666666667,31.6166666666667,0.0255517166666667,579.7715,13.7488333333333,23.58,35.21,60,"ok",TRUE
"MOD-00560","2026-08-01 06:00:00",5.1185,4.86096511666667,16.3488333333333,3.6345,31.888,0.025719672,555.781,11.6633333333333,25.04,34.075,60,"ok",TRUE
"MOD-00560","2026-08-01 07:00:00",4.605,4.32942895,15.6871666666667,3.29683333333333,36.6711666666667,0.0286804521666667,508.611833333333,9.7535,24.68,34.2666666666667,60,"ok",TRUE
"MOD-00560","2026-08-01 08:00:00",4.877,4.64535661666667,13.4371666666667,3.56216666666667,30.139,0.024637041,516.827333333333,10.278,25.59,33.41,60,"ok",TRUE
"MOD-00560","2026-08-01 09:00:00",4.4475,4.35245985,11.9138333333333,3.21383333333333,34.6753333333333,0.0274450313333333,486.605666666667,9.11816666666667,25.5316666666667,33.0483333333333,60,"ok",TRUE
"MOD-00560","2026-08-01 10:00:00",4.4495,4.41555635,14.5681666666667,3.09416666666667,26.2471666666667,0.0222279961666667,493.650333333333,9.37316666666667,27.3033333333333,32.3866666666667,60,"ok",TRUE
"MOD-00560","2026-08-01 11:00:00",4.32983333333333,4.37321635,14.3398333333333,2.97366666666667,22.546,0.019936974,517.874166666667,8.68666666666667,29.4883333333333,31.4566666666667,60,"ok",TRUE
"MOD-00560","2026-08-01 12:00:00",4.41883333333333,4.25841278333333,13.4901666666667,3.224,25.7648333333333,0.0219294318333333,519.751666666667,7.6295,29.8983333333333,31.4366666666667,60,"ok",TRUE
"MOD-00560","2026-08-01 13:00:00",4.2855,4.07341011666667,12.3471666666667,3.1665,27.5085,0.0230087615,521.3345,7.47516666666667,30.3433333333333,31.9966666666667,60,"ok",TRUE
"MOD-00560","2026-08-01 14:00:00",4.46,3.83752695,14.9621666666667,3.42183333333333,35.2478333333333,0.0277994088333333,546.480333333333,8.1125,30.86,33.9183333333333,60,"ok",TRUE
"MOD-00560","2026-08-01 15:00:00",4.64766666666667,3.8821124,13.298,3.5705,47.3981666666667,0.0353204651666667,446.6755,6.57566666666667,24.7116666666667,38.1616666666667,60,"ok",TRUE
"MOD-00560","2026-08-01 16:00:00",3.57949152542373,2.71212128813559,6.74101694915254,2.9435593220339,56.4979661016949,0.0409532410169491,338.635084745763,6.30593220338983,20.6118644067797,41.806779661017,59,"ok",TRUE
"MOD-00560","2026-08-01 17:00:00",3.01283333333333,2.05189366666667,6.65933333333333,2.49783333333333,60.8165,0.0436264135,277.190666666667,6.273,17.4766666666667,44.6616666666667,60,"ok",TRUE
"MOD-00560","2026-08-01 18:00:00",3.30633333333333,2.16913125,9.01583333333334,2.76216666666667,57.7646666666666,0.0417373286666666,313.887,13.2868333333333,16.3683333333333,45.21,60,"ok",TRUE
"MOD-00560","2026-08-01 19:00:00",3.32333333333333,2.38540625,5.68816666666667,2.78083333333333,52.8973333333333,0.0387244493333333,423.687333333333,18.2546666666667,16.7083333333333,44.025,60,"ok",TRUE
"MOD-00560","2026-08-01 20:00:00",3.61779661016949,2.58051754237288,6.39135593220339,2.90762711864407,61.1715254237288,0.0438461742372881,281.179322033898,11.1503389830508,13.3203389830508,47.3491525423729,59,"ok",TRUE
"MOD-00560","2026-08-01 21:00:00",3.74375,2.49319879166667,6.46125,3.10375,53.4668333333333,0.0390769698333333,282.542,11.8766666666667,12.0666666666667,48.785,60,"ok",TRUE
"MOD-00560","2026-08-01 22:00:00",NA,NA,NA,NA,47.6513333333334,0.0354771753333333,374.790666666666,10.7136666666667,12.2466666666667,48.7016666666667,60,"thermal_cutoff",TRUE
"MOD-00560","2026-08-01 23:00:00",3.07,2.12985676923077,5.82038461538462,2.48730769230769,46.2025,0.0345803475,427.951333333333,12.2551666666667,12.155,47.1033333333333,60,"ok",TRUE
"MOD-00560","2026-08-02 00:00:00",3.05366666666667,2.11403396666667,5.56566666666667,2.54516666666667,44.5621666666667,0.0335649811666667,455.886333333333,14.5598333333333,12.4116666666667,45.9783333333333,60,"ok",TRUE
"MOD-00560","2026-08-02 01:00:00",3.215,2.3653966,7.42433333333334,2.633,42.4075,0.0322312425,499.292833333333,20.6961666666667,13.5033333333333,43.925,60,"ok",TRUE
"MOD-00560","2026-08-02 02:00:00",3.4895,2.75374175,7.8155,2.86783333333333,37.2988333333333,0.0290689778333333,551.534666666667,27.154,15.5883333333333,40.935,60,"ok",TRUE
"MOD-00560","2026-08-02 03:00:00",4.0655,3.36708831666667,9.5355,3.30333333333333,34.4003333333333,0.0272748063333333,586.726833333333,29.769,17.955,38.4766666666667,60,"ok",TRUE
"MOD-00560","2026-08-02 04:00:00",3.75916666666667,3.25878121666667,9.38116666666667,2.9665,35.2803333333333,0.0278195263333333,574.277333333333,20.4603333333333,19.105,37.5233333333333,60,"ok",TRUE
"MOD-00560","2026-08-02 05:00:00",4.33616666666667,3.73122206666667,8.64366666666667,3.5365,33.5181666666667,0.0267287451666667,578.156333333333,15.4611666666667,20.955,36.1916666666667,60,"ok",TRUE
"MOD-00560","2026-08-02 06:00:00",4.2615,3.72484748333333,9.41916666666667,3.42683333333333,32.7306666666667,0.0262412826666667,568.8685,12.81,22.0783333333333,35.4966666666667,60,"ok",TRUE
"MOD-00560","2026-08-02 07:00:00",5.09266666666667,4.34538301666666,10.6445,4.134,29.6895,0.0243588005,705.0595,12.3586666666667,24.0783333333333,35.3083333333333,60,"ok",TRUE
"MOD-00560","2026-08-02 08:00:00",7.89283333333333,9.18958711666667,29.4968333333333,3.89716666666667,30.1435,0.0246398265,639.700166666667,11.7343333333333,26.115,34.65,60,"ok",TRUE
"MOD-00560","2026-08-02 09:00:00",7.075,7.93484213333334,24.8296666666667,3.80316666666667,34.8883333333333,0.0275768783333333,542.8895,10.6113333333333,27.1616666666667,34.53,60,"ok",TRUE
"MOD-00560","2026-08-02 10:00:00",8.88833333333334,11.7506200666667,34.216,3.20283333333333,38.0916666666667,0.0295597416666667,520.0725,9.60683333333333,28.1633333333333,33.9233333333333,60,"ok",TRUE
"MOD-00560","2026-08-02 11:00:00",7.81566666666667,10.0594467,29.3336666666667,3.0975,38.1621666666667,0.0296033811666667,509.563666666667,8.6595,29.7833333333333,33.3633333333333,60,"ok",TRUE
"MOD-00560","2026-08-02 12:00:00",5.2395,6.47535208333333,15.6895,2.50533333333333,40.4256666666667,0.0310044876666667,489.604833333333,7.98616666666667,29.7466666666667,33.2566666666667,60,"ok",TRUE
"MOD-00560","2026-08-02 13:00:00",4.47866666666667,4.72725706666667,14.8896666666667,2.71483333333333,41.6425,0.0317577075,490.594166666667,7.9125,29.5233333333333,34.545,60,"ok",TRUE
"MOD-00560","2026-08-02 14:00:00",4.2635,4.37378305,12.1651666666667,2.68916666666667,45.0033333333333,0.0338380633333333,445.177166666667,8.2025,27.8533333333333,36.1633333333333,60,"ok",TRUE
"MOD-00560","2026-08-02 15:00:00",4.55583333333333,3.98189621666667,11.5195,3.37733333333333,47.7428333333333,0.0355338138333333,445.377666666666,8.29366666666667,26.8583333333333,38.065,60,"ok",TRUE
"MOD-00560","2026-08-02 16:00:00",4.588,3.60193491666667,10.0631666666667,3.71466666666667,47.8663333333333,0.0356102603333333,459.683166666667,9.98500000000001,27.115,39.1133333333333,60,"ok",TRUE
"MOD-00560","2026-08-02 17:00:00",4.31783333333333,3.37469356666667,9.134,3.47316666666667,50.4413333333333,0.0372041853333333,458.0715,8.97516666666667,26.0066666666667,40.13,60,"ok",TRUE
"MOD-00560","2026-08-02 18:00:00",4.82595238095238,3.15867924737691,10.7078571428571,4.12714285714286,63.1184745762712,0.0450513357627119,265.405084745763,6.16677966101695,19.8135593220339,45.9898305084746,59,"ok",TRUE
"MOD-00560","2026-08-02 19:00:00",4.03816666666667,2.85264266666667,6.67133333333333,3.41816666666667,47.809,0.035574771,389.501833333333,12.4836666666667,20.7983333333333,43.6966666666667,60,"ok",TRUE
"MOD-00560","2026-08-02 20:00:00",3.11066666666667,2.07457615,6.7965,2.606,51.8435,0.0380721265,288.869666666667,7.90133333333334,16.8466666666667,45.1433333333333,60,"ok",TRUE
"MOD-00560","2026-08-02 21:00:00",3.30466666666667,2.15223513333334,6.34066666666667,2.79283333333333,52.8341666666667,0.0386853491666667,298.977666666667,12.12,15.095,46.6383333333333,60,"ok",TRUE
"MOD-00560","2026-08-02 22:00:00",3.19881355932203,1.98196801694915,7.59779661016949,2.67237288135593,53.32,0.03898608,300.441525423729,14.37,13.4169491525424,48.0661016949153,59,"ok",TRUE
"MOD-00560","2026-08-02 23:00:00",3.2515,2.18501633333333,6.034,2.68566666666667,47.8776666666667,0.0356172756666667,359.785666666667,12.8753333333333,13.19,47.295,60,"ok",TRUE
"MOD-00560","2026-08-03 00:00:00",3.31516666666667,2.27130256666666,5.84966666666667,2.79466666666667,45.164,0.033937516,446.617333333333,16.9538333333333,13.9466666666667,45.7983333333333,60,"ok",TRUE
"MOD-00560","2026-08-03 01:00:00",3.65133333333333,2.5856623,8.03966666666667,3.07783333333333,42.485,0.032279215,496.400833333333,21.4851666666667,15.0083333333333,43.925,60,"ok",TRUE
"MOD-00560","2026-08-03 02:00:00",4.44866666666667,3.45226068333333,8.2995,3.72666666666667,35.8311666666667,0.0281604921666667,564.521833333333,30.0203333333333,17.4366666666667,40.8483333333333,60,"ok",TRUE
"MOD-00560","2026-08-03 03:00:00",4.98933333333333,3.96516251666667,9.7395,4.179,28.427,0.023577313,626.439833333333,33.8273333333333,20.1,38.6433333333333,60,"ok",TRUE
"MOD-00560","2026-08-03 04:00:00",5.76483333333333,4.84292901666667,11.4855,4.672,31.6205,0.0255540895,604.923333333333,23.5761666666667,22.3,36.77,60,"ok",TRUE
"MOD-00560","2026-08-03 05:00:00",5.56483333333333,4.67712758333333,12.8385,4.49066666666667,34.6495,0.0274290405,579.134,13.0575,23.3883333333333,35.9416666666667,60,"ok",TRUE
"MOD-00560","2026-08-03 06:00:00",5.83166666666667,4.96501103333333,13.665,4.65683333333333,28.3008333333333,0.0234992158333333,568.295,12.4828333333333,24.4033333333333,35.3633333333333,60,"ok",TRUE
"MOD-00560","2026-08-03 07:00:00",6.232,5.50965635,14.1471666666667,4.83833333333333,25.386,0.021694934,568.4465,12.219,25.76,34.54,60,"ok",TRUE
"MOD-00560","2026-08-03 08:00:00",5.40283333333334,4.76700281666667,13.0211666666667,4.20066666666667,29.5636666666667,0.0242809096666667,542.201333333333,10.9005,27.5383333333333,34.2333333333333,60,"ok",TRUE
"MOD-00560","2026-08-03 09:00:00",4.98316666666666,4.53702116666666,11.9546666666667,3.76816666666667,31.2438333333333,0.0253209328333333,526.315833333333,9.51233333333333,29.0166666666667,34.0433333333333,60,"ok",TRUE
"MOD-00560","2026-08-03 10:00:00",4.54983333333333,4.19450186666667,11.3546666666667,3.40583333333333,29.6106666666667,0.0243100026666667,515.4045,8.2545,29.83,33.785,60,"ok",TRUE
"MOD-00560","2026-08-03 11:00:00",4.14083333333333,3.73520435,9.29216666666667,3.23716666666667,29.8186666666667,0.0244387546666667,514.45,8.25216666666667,30.9716666666667,33.165,60,"ok",TRUE
"MOD-00560","2026-08-03 12:00:00",5.47316666666667,4.81175361666666,19.1841666666667,4.08083333333333,21.7393333333333,0.0194376473333333,567.320666666667,9.7895,34.3133333333333,32.4166666666667,60,"ok",TRUE
"MOD-00560","2026-08-03 13:00:00",4.496,3.78578988333333,9.61516666666667,3.67833333333333,32.5916666666667,0.0261552416666667,564.629833333334,7.69733333333333,34.3283333333333,33.1283333333333,60,"ok",TRUE
"MOD-00560","2026-08-03 14:00:00",4.94066666666667,4.03260191666667,10.7811666666667,4.0565,37.9811666666667,0.0294913421666667,523.4105,6.96033333333333,32.3,34.755,60,"ok",TRUE
"MOD-00560","2026-08-03 15:00:00",4.62783333333333,3.57893596666667,9.04566666666667,3.80683333333333,51.3481666666667,0.0377655151666667,428.527333333333,6.2425,25.45,39.8783333333333,60,"ok",TRUE
"MOD-00560","2026-08-03 16:00:00",4.13050847457627,3.0672286440678,7.88813559322034,3.29915254237288,58.5932203389831,0.0422502033898305,194.360677966102,5.63033898305084,18.5525423728814,45.1067796610169,59,"ok",TRUE
"MOD-00560","2026-08-03 17:00:00",3.70033333333333,2.77371851666667,10.1661666666667,2.85,48.8796666666667,0.0362375136666667,291.435666666667,11.2021666666667,18.5416666666667,44.4183333333333,60,"ok",TRUE
"MOD-00560","2026-08-03 18:00:00",3.70233333333333,2.56653986666667,9.10566666666666,3.02833333333333,51.5035,0.0378616665,313.045833333333,9.9465,16.68,45.3516666666667,60,"ok",TRUE
"MOD-00560","2026-08-03 19:00:00",4.32966666666667,3.21840951666667,8.69616666666667,3.47266666666667,47.4011666666667,0.0353223221666667,334.447,15.4441666666667,15.7216666666667,45.5583333333333,60,"ok",TRUE
"MOD-00560","2026-08-03 20:00:00",4.1035593220339,2.90006686440678,9.80084745762712,3.33661016949152,48.7030508474576,0.0361281884745763,367.26779661017,14.6935593220339,15.1169491525424,45.9677966101695,59,"ok",TRUE
"MOD-00560","2026-08-03 21:00:00",3.6865,2.51902323333333,5.56466666666667,3.106,50.2643333333333,0.0370946223333333,348.741166666667,13.9418333333333,13.575,46.9783333333333,60,"ok",TRUE
"MOD-00560","2026-08-03 22:00:00",3.8355,2.72624941666666,7.55116666666667,3.09466666666667,47.7135,0.0355156565,382.123833333333,10.9795,13.3,47.1983333333334,60,"ok",TRUE
"MOD-00560","2026-08-03 23:00:00",3.7345,2.50378088333334,7.37816666666667,3.15766666666667,47.8018333333333,0.0355703348333333,415.450666666667,12.5318333333333,13.0266666666667,46.7366666666667,60,"ok",TRUE
"MOD-00560","2026-08-04 00:00:00",4.0128813559322,2.82009774576271,7.15508474576271,3.4393220338983,43.2822033898305,0.0327726838983051,478.562033898305,19.5976271186441,14.0457627118644,44.6542372881356,59,"ok",TRUE
"MOD-00560","2026-08-04 01:00:00",4.1965,3.08487311666666,7.0375,3.61083333333333,39.1168333333333,0.0301943198333333,530.8885,24.677,15.69,42.475,60,"ok",TRUE
"MOD-00560","2026-08-04 02:00:00",8.081,6.75420578531074,53.1425423728813,5.19933333333333,27.2515,0.0228496785,606.5285,29.7796666666667,20.88,39.82,60,"ok",TRUE
"MOD-00560","2026-08-04 03:00:00",5.51816666666667,4.94130058333333,18.5475,4.02233333333333,14.5353333333333,0.0149783713333333,744.138,59.7275,35.2633333333333,32.8816666666667,60,"ok",TRUE
"MOD-00560","2026-08-04 04:00:00",4.245,3.27699973333333,7.406,3.787,21.2433333333333,0.0191306233333333,743.733333333333,48.7695,43.6633333333333,30.49,60,"ok",TRUE
"MOD-00560","2026-08-04 05:00:00",2.85133333333333,2.38530075,6.09083333333334,2.43716666666667,29.767,0.024406773,622.8475,29.286,47.4083333333333,29.2766666666667,60,"ok",TRUE
"MOD-00560","2026-08-04 06:00:00",3.04966666666667,2.48299246666667,4.29033333333333,2.727,36.2375,0.0284120125,573.056166666667,10.7978333333333,48.2766666666667,28.875,60,"ok",TRUE
"MOD-00560","2026-08-04 07:00:00",2.78183333333333,2.24435855,4.76516666666667,2.49166666666667,38.2258333333333,0.0296427908333333,525.892333333333,8.0365,49.0566666666667,28.7583333333333,60,"ok",TRUE
"MOD-00560","2026-08-04 08:00:00",2.08666666666667,1.8199061,3.108,1.873,44.2048333333333,0.0333437918333333,453.114833333333,5.3315,45.6066666666667,28.8783333333333,60,"ok",TRUE
"MOD-00560","2026-08-04 09:00:00",1.67783333333333,1.55266986666667,2.36433333333333,1.50216666666667,43.5318333333333,0.0329272048333333,446.142666666667,5.31016666666667,46.21,28.4933333333333,60,"ok",TRUE
"MOD-00560","2026-08-04 10:00:00",1.65483333333333,1.57570233333333,2.39966666666667,1.464,43.443,0.032872217,426.191333333333,5.26483333333333,45.7233333333333,28.3366666666667,60,"ok",TRUE
"MOD-00560","2026-08-04 11:00:00",1.78716666666667,1.66320406666667,2.809,1.585,40.6451666666667,0.0311403581666667,433.227666666667,5.34466666666667,46.1633333333333,28.1733333333333,60,"ok",TRUE
"MOD-00560","2026-08-04 12:00:00",2.40483333333333,2.08181141666667,5.14916666666667,2.08983333333333,32.8865,0.0263377435,471.0335,7.4375,49.125,27.8233333333333,60,"ok",TRUE
"MOD-00560","2026-08-04 13:00:00",2.96283333333333,2.46847443333333,7.12133333333333,2.5275,32.7685,0.0262647015,514.769666666667,6.3235,49.065,28.5016666666667,60,"ok",TRUE
"MOD-00560","2026-08-04 14:00:00",3.21633333333333,2.57370116666667,7.89866666666667,2.70883333333333,40.5303333333334,0.0310692763333333,478.070666666667,5.77433333333333,41.28,32.195,60,"ok",TRUE
"MOD-00560","2026-08-04 15:00:00",2.65516666666667,1.9450582,6.505,2.2595,50.7835,0.0374159865,318.6465,6.425,29.1966666666667,37.88,60,"ok",TRUE
"MOD-00560","2026-08-04 16:00:00",2.80216666666667,1.91589466666667,7.41733333333333,2.32966666666667,55.6653333333333,0.0404378413333333,204.394,6.79283333333334,22.7383333333333,42.1333333333333,60,"ok",TRUE
"MOD-00560","2026-08-04 17:00:00",3.22779661016949,2.57842113559322,11.2422033898305,2.2593220338983,56.1035593220339,0.040709103220339,193.95813559322,6.49915254237288,19.6796610169492,44.0186440677966,59,"ok",TRUE
"MOD-00560","2026-08-04 18:00:00",5.2845,5.82263656666667,23.6076666666667,2.44983333333333,49.4281666666667,0.0365770351666667,343.2865,12.5803333333333,20.7716666666667,42.5566666666667,60,"ok",TRUE
"MOD-00560","2026-08-04 19:00:00",5.78683333333333,6.60678613333334,29.574,2.4175,48.9468333333333,0.0362790898333333,383.9315,14.6878333333333,20.6316666666667,42.1966666666667,60,"ok",TRUE
"MOD-00560","2026-08-04 20:00:00",5.25183333333333,5.77313719999999,27.0676666666667,2.357,48.9101666666667,0.0362563931666667,402.459,14.7265,20.115,42.305,60,"ok",TRUE
"MOD-00560","2026-08-04 21:00:00",5.6506779661017,6.30774715254238,31.0779661016949,2.38305084745763,50.164406779661,0.0370327677966102,402.176610169492,15.1225423728814,19.1016949152542,42.9796610169491,59,"ok",TRUE
"MOD-00560","2026-08-04 22:00:00",6.38916666666667,7.49226065,26.8711666666667,2.6395,50.966,0.037528954,374.857666666667,16.0953333333333,17.5933333333333,44.0833333333333,60,"ok",TRUE
"MOD-00560","2026-08-04 23:00:00",7.22266666666667,8.5646423,34.3,2.80833333333333,47.4006666666667,0.0353220126666667,401.118,18.9855,17.645,44.0966666666667,60,"ok",TRUE
"MOD-00560","2026-08-05 00:00:00",7.72983050847458,9.85866313559322,29.865593220339,2.71881355932203,43.5418644067797,0.0329334140677966,457.294406779661,24.2833898305085,19,42.928813559322,59,"ok",TRUE
"MOD-00560","2026-08-05 01:00:00",8.28116666666667,10.6805952333333,37.19,2.7665,40.3593333333333,0.0309634273333333,505.632,29.2546666666667,21.115,40.6383333333333,60,"ok",TRUE
"MOD-00560","2026-08-05 02:00:00",10.5061666666667,14.1768543166667,46.0111666666667,3.12483333333333,39.5031666666667,0.0304334601666667,539.095666666667,33.009,23.7833333333333,38.68,60,"ok",TRUE
"MOD-00560","2026-08-05 03:00:00",8.76716666666667,11.5186275,36.7613333333333,2.958,40.1061666666667,0.0308067171666667,532.047,20.4438333333333,25.385,37.5316666666667,60,"ok",TRUE
"MOD-00560","2026-08-05 04:00:00",3.611,2.9723716,7.64566666666667,2.944,43.3545,0.0328174355,539.203,30.4708333333333,28.2066666666667,36.5316666666667,60,"ok",TRUE
"MOD-00560","2026-08-05 05:00:00",3.66616666666667,3.06493613333334,7.47733333333333,2.97933333333333,41.8763333333333,0.0319024503333333,532.443,22.1603333333333,30.7216666666667,35.51,60,"ok",TRUE
"MOD-00560","2026-08-05 06:00:00",6.06133333333334,6.01958426666667,15.0233333333333,3.93433333333333,30.0908333333333,0.0246072258333333,582.729666666667,37.712,37.7066666666667,34.8366666666667,60,"ok",TRUE
"MOD-00560","2026-08-05 07:00:00",5.93083333333334,5.73981961666667,13.3698333333333,4.026,33.2641666666667,0.0265715191666667,550.1915,18.2721666666667,40.5533333333334,33.875,60,"ok",TRUE
"MOD-00560","2026-08-05 08:00:00",5.81333333333333,5.3353443,12.368,4.234,36.765,0.028738535,507.065,9.45166666666666,41.7633333333333,33.0783333333333,60,"ok",TRUE
"MOD-00560","2026-08-05 09:00:00",5.9305,5.42463905,13.7871666666667,4.29533333333333,34.505,0.027339595,490.322666666667,7.53216666666667,43.415,32.655,60,"ok",TRUE
"MOD-00560","2026-08-05 10:00:00",6.31816666666667,5.91952901666667,14.8581666666667,4.44116666666666,32.1906666666667,0.0259070226666667,482.210666666667,7.35116666666667,45.4016666666667,32.3183333333333,60,"ok",TRUE
"MOD-00560","2026-08-05 11:00:00",6.18116666666667,5.72114543333333,12.948,4.43333333333333,35.1411666666667,0.0277333821666667,480.814,7.526,48.0533333333334,31.9466666666667,60,"ok",TRUE
"MOD-00560","2026-08-05 12:00:00",6.30383333333333,5.68311635,11.7188333333333,4.6985,34.899,0.027583481,464.186333333333,6.26233333333333,49.0066666666667,31.5466666666667,60,"ok",TRUE
"MOD-00560","2026-08-05 13:00:00",7.252,6.6022109,19.5053333333333,5.1315,29.7891666666667,0.0244204941666667,490.571,5.92216666666667,50.4583333333333,31.6,60,"ok",TRUE
"MOD-00560","2026-08-05 14:00:00",6.3455,5.44672633333334,13.8653333333333,4.87383333333334,40.5953333333333,0.0311095113333333,449.928166666667,5.445,45.99,32.565,60,"ok",TRUE
"MOD-00560","2026-08-05 15:00:00",5.49466666666667,4.8038601,11.032,4.091,46.0856666666667,0.0345080276666667,371.191,5.84966666666667,37.8266666666667,36.325,60,"ok",TRUE
"MOD-00560","2026-08-05 16:00:00",5.07316666666667,4.16856268333334,9.01483333333333,3.957,49.2278333333333,0.0364530288333333,291.144333333333,6.23316666666667,31.5883333333333,39.1483333333333,60,"ok",TRUE
"MOD-00560","2026-08-05 17:00:00",5.15916666666667,3.96122955,9.07983333333333,4.19566666666667,51.025,0.037565475,297.134166666667,6.10566666666666,28.3716666666667,41,60,"ok",TRUE
"MOD-00560","2026-08-05 18:00:00",5.1245,3.79873816666667,10.7213333333333,4.2045,49.082,0.036362758,325.2355,7.36183333333333,27.345,41.5916666666667,60,"ok",TRUE
"MOD-00560","2026-08-05 19:00:00",5.05783333333333,4.01236311666667,13.0698333333333,3.8555,47.0803333333333,0.0351237263333333,358.423166666667,8.83566666666667,26.8733333333333,41.7266666666667,60,"ok",TRUE
"MOD-00560","2026-08-05 20:00:00",4.71610169491525,3.76495211864407,15.3242372881356,3.45677966101695,46.9966101694915,0.0350719016949153,386.803559322034,9.26830508474576,26.0322033898305,42.0745762711864,59,"ok",TRUE
"MOD-00560","2026-08-05 21:00:00",4.56616666666667,3.84994146666667,10.8326666666667,3.2635,49.8061666666667,0.0368110171666667,350.227666666667,7.89883333333333,23.24,43.4216666666667,60,"ok",TRUE
"MOD-00560","2026-08-05 22:00:00",4.67166666666667,3.80712998333333,13.8671666666667,3.32533333333333,50.6853333333333,0.0373552213333333,338.123166666667,9.65533333333333,21.295,44.6033333333333,60,"ok",TRUE
"MOD-00560","2026-08-05 23:00:00",4.97983050847458,4.29605944067796,14.5703389830508,3.40457627118644,48.0094915254237,0.0356988752542373,385.609830508474,13.7459322033898,21.0847457627119,44.1915254237288,59,"ok",TRUE
"MOD-00560","2026-08-06 00:00:00",5.10416666666667,4.4767971,14.7846666666667,3.51133333333333,45.612,0.034214828,455.5445,26.5755,22.7316666666667,42.5583333333333,60,"ok",TRUE
"MOD-00560","2026-08-06 01:00:00",4.97883333333334,4.76315906666667,12.2756666666667,3.2625,41.1598333333333,0.0314589368333333,500.782833333333,31.6501666666667,25.2466666666667,40.25,60,"ok",TRUE
"MOD-00560","2026-08-06 02:00:00",4.6995,4.3432313,11.0713333333333,3.30766666666667,38.591,0.029868829,537.576166666667,35.939,28.99,37.67,60,"ok",TRUE
"MOD-00560","2026-08-06 03:00:00",4.835,4.40113031666667,12.1145,3.48033333333333,38.6033333333333,0.0298764633333333,523.073333333333,14.6938333333333,30.755,36.43,60,"ok",TRUE
"MOD-00560","2026-08-06 04:00:00",4.85866666666667,4.37835566666667,11.0813333333333,3.60033333333333,37.6715,0.0292996585,509.881833333333,11.5195,32.49,35.4066666666667,60,"ok",TRUE
"MOD-00560","2026-08-06 05:00:00",5.06733333333333,4.38017396666667,33.2843333333333,3.24633333333333,38.0245,0.0295181655,509.087833333333,20.7543333333333,36.0566666666667,34.0833333333333,60,"ok",TRUE
"MOD-00560","2026-08-06 06:00:00",5.66833333333333,5.04232475,18.4585,4.12333333333333,27.5796666666667,0.0230528136666667,560.587833333333,63.7998333333333,57.1416666666667,27.9383333333333,60,"ok",TRUE
"MOD-00560","2026-08-06 07:00:00",3.86233333333333,3.13790589999999,5.10733333333333,3.3235,32.4815,0.0260870485,592.605,45.3723333333333,70.0516666666667,24.61,60,"ok",TRUE
"MOD-00560","2026-08-06 08:00:00",2.59516666666667,2.17205141666666,3.40616666666667,2.26433333333333,39.9735,0.0307245965,511.454,9.593,63.5983333333333,25.6583333333333,60,"ok",TRUE
"MOD-00560","2026-08-06 09:00:00",3.738,2.87325703333333,5.15633333333333,3.3565,37.799,0.029378581,474.641333333333,8.668,64.2116666666667,25.9883333333333,60,"ok",TRUE
"MOD-00560","2026-08-06 10:00:00",3.55066666666667,2.75545853333333,4.94466666666667,3.15166666666667,38.021,0.029515999,470.534166666667,7.58433333333333,65.8033333333333,25.9266666666667,60,"ok",TRUE
"MOD-00560","2026-08-06 11:00:00",3.427,2.6523024,4.59533333333333,3.119,42.5086666666667,0.0322938646666667,432.081333333333,5.6845,60.2933333333333,26.3333333333333,60,"ok",TRUE
"MOD-00560","2026-08-06 12:00:00",3.289,2.55617403333333,4.67666666666666,2.98916666666667,40.2266666666667,0.0308813066666667,440.694833333333,6.36066666666666,61.0816666666667,26.0333333333333,60,"ok",TRUE
"MOD-00560","2026-08-06 13:00:00",3.51166666666667,2.72801578333333,5.28683333333333,3.17683333333333,41.3733333333333,0.0315910933333333,461.547333333333,5.47683333333333,58.0616666666667,26.725,60,"ok",TRUE
"MOD-00560","2026-08-06 14:00:00",4.09433333333333,3.12703685,7.77216666666667,3.64566666666667,45.1928333333333,0.0339553638333333,437.702166666667,5.16283333333333,48.8716666666667,29.4816666666667,60,"ok",TRUE
"MOD-00560","2026-08-06 15:00:00",3.17966666666667,2.38445455,4.85116666666667,2.802,52.3183333333333,0.0383660483333333,324.905666666667,6.2695,33.4533333333333,35.96,60,"ok",TRUE
"MOD-00560","2026-08-06 16:00:00",4.48883333333333,3.04695151666666,7.6235,4.0385,56.5345,0.0409758555,241.645333333333,7.138,26.405,40.1733333333333,60,"ok",TRUE
"MOD-00560","2026-08-06 17:00:00",4.37633333333333,2.98256526666667,9.78833333333333,3.80683333333333,58.0645,0.0419229255,268.663666666667,6.274,23.8366666666667,41.6116666666667,60,"ok",TRUE
"MOD-00560","2026-08-06 18:00:00",3.90266666666667,2.77013236666667,7.22233333333333,3.322,56.5516666666667,0.0409864816666667,304.721,8.72216666666666,22.0316666666667,42.3316666666667,60,"ok",TRUE
"MOD-00560","2026-08-06 19:00:00",3.27728813559322,2.26973216949153,7.01118644067797,2.80762711864407,56.0659322033898,0.0406858120338983,324.689491525424,11.6032203389831,20.6694915254237,42.2186440677966,59,"ok",TRUE
"MOD-00560","2026-08-06 20:00:00",3.14133333333333,2.40548181666667,7.6255,2.45583333333333,55.3066666666667,0.0402158266666667,344.998833333333,15.7553333333333,19.4033333333333,42.8083333333333,60,"ok",TRUE
"MOD-00560","2026-08-06 21:00:00",3.09466666666667,2.66088966666667,7.97533333333333,2.10883333333333,55.3728333333333,0.0402567838333333,344.704166666667,17.4725,18.015,44.1583333333333,60,"ok",TRUE
"MOD-00560","2026-08-06 22:00:00",3.70898305084746,3.40978620338983,11.3874576271186,2.27728813559322,51.0084745762712,0.0375552457627119,388.88813559322,22.3138983050847,18.6118644067797,44.9423728813559,59,"ok",TRUE
"MOD-00560","2026-08-06 23:00:00",4.41066666666667,4.47526828333334,16.7508333333333,2.34583333333333,47.9378333333333,0.0356545188333333,435.734,25.6661666666667,19.4716666666667,44.2166666666667,60,"ok",TRUE
"MOD-00560","2026-08-07 00:00:00",4.3415,4.58001346666667,15.19,2.28216666666667,45.9065,0.0343971235,472.076833333333,29.7815,20.6933333333333,42.5616666666666,60,"ok",TRUE
"MOD-00560","2026-08-07 01:00:00",4.87483333333333,5.55494788333333,19.3355,2.2705,44.0335,0.0332377365,501.978,33.835,22.5416666666667,40.4616666666667,60,"ok",TRUE
"MOD-00560","2026-08-07 02:00:00",3.45333333333333,3.5260708,11.2876666666667,2.10816666666667,40.035,0.030762665,554.706666666667,42.4798333333333,27.3316666666667,37.3133333333333,60,"ok",TRUE
"MOD-00560","2026-08-07 03:00:00",2.94266666666667,2.65371138333333,7.16816666666667,2.23333333333333,41.569,0.031712211,550.1405,34.1608333333333,29.92,35.4633333333333,60,"ok",TRUE
"MOD-00560","2026-08-07 04:00:00",2.98416666666667,2.74126488333333,9.0975,2.19483333333333,41.1043333333333,0.0314245823333333,521.811333333333,14.0158333333333,30.9733333333333,34.6833333333333,60,"ok",TRUE
"MOD-00560","2026-08-07 05:00:00",2.58166666666667,2.34258726666667,8.53933333333333,1.97383333333333,41.5323333333333,0.0316895143333333,481.410166666667,9.24366666666667,30.905,33.805,60,"ok",TRUE
"MOD-00560","2026-08-07 06:00:00",2.74316666666667,2.51207546666667,8.912,2.10216666666667,40.2261666666667,0.0308809971666667,478.341166666667,9.23883333333333,32.29,32.9116666666667,60,"ok",TRUE
"MOD-00560","2026-08-07 07:00:00",3.08466666666667,2.69573053333333,6.73833333333333,2.57233333333333,39.1361666666667,0.0302062871666667,482.8705,10.3863333333333,34.2666666666667,31.8783333333333,60,"ok",TRUE
"MOD-00560","2026-08-07 08:00:00",2.817,2.54353281666667,7.46583333333333,2.29566666666667,35.6716666666667,0.0280617616666667,487.148,10.6913333333333,36.0966666666667,30.8633333333333,60,"ok",TRUE
"MOD-00560","2026-08-07 09:00:00",2.8475,2.49850965,6.2405,2.43616666666667,36.3626666666667,0.0284894906666667,488.4445,9.5865,37.6866666666667,30.1166666666667,60,"ok",TRUE
"MOD-00560","2026-08-07 10:00:00",2.79716666666667,2.4649794,5.24066666666667,2.38083333333333,33.277,0.026579463,509.303166666667,11.554,41.1866666666667,29.8216666666667,60,"ok",TRUE
"MOD-00560","2026-08-07 11:00:00",3.5445,2.81672895,6.22916666666667,3.14383333333333,31.1935,0.0252897765,512.074833333333,10.3351666666667,44.58,29.975,60,"ok",TRUE
"MOD-00560","2026-08-07 12:00:00",3.69016666666667,2.92595016666667,5.80133333333333,3.27266666666667,30.1335,0.0246336365,521.072166666667,9.28666666666667,46.9083333333333,29.6716666666666,60,"ok",TRUE
"MOD-00560","2026-08-07 13:00:00",3.652,2.82884875,6.34583333333333,3.2495,35.7626666666667,0.0281180906666667,500.174833333333,6.67316666666667,45.6833333333333,30.45,60,"ok",TRUE
"MOD-00560","2026-08-07 14:00:00",3.69733333333333,2.86327608333333,6.56083333333333,3.209,43.4346666666667,0.0328670586666667,470.580333333333,5.62933333333333,40.44,33.115,60,"ok",TRUE
"MOD-00560","2026-08-07 15:00:00",4.36066666666667,3.24223993333333,10.0173333333333,3.69783333333333,48.7486666666667,0.0361564246666667,392.120833333333,5.89683333333334,32.5766666666667,37.04,60,"ok",TRUE
"MOD-00560","2026-08-07 16:00:00",4.27266666666667,3.09570383333333,7.691,3.62766666666667,55.8001666666666,0.0405213031666667,310.205666666667,6.42766666666667,25.6616666666667,41.0383333333333,60,"ok",TRUE
"MOD-00560","2026-08-07 17:00:00",3.59271186440678,2.42733401694915,6.68932203389831,3.03694915254237,61.2027118644068,0.0438654786440678,196.157118644068,6.21966101694915,20.071186440678,44.6677966101695,59,"ok",TRUE
"MOD-00560","2026-08-07 18:00:00",3.73533333333333,2.6320141,7.68833333333333,3.11166666666667,53.608,0.039164352,331.413166666667,15.2441666666667,21.0033333333333,43.4966666666667,60,"ok",TRUE
"MOD-00560","2026-08-07 19:00:00",3.49183333333333,2.67595611666667,8.33016666666667,2.7245,53.152,0.038882088,409.392333333333,21.0228333333333,21.7516666666667,42.6133333333333,60,"ok",TRUE
"MOD-00560","2026-08-07 20:00:00",3.29216666666667,2.44722378333333,7.9175,2.60233333333333,51.7885,0.0380380815,409.176666666667,16.7718333333333,20.8733333333333,43.115,60,"ok",TRUE
"MOD-00560","2026-08-07 21:00:00",3.38050847457627,2.56237944067796,9.7428813559322,2.53322033898305,51.1008474576271,0.0376124245762712,388.103389830508,15.5152542372881,19.5101694915254,44.3881355932203,59,"ok",TRUE
"MOD-00560","2026-08-07 22:00:00",3.689,2.8015073,9.74033333333333,2.73216666666667,55.072,0.040070568,377.404,16.5765,17.98,46.1233333333333,60,"ok",TRUE
"MOD-00560","2026-08-07 23:00:00",3.94716666666667,3.19994088333333,11.6735,2.78283333333333,50.2435,0.0370817265,419.618833333333,21.9485,18.3533333333333,45.34,60,"ok",TRUE
"MOD-00560","2026-08-08 00:00:00",3.8995,3.3967958,9.40966666666667,2.70266666666667,47.3608333333333,0.0352973558333333,483.672,28.2221666666667,19.8133333333333,43.5633333333333,60,"ok",TRUE
"MOD-00560","2026-08-08 01:00:00",4.0328813559322,3.68825652542373,10.1781355932203,2.76593220338983,45.091186440678,0.0338924444067797,510.904237288136,31.5562711864407,21.335593220339,41.1135593220339,59,"ok",TRUE
"MOD-00560","2026-08-08 02:00:00",4.394,3.98521908333333,11.7761666666667,3.12983333333333,41.5611666666667,0.0317073621666667,552.967166666667,35.3873333333333,23.6233333333333,38.745,60,"ok",TRUE
"MOD-00560","2026-08-08 03:00:00",4.72433333333333,4.29285231666667,10.9691666666667,3.453,38.0983333333333,0.0295638683333333,575.744833333333,31.2083333333333,25.1016666666667,37.6166666666667,60,"ok",TRUE
"MOD-00560","2026-08-08 04:00:00",4.84733333333333,4.33845665,14.4041666666667,3.52266666666667,41.3905,0.0316017195,543.641,19.4051666666667,26.4716666666667,36.8083333333334,60,"ok",TRUE
"MOD-00560","2026-08-08 05:00:00",8.0765,5.9195669,17.594,7.13933333333333,40.538,0.031074022,548.506333333333,40.0425,32.9833333333333,33.9,60,"ok",TRUE
"MOD-00560","2026-08-08 06:00:00",10.1011666666667,7.00738678333333,13.6198333333333,9.55133333333333,38.6061666666667,0.0298782171666667,587.316833333333,40.613,37.5266666666667,31.34,60,"ok",TRUE
"MOD-00560","2026-08-08 07:00:00",7.16433333333333,5.36880005,10.2188333333333,6.4975,40.168,0.030844992,583.6935,23.5673333333333,41.4216666666667,30.4183333333334,60,"ok",TRUE
"MOD-00560","2026-08-08 08:00:00",8.56733333333333,6.19512268333332,12.8371666666667,7.97866666666667,51.2888333333333,0.0377287878333333,425.824166666667,6.11616666666667,29.13,32.1033333333333,60,"ok",TRUE
"MOD-00560","2026-08-08 09:00:00",10.2688333333333,9.05158023333333,27.5123333333333,7.72666666666667,51.3523333333333,0.0377680943333333,382.586333333333,7.36516666666667,27.3066666666667,33.845,60,"ok",TRUE
"MOD-00560","2026-08-08 10:00:00",15.8296666666667,14.9589358166667,45.0098333333334,10.8791666666667,45.7468333333333,0.0342982898333333,475.797166666667,21.4958333333333,34.5733333333333,31.8833333333333,60,"ok",TRUE
"MOD-00560","2026-08-08 11:00:00",12.5645,13.6712239166667,21.7875,7.68533333333333,43.8005,0.0330935095,500.677333333333,18.3868333333333,38.525,30.49,60,"ok",TRUE
"MOD-00560","2026-08-08 12:00:00",9.81816666666666,11.60327805,18.8885,5.2855,43.3768333333334,0.0328312598333333,496.2855,11.6151666666667,40.4316666666667,29.5716666666667,60,"ok",TRUE
"MOD-00560","2026-08-08 13:00:00",9.50733333333333,9.52946571666666,15.3251666666667,6.60883333333333,45.2076666666667,0.0339645456666667,496.964166666667,7.41433333333334,38.405,30.0333333333333,60,"ok",TRUE
"MOD-00560","2026-08-08 14:00:00",8.00633333333333,7.5170419,13.7343333333333,5.91333333333333,48.7615,0.0361643685,457.853833333333,6.15633333333333,32.36,33.1033333333333,60,"ok",TRUE
"MOD-00560","2026-08-08 15:00:00",6.80666666666667,5.61687096666667,12.5063333333333,5.56566666666667,53.9973333333333,0.0394053493333333,373.693,6.183,26.3133333333333,36.34,60,"ok",TRUE
"MOD-00560","2026-08-08 16:00:00",6.2725,4.8988697,9.13333333333333,5.34516666666667,57.7105,0.0417037995,339.430833333333,6.48316666666667,22.34,38.9733333333333,60,"ok",TRUE
"MOD-00560","2026-08-08 17:00:00",6.346,4.45257171666666,7.9635,5.73083333333333,62.1403333333333,0.0444458663333333,297.829,7.10133333333333,18.685,42.0716666666667,60,"ok",TRUE
"MOD-00560","2026-08-08 18:00:00",6.96484848484848,4.6063456060606,9.94636363636363,6.3860606060606,65.1248484848485,0.0462932812121212,253.857575757576,8.3139393939394,16.2969696969697,44.4545454545455,33,"ok",FALSE
"MOD-00561","2026-07-30 00:00:00",4.25897959183673,1.9428002755102,6.19612244897959,3.82897959183673,48.7845,0.0511052185,391.637333333333,24.8281666666667,19.315,43.4283333333333,60,"ok",TRUE
"MOD-00561","2026-07-30 01:00:00",3.97122807017544,1.85482348245614,7.60070175438597,3.59508771929825,45.4556666666667,0.047200497,479.467166666667,33.9016666666667,22.975,39.9816666666667,60,"ok",TRUE
"MOD-00561","2026-07-30 02:00:00",4.29716666666667,2.17613895,11.0531666666667,3.85066666666667,42.6818333333333,0.0439467905,496.068333333333,33.0746666666667,26.0483333333333,37.715,60,"ok",TRUE
"MOD-00561","2026-07-30 03:00:00",4.23416666666667,2.28648506666667,11.2033333333333,3.74033333333333,40.8951666666667,0.0418510305,506.090333333333,18.8703333333333,28.5116666666667,36.0066666666667,60,"ok",TRUE
"MOD-00561","2026-07-30 04:00:00",4.27183333333333,2.38644508333334,10.2185,3.74883333333333,39.29,0.03996817,468.889166666667,10.706,28.8083333333333,35.61,60,"ok",TRUE
"MOD-00561","2026-07-30 05:00:00",4.60033333333333,2.62375978333333,13.8311666666667,4.01533333333333,38.2075,0.0386983975,474.348833333334,9.40033333333333,30.5866666666667,34.7533333333333,60,"ok",TRUE
"MOD-00561","2026-07-30 06:00:00",5.00616666666667,3.05471831666667,13.5555,4.32116666666667,35.3553333333333,0.035352806,431.879166666667,7.6215,30.2366666666667,33.8533333333333,60,"ok",TRUE
"MOD-00561","2026-07-30 07:00:00",5.2075,3.3477963,14.774,4.435,31.6485,0.0310046905,409.747166666667,8.4135,32.03,32.2983333333333,60,"ok",TRUE
"MOD-00561","2026-07-30 08:00:00",5.36516666666667,3.44524318333333,15.9875,4.59116666666667,29.3413333333333,0.028298384,446.300333333334,9.00616666666667,36.1933333333333,30.7033333333333,60,"ok",TRUE
"MOD-00561","2026-07-30 09:00:00",5.42833333333333,3.43287229999999,16.1733333333333,4.6915,30.3483333333333,0.029479595,423.8215,6.25733333333334,36.53,30.35,60,"ok",TRUE
"MOD-00561","2026-07-30 10:00:00",5.862,3.78593711666666,16.6651666666667,5.03466666666667,30.5535,0.0297202555,419.347333333333,6.82983333333333,38.9333333333333,29.7433333333333,60,"ok",TRUE
"MOD-00561","2026-07-30 11:00:00",6.976,5.16557896666666,40.2583333333333,5.41216666666667,28.9586666666667,0.027849516,418.475,6.42933333333333,40.5016666666667,29.4683333333333,60,"ok",TRUE
"MOD-00561","2026-07-30 12:00:00",6.247,4.03301255,21.6318333333333,5.33766666666667,28.0095,0.0267361435,422.478333333333,6.1485,41.505,29.155,60,"ok",TRUE
"MOD-00561","2026-07-30 13:00:00",6.3105,4.04271463333333,21.33,5.39183333333333,28.6433333333333,0.02747963,415.768,5.62066666666667,40.165,30.14,60,"ok",TRUE
"MOD-00561","2026-07-30 14:00:00",6.36483333333333,3.92652073333333,19.0973333333333,5.50233333333333,32.4466666666667,0.03194094,392.7495,5.59416666666667,36.785,32.3533333333333,60,"ok",TRUE
"MOD-00561","2026-07-30 15:00:00",6.28633333333333,3.7584559,18.1906666666667,5.41916666666667,36.4388333333333,0.0366237515,325.559,6.30266666666667,30.545,36.27,60,"ok",TRUE
"MOD-00561","2026-07-30 16:00:00",6.1108,3.32156757333333,16.4176,5.3168,39.6685,0.0404121505,149.375166666667,5.93866666666667,21.2983333333333,42.65,60,"ok",TRUE
"MOD-00561","2026-07-30 17:00:00",6.11086956521739,3.17229257971015,20.444347826087,5.31978260869565,43.4311666666666,0.0448257585,134.0025,6.52766666666667,18.5216666666667,44.7133333333333,60,"ok",TRUE
"MOD-00561","2026-07-30 18:00:00",6.0352,3.12450869016949,18.9596,5.2926,44.5816949152542,0.0461753281355932,262.488474576271,11.4420338983051,19.164406779661,43.8423728813559,59,"ok",TRUE
"MOD-00561","2026-07-30 19:00:00",5.80533333333333,2.69337085555556,19.9388888888889,5.262,43.5966666666667,0.04501989,320.884,12.8776666666667,19.25,43.6083333333333,60,"ok",TRUE
"MOD-00561","2026-07-30 20:00:00",5.95622222222222,2.86723886666667,21.0875555555555,5.31333333333333,46.7678333333333,0.0487396685,309.8495,12.2225,17.62,44.6966666666667,60,"ok",TRUE
"MOD-00561","2026-07-30 21:00:00",5.41928571428571,2.36248641081517,13.8776190476191,4.94285714285714,49.6910169491525,0.0521685628813559,264.770338983051,11.9971186440678,15.5949152542373,46.3661016949152,59,"ok",TRUE
"MOD-00561","2026-07-30 22:00:00",5.40541666666667,2.6006405625,18.428125,4.73958333333333,50.0076666666667,0.052539993,299.585666666667,14.7916666666667,15.1283333333333,46.325,60,"ok",TRUE
"MOD-00561","2026-07-30 23:00:00",4.4443137254902,2.00804121834496,12.1545098039216,3.95156862745098,47.7910714285714,0.0499399267857143,336.232142857143,14.8492857142857,15.8898305084746,44.9694915254237,59,"ok",TRUE
"MOD-00561","2026-07-31 00:00:00",4.03211538461538,1.96739418774445,14.5684615384615,3.49384615384615,44.4396428571429,0.0460087010714286,417.794285714286,21.1196428571429,17.1203389830508,42.6610169491525,59,"ok",TRUE
"MOD-00561","2026-07-31 01:00:00",3.92909090909091,2.05247953030303,11.2907272727273,3.38563636363636,43.6048333333333,0.0450294695,434.602333333333,21.5193333333333,18.3266666666667,41.0883333333333,60,"ok",TRUE
"MOD-00561","2026-07-31 02:00:00",3.84733333333333,2.1405129,13.6176666666667,3.27033333333333,42.0236666666667,0.043174761,455.809833333333,23.1738333333333,20.3733333333333,38.8733333333333,60,"ok",TRUE
"MOD-00561","2026-07-31 03:00:00",3.9105,2.2821978,11.9383333333333,3.33766666666667,41.7858333333333,0.0428957825,466.599333333333,14.5858333333333,22.14,36.9916666666667,60,"ok",TRUE
"MOD-00561","2026-07-31 04:00:00",4.24516666666667,2.4452185,13.4736666666667,3.69283333333333,40.678,0.041596294,465.699833333333,12.3173333333333,23.6016666666667,35.8583333333333,60,"ok",TRUE
"MOD-00561","2026-07-31 05:00:00",4.89316666666667,3.01200448333333,18.5208333333333,4.18383333333333,33.844,0.033580012,533.692833333333,13.1401666666667,27.2033333333334,33.9283333333333,60,"ok",TRUE
"MOD-00561","2026-07-31 06:00:00",5.5855,3.68916718333334,29.4975,4.58,35.2548333333333,0.0352349195,506.8955,16.7133333333333,29.4633333333333,33.075,60,"ok",TRUE
"MOD-00561","2026-07-31 07:00:00",4.79183333333333,2.90724135,16.5018333333333,4.09433333333333,46.9185,0.0489164005,523.674666666667,47.0088333333333,40.4466666666667,31.4516666666667,60,"ok",TRUE
"MOD-00561","2026-07-31 08:00:00",3.59166666666667,1.96140093333333,6.86233333333333,3.23233333333333,44.1416666666667,0.045659175,514.063666666667,21.4895,45.3833333333333,29.3116666666667,60,"ok",TRUE
"MOD-00561","2026-07-31 09:00:00",2.67433333333333,1.61847698333333,7.92483333333333,2.2395,40.787,0.041724151,456.617166666667,8.03516666666667,44.2483333333333,29.3833333333333,60,"ok",TRUE
"MOD-00561","2026-07-31 10:00:00",3.43316666666667,2.02006583333333,10.2703333333333,2.96566666666667,40.158,0.040986334,422.391166666667,6.16083333333333,43.805,29.4766666666667,60,"ok",TRUE
"MOD-00561","2026-07-31 11:00:00",3.84916666666667,2.45339236666667,14.1013333333333,3.218,35.8335,0.0359136955,415.066,6.69199999999999,46.565,28.4516666666667,60,"ok",TRUE
"MOD-00561","2026-07-31 12:00:00",4.04416666666667,2.50373705,14.3161666666667,3.45366666666667,32.0126666666667,0.031431858,434.843333333333,7.35433333333333,49.6383333333333,27.3483333333333,60,"ok",TRUE
"MOD-00561","2026-07-31 13:00:00",4.21633333333333,2.43180248333333,11.9055,3.7035,33.5163333333333,0.033195659,443.457833333333,6.0445,46.9016666666667,29.1416666666667,60,"ok",TRUE
"MOD-00561","2026-07-31 14:00:00",3.53566666666667,1.83846676666667,9.057,3.1095,39.7876666666667,0.040551933,307.304666666667,6.36016666666667,33.2333333333333,35.0816666666667,60,"ok",TRUE
"MOD-00561","2026-07-31 15:00:00",3.66666666666667,1.76291975925926,8.11111111111111,3.21037037037037,43.6298333333333,0.0450587945,178.9345,7.15883333333333,25.0766666666667,40.325,60,"ok",TRUE
"MOD-00561","2026-07-31 16:00:00",4.25196078431372,1.92066226470588,10.9247058823529,3.79196078431373,46.6058333333333,0.0485496425,171.462166666667,6.01533333333333,21.84,42.745,60,"ok",TRUE
"MOD-00561","2026-07-31 17:00:00",4.81229166666667,2.22233373587571,9.99624999999999,4.295625,48.7076271186441,0.0510150466101695,178.035593220339,5.98847457627119,18.9101694915254,44.7898305084746,59,"ok",TRUE
"MOD-00561","2026-07-31 18:00:00",5.5931914893617,2.80867169148936,20.9429787234043,4.88042553191489,49.0328333333333,0.0513965135,247.776166666667,10.284,18.03,44.4116666666667,60,"ok",TRUE
"MOD-00561","2026-07-31 19:00:00",4.89653846153846,2.47062967307692,19.5921153846154,4.22807692307692,44.9925,0.0466572025,263.984,13.3213333333333,16.91,43.73,60,"ok",TRUE
"MOD-00561","2026-07-31 20:00:00",4.82651162790698,2.36459230620155,16.6139534883721,4.21604651162791,45.1926666666667,0.046891998,292.237333333333,14.8666666666667,16.1466666666667,44.2616666666667,60,"ok",TRUE
"MOD-00561","2026-07-31 21:00:00",4.20979591836735,2.05600895261155,20.9008163265306,3.5269387755102,46.0162711864407,0.047858086101695,296.190677966102,15.8774576271186,15.3135593220339,45.2677966101695,59,"ok",TRUE
"MOD-00561","2026-07-31 22:00:00",4.4874,2.77143105333333,16.0846,3.4786,46.7436666666667,0.048711321,322.540166666667,15.2588333333333,15.0233333333333,45.4783333333333,60,"ok",TRUE
"MOD-00561","2026-07-31 23:00:00",4.57041666666667,2.93254366666667,29.1770833333333,3.394375,47.8125,0.0499650625,371.702666666667,15.8931666666667,15.68,44.6616666666666,60,"ok",TRUE
"MOD-00561","2026-08-01 00:00:00",4.89489361702128,3.35999921631206,28.9268085106383,3.60170212765958,48.6396666666667,0.050935329,401.118333333333,17.8633333333333,16.0033333333333,43.4216666666667,60,"ok",TRUE
"MOD-00561","2026-08-01 01:00:00",5.02377358490566,3.40824734441957,25.6501886792453,3.83962264150944,48.9257627118644,0.051270919661017,426.154745762712,20.6333898305085,16.5677966101695,41.6,59,"ok",TRUE
"MOD-00561","2026-08-01 02:00:00",4.9315,3.35525385,26.3781666666667,3.8225,44.4773333333334,0.046052912,459.095,25.9556666666667,18.5383333333333,39.2,60,"ok",TRUE
"MOD-00561","2026-08-01 03:00:00",5.0805,3.44585233333333,27.144,4.0055,41.205,0.042214465,490.7395,18.7985,20.6233333333333,37.4216666666667,60,"ok",TRUE
"MOD-00561","2026-08-01 04:00:00",5.20183333333333,3.7363923,26.7136666666667,4.006,39.5526666666666,0.040276278,483.842333333333,13.353,21.9666666666667,36.5766666666667,60,"ok",TRUE
"MOD-00561","2026-08-01 05:00:00",5.70533333333334,4.03086686666667,26.8943333333333,4.50716666666667,38.6895,0.0392637835,470.444666666666,11.49,23.27,35.6233333333333,60,"ok",TRUE
"MOD-00561","2026-08-01 06:00:00",5.74566666666667,4.05587488333334,33.4305,4.552,34.6238333333333,0.0344947565,510.798333333333,11.5571666666667,26.95,33.045,60,"ok",TRUE
"MOD-00561","2026-08-01 07:00:00",5.84216666666667,4.11633131666667,31.3125,4.70233333333333,33.4866666666667,0.03316086,491.22,8.912,28.685,31.5666666666667,60,"ok",TRUE
"MOD-00561","2026-08-01 08:00:00",6.20816666666667,4.50536846666667,30.045,4.97,29.7073333333333,0.028727702,480.218166666667,8.06816666666666,30.1283333333333,30.7116666666667,60,"ok",TRUE
"MOD-00561","2026-08-01 09:00:00",5.97666666666667,4.2531655,32.149,4.816,28.6191666666667,0.0274512825,461.091666666667,7.14133333333333,30.9466666666667,30.2366666666667,60,"ok",TRUE
"MOD-00561","2026-08-01 10:00:00",5.9145,4.15166036666667,29.389,4.835,29.8115,0.0288498895,447.629166666667,6.54066666666667,31.9266666666667,29.6933333333333,60,"ok",TRUE
"MOD-00561","2026-08-01 11:00:00",5.647,4.03707183333333,29.2303333333333,4.54933333333333,30.5545,0.0297214285,434.810666666667,6.14483333333333,32.4166666666667,29.7333333333333,60,"ok",TRUE
"MOD-00561","2026-08-01 12:00:00",5.457,3.86984471666666,28.4171666666667,4.394,29.1793333333333,0.028108358,419.433333333333,6.08366666666666,32.605,30.12,60,"ok",TRUE
"MOD-00561","2026-08-01 13:00:00",5.7125,4.00711676666666,29.5453333333333,4.6385,27.7935,0.0264827755,437.61,5.768,33.7533333333333,29.7066666666666,60,"ok",TRUE
"MOD-00561","2026-08-01 14:00:00",4.93383333333333,3.64774173333333,33.0406666666667,3.775,30.4906666666667,0.029646552,428.925333333333,5.863,33.84,30.4766666666667,60,"ok",TRUE
"MOD-00561","2026-08-01 15:00:00",5.57366666666667,3.72636828333334,24.3911666666667,4.55033333333333,37.487,0.037853251,445.109333333333,7.198,33.275,32.9716666666667,60,"ok",TRUE
"MOD-00561","2026-08-01 16:00:00",4.8172,2.89640848666667,16.1646,3.9238,42.748,0.044024404,223.7885,4.9315,20.9866666666667,41.73,60,"ok",TRUE
"MOD-00561","2026-08-01 17:00:00",4.76880952380953,2.32843902380953,18.2314285714286,4.06166666666667,48.4178333333333,0.0506751185,46.537,5.43516666666667,15.7366666666667,46.4716666666667,60,"ok",TRUE
"MOD-00561","2026-08-01 18:00:00",5.06434782608696,2.55426998550725,12.7760869565217,4.42934782608696,46.777,0.048750421,224.708166666667,13.0056666666667,16.5283333333333,44.5266666666667,60,"ok",TRUE
"MOD-00561","2026-08-01 19:00:00",4.76404255319149,2.23638082257483,12.1844680851064,4.25404255319149,47.9442372881356,0.0501195903389831,289.428644067797,16.3296610169492,16.1932203389831,44.2677966101695,59,"ok",TRUE
"MOD-00561","2026-08-01 20:00:00",5.05446808510638,2.5584934893617,11.3544680851064,4.41787234042553,51.0211666666667,0.0537288285,325.531333333333,15.9565,15.685,44.9566666666667,60,"ok",TRUE
"MOD-00561","2026-08-01 21:00:00",4.15390243902439,1.85954460162602,10.7665853658537,3.60634146341463,51.1441666666667,0.0538731075,214.380333333333,10.7895,12.7433333333333,47.4633333333333,60,"ok",TRUE
"MOD-00561","2026-08-01 22:00:00",4.23142857142857,1.94534208301626,15.7061224489796,3.61020408163265,51.5527118644068,0.0543523310169492,268.519491525424,14.2283050847458,12.5508474576271,47.5,59,"ok",TRUE
"MOD-00561","2026-08-01 23:00:00",4.03162790697674,1.75488613178294,20.4025581395349,3.45255813953488,47.7365,0.0498759145,361.163333333333,11.9446666666667,13.5516666666667,46.5633333333333,60,"ok",TRUE
"MOD-00561","2026-08-02 00:00:00",3.87037735849057,1.86310576100629,16.4801886792453,3.28169811320755,44.8968333333333,0.0465449855,401.074166666666,14.3706666666667,14.1866666666667,44.5833333333333,60,"ok",TRUE
"MOD-00561","2026-08-02 01:00:00",3.88472727272727,2.11452064242424,15.8074545454546,3.24254545454545,43.5338333333333,0.0449461865,429.417666666667,18.9008333333333,15.0933333333333,42.0433333333333,60,"ok",TRUE
"MOD-00561","2026-08-02 02:00:00",4.28733333333333,2.46149048333334,14.6935,3.64783333333333,42.3461666666667,0.0435530535,477.976166666667,24.849,17.2683333333333,39.4383333333333,60,"ok",TRUE
"MOD-00561","2026-08-02 03:00:00",5.10716666666667,2.99035926666666,17.9653333333333,4.41883333333333,40.6233333333333,0.04153217,506.038666666667,20.3568333333333,19.3366666666667,37.5816666666667,60,"ok",TRUE
"MOD-00561","2026-08-02 04:00:00",5.34166666666667,3.40445381666667,18.1331666666667,4.52383333333333,37.303,0.037637419,539.099666666667,16.4801666666667,22.2233333333333,35.39,60,"ok",TRUE
"MOD-00561","2026-08-02 05:00:00",9.70433333333333,10.4058409833333,78.3705,5.34383333333334,37.5085,0.0378784705,507.083,11.5418333333333,23.6783333333333,34.045,60,"ok",TRUE
"MOD-00561","2026-08-02 06:00:00",31.5981666666667,46.6869436166667,322.3605,9.03983333333333,39.6831666666667,0.0404293545,506.905833333333,12.0396666666667,27.595,33.5833333333333,60,"ok",TRUE
"MOD-00561","2026-08-02 07:00:00",15.4836666666667,20.8872638833333,136.476166666667,5.81083333333333,38.4213333333334,0.038949224,489.995666666667,9.08916666666667,28.735,32.725,60,"ok",TRUE
"MOD-00561","2026-08-02 08:00:00",10.0583333333333,11.4536720666667,85.2213333333333,5.05233333333333,39.6673333333333,0.040410782,476.3195,12.8701666666667,31.0033333333333,32.9533333333333,60,"ok",TRUE
"MOD-00561","2026-08-02 09:00:00",9.66183333333334,11.8917260333333,74.4463333333333,4.3795,39.9193333333333,0.040706378,436.643833333333,7.40066666666666,30.7783333333333,32.2983333333333,60,"ok",TRUE
"MOD-00561","2026-08-02 10:00:00",6.4555,7.7588809,44.858,3.0635,39.9601666666667,0.0407542755,424.939666666667,7.46133333333333,33.27,30.9066666666667,60,"ok",TRUE
"MOD-00561","2026-08-02 11:00:00",6.06483333333333,6.55923043333333,38.7433333333333,3.36066666666667,40.6738333333333,0.0415914065,406.834333333333,6.61566666666666,32.3716666666667,31.1783333333333,60,"ok",TRUE
"MOD-00561","2026-08-02 12:00:00",6.0895,6.16233063333333,30.2533333333333,3.72533333333333,40.1666666666667,0.0409965,411.05,6.9365,34.9416666666667,30.3983333333333,60,"ok",TRUE
"MOD-00561","2026-08-02 13:00:00",4.97433333333333,4.33678383333333,26.3373333333333,3.405,42.4683333333333,0.043696355,395.696833333333,6.4215,32.3233333333333,32.0483333333333,60,"ok",TRUE
"MOD-00561","2026-08-02 14:00:00",5.10816666666667,4.60798,26.01,3.331,42.8126666666667,0.044100258,338.088,6.131,27.8016666666667,35.22,60,"ok",TRUE
"MOD-00561","2026-08-02 15:00:00",5.66883333333334,5.12307186666667,27.7536666666667,3.62516666666667,45.3953333333333,0.047129726,262.25,6.41933333333333,23.6616666666667,38.8166666666666,60,"ok",TRUE
"MOD-00561","2026-08-02 16:00:00",6.33777777777778,4.77897386754551,41.8922222222222,4.51148148148148,45.9105084745763,0.047734026440678,277.468474576271,6.9242372881356,22.5372881355932,41.1813559322034,59,"ok",TRUE
"MOD-00561","2026-08-02 17:00:00",6.44705882352941,5.44086499019608,34.6780392156863,4.2478431372549,47.3038333333333,0.0493683965,246.516,7.20983333333333,20.3416666666667,43.0783333333333,60,"ok",TRUE
"MOD-00561","2026-08-02 18:00:00",6.07404255319149,4.7310579716312,29.0212765957447,4.25255319148936,47.3631666666667,0.0494379945,286.000166666667,9.4365,20.0933333333333,43.2266666666667,60,"ok",TRUE
"MOD-00561","2026-08-02 19:00:00",6.19729166666667,4.42072802083334,19.7127083333333,4.73416666666667,46.7778333333333,0.0487513985,371.080666666667,13.5725,21.64,41.88,60,"ok",TRUE
"MOD-00561","2026-08-02 20:00:00",5.80446808510638,3.01250209953119,12.1906382978723,5.10893617021277,48.1430508474576,0.0503527986440678,341.253559322034,9.17406779661017,19.6508474576271,43.9949152542373,59,"ok",TRUE
"MOD-00561","2026-08-02 21:00:00",5.2156,2.4417907,11.4518,4.6476,48.5868333333333,0.0508733555,255.939333333333,7.64066666666667,17.155,45.9233333333333,60,"ok",TRUE
"MOD-00561","2026-08-02 22:00:00",4.57411764705882,1.92570399019608,10.0392156862745,4.14980392156863,47.8513333333333,0.050010614,279.0215,12.7985,16.215,45.955,60,"ok",TRUE
"MOD-00561","2026-08-02 23:00:00",4.26791666666667,1.9358574375,16.3772916666667,3.68645833333333,46.8873333333333,0.048879842,287.969666666667,13.9068333333333,15.4516666666667,46.0566666666667,60,"ok",TRUE
"MOD-00561","2026-08-03 00:00:00",4.14142857142857,2.03274556255044,15.5161904761905,3.53476190476191,45.3084745762712,0.0470278406779661,337.462033898305,16.9764406779661,15.5830508474576,44.3576271186441,59,"ok",TRUE
"MOD-00561","2026-08-03 01:00:00",4.13410714285714,2.11140226190476,12.4164285714286,3.59571428571428,43.7065,0.0451487245,408.662166666667,20.0161666666667,17.0883333333333,41.7216666666667,60,"ok",TRUE
"MOD-00561","2026-08-03 02:00:00",4.758,2.6989636,12.8573333333333,4.11433333333333,42.2808333333333,0.0434764175,450.0665,21.4856666666667,18.8433333333333,39.5233333333333,60,"ok",TRUE
"MOD-00561","2026-08-03 03:00:00",5.50416666666667,3.123002,13.8936666666667,4.87716666666667,40.2825,0.0411323725,497.950666666667,17.304,21.0783333333333,37.5633333333333,60,"ok",TRUE
"MOD-00561","2026-08-03 04:00:00",6.14266666666667,3.54947603333333,17.7113333333333,5.4395,39.3681666666667,0.0400598595,498.063833333333,12.6183333333333,22.6166666666667,36.56,60,"ok",TRUE
"MOD-00561","2026-08-03 05:00:00",6.74583333333333,4.04161463333333,21.119,5.91833333333333,35.6701666666667,0.0357221055,522.4505,11.6498333333333,24.5833333333333,35.4233333333333,60,"ok",TRUE
"MOD-00561","2026-08-03 06:00:00",6.67,4.09372,25.7616666666667,5.785,34.84,0.03474832,494.879333333333,10.1635,25.7533333333333,34.1083333333333,60,"ok",TRUE
"MOD-00561","2026-08-03 07:00:00",6.37733333333333,4.06393478333333,21.0028333333333,5.46583333333333,35.9441666666667,0.0360435075,450.7235,8.90583333333333,25.595,34.0333333333333,60,"ok",TRUE
"MOD-00561","2026-08-03 08:00:00",5.658,3.42768296666667,19.033,4.92966666666667,35.2333333333333,0.0352097,454.289666666667,9.80883333333334,28.76,33.4,60,"ok",TRUE
"MOD-00561","2026-08-03 09:00:00",5.64883333333333,3.41696055,17.1758333333333,4.94766666666667,33.2691666666667,0.0329057325,483.97,11.0885,33.1383333333333,32.0983333333333,60,"ok",TRUE
"MOD-00561","2026-08-03 10:00:00",5.73333333333333,3.50988156666667,15.0976666666667,5.02266666666667,33.3801666666667,0.0330359355,485.788166666667,9.69816666666667,35.7616666666667,31.3266666666667,60,"ok",TRUE
"MOD-00561","2026-08-03 11:00:00",5.573,3.48544131666666,14.1111666666667,4.84616666666667,33.144,0.032758912,455.819166666666,6.99266666666666,36.7833333333333,30.805,60,"ok",TRUE
"MOD-00561","2026-08-03 12:00:00",5.81216666666667,3.6942131,19.4816666666667,4.9875,30.6238333333333,0.0298027565,442.529666666667,6.2445,37.6,30.4316666666667,60,"ok",TRUE
"MOD-00561","2026-08-03 13:00:00",5.957,3.80745263333333,17.7626666666667,5.0785,34.4276666666667,0.034264653,453.931166666667,6.11966666666666,37.4766666666667,31.53,60,"ok",TRUE
"MOD-00561","2026-08-03 14:00:00",5.73983333333334,3.60629423333334,19.429,4.8315,36.7875,0.0370327375,412.545,6.112,34.4816666666667,34.0816666666667,60,"ok",TRUE
"MOD-00561","2026-08-03 15:00:00",5.4395,3.49534835,21.7795,4.4115,38.5955,0.0391535215,310.789666666667,5.99566666666667,29.605,37.1283333333333,60,"ok",TRUE
"MOD-00561","2026-08-03 16:00:00",5.61120689655172,3.68725888505747,19.4437931034483,4.53448275862069,40.5156666666667,0.041405877,347.0325,6.92333333333333,28.7183333333333,37.4366666666667,60,"ok",TRUE
"MOD-00561","2026-08-03 17:00:00",5.72470588235294,3.49732153921569,21.5439215686274,4.58823529411765,45.2763333333333,0.046990139,122.8705,5.82333333333334,19.875,44.5316666666667,60,"ok",TRUE
"MOD-00561","2026-08-03 18:00:00",5.58583333333333,3.1486015,14.3095833333333,4.73229166666667,46.0525,0.0479005825,221.038333333333,7.93283333333333,20.1583333333333,43.455,60,"ok",TRUE
"MOD-00561","2026-08-03 19:00:00",6.04092592592593,3.45309499278092,18.4787037037037,5.16259259259259,47.4420338983051,0.0495305057627119,343.150677966102,13.4328813559322,21.2305084745763,41.7033898305085,59,"ok",TRUE
"MOD-00561","2026-08-03 20:00:00",5.747,3.13304268,13.238,4.9474,48.5505,0.0508307365,267.176333333333,7.37583333333334,18.135,44.3933333333333,60,"ok",TRUE
"MOD-00561","2026-08-03 21:00:00",5.41959183673469,2.62984634353741,11.3875510204082,4.81510204081633,48.076,0.050274148,204.166666666667,8.499,15.3083333333333,45.995,60,"ok",TRUE
"MOD-00561","2026-08-03 22:00:00",4.85547169811321,2.39645477987421,14.7958490566038,4.22867924528302,46.0813333333333,0.047934404,266.396666666667,15.8515,15.3766666666667,44.9933333333333,60,"ok",TRUE
"MOD-00561","2026-08-03 23:00:00",4.85345454545455,2.635245394453,16.0154545454545,4.19381818181818,43.5857627118644,0.045007099661017,435.297457627118,24.1228813559322,17.7813559322034,41.2118644067797,59,"ok",TRUE
"MOD-00561","2026-08-04 00:00:00",4.74961538461538,2.55458896153846,13.1669230769231,4.09653846153846,45.1896666666667,0.046888479,370.496666666667,16.7448333333333,16.655,42.4083333333333,60,"ok",TRUE
"MOD-00561","2026-08-04 01:00:00",5.84966666666667,3.3294395,19.1,5.0895,42.9035,0.0442068055,437.718833333333,18.542,18.9566666666667,39.71,60,"ok",TRUE
"MOD-00561","2026-08-04 02:00:00",8.2315,5.65131451666667,55.4795,6.522,43.4773333333333,0.044879912,606.248,40.4391666666667,33.0966666666667,33.845,60,"ok",TRUE
"MOD-00561","2026-08-04 03:00:00",5.30533333333333,3.58419155,11.1661666666667,4.46166666666666,43.3931666666667,0.0447811845,596.283666666666,53.1151666666667,42.645,29.1733333333333,60,"ok",TRUE
"MOD-00561","2026-08-04 04:00:00",3.8265,2.2075935,6.08033333333333,3.42566666666667,37.6671666666667,0.0380645865,572.375,31.6901666666667,49.21,27.5266666666667,60,"ok",TRUE
"MOD-00561","2026-08-04 05:00:00",3.7205,2.27955216666667,7.597,3.22916666666667,36.2183333333333,0.036365105,516.950166666667,11.2658333333333,50.815,27.0483333333333,60,"ok",TRUE
"MOD-00561","2026-08-04 06:00:00",2.72683333333333,1.4791975,4.629,2.45666666666667,36.394,0.036571162,454.829666666667,8.55116666666667,51.5816666666667,26.7366666666667,60,"ok",TRUE
"MOD-00561","2026-08-04 07:00:00",2.103,1.11647766666667,3.891,1.89933333333333,37.2835,0.0376145455,412.532833333333,6.14433333333334,50.3783333333333,26.345,60,"ok",TRUE
"MOD-00561","2026-08-04 08:00:00",2.197,1.33504698333333,10.6475,1.835,34.3621666666667,0.0341878215,388.164166666667,6.36966666666667,51.4983333333333,25.785,60,"ok",TRUE
"MOD-00561","2026-08-04 09:00:00",2.90333333333333,1.61063798333334,5.74016666666667,2.6135,32.1738333333333,0.0316209065,404.409,7.33983333333334,55.32,25.34,60,"ok",TRUE
"MOD-00561","2026-08-04 10:00:00",3.56183333333333,1.88349003333334,7.85233333333333,3.2585,25.5578333333333,0.0238603385,416.202666666667,7.354,59.3783333333333,25.045,60,"ok",TRUE
"MOD-00561","2026-08-04 11:00:00",2.65433333333333,1.57899216666667,8.651,2.27883333333333,24.8681666666667,0.0230513595,388.423333333333,5.547,57.3666666666667,24.8083333333333,60,"ok",TRUE
"MOD-00561","2026-08-04 12:00:00",3.01216666666667,1.70636101666666,7.7085,2.69983333333333,27.8496666666667,0.026548659,367.268,5.10483333333333,53.72,25.2433333333333,60,"ok",TRUE
"MOD-00561","2026-08-04 13:00:00",4.06383333333333,2.17328723333333,7.91633333333333,3.7235,24.8485,0.0230282905,398.7145,5.70066666666667,56.1433333333333,26.205,60,"ok",TRUE
"MOD-00561","2026-08-04 14:00:00",3.8975,2.08777343333333,12.0623333333333,3.46066666666667,29.1375,0.0280592875,363.492,5.42266666666667,42.6883333333333,31.18,60,"ok",TRUE
"MOD-00561","2026-08-04 15:00:00",3.78883333333333,1.82758639999999,7.00833333333333,3.47233333333333,35.9241666666667,0.0360200475,236.890666666667,5.56283333333333,34.8166666666667,34.5783333333333,60,"ok",TRUE
"MOD-00561","2026-08-04 16:00:00",3.6855,1.62797691666666,7.62416666666667,3.39533333333333,40.515,0.041405095,211.119166666667,7.00033333333334,28.3016666666667,37.7716666666667,60,"ok",TRUE
"MOD-00561","2026-08-04 17:00:00",3.5212,1.58423335333333,7.657,3.0984,44.0798333333333,0.0455866445,117.332666666667,6.46383333333334,22.1183333333333,42.0033333333333,60,"ok",TRUE
"MOD-00561","2026-08-04 18:00:00",3.92617021276596,1.84357534042553,9.0768085106383,3.45170212765957,47.5261666666667,0.0496291935,184.676,7.52016666666667,21.115,42.3566666666667,60,"ok",TRUE
"MOD-00561","2026-08-04 19:00:00",5.32130434782609,3.51209695394252,40.5245652173913,3.96413043478261,48.7430508474576,0.0510565986440678,293.316949152542,11.3264406779661,21.9610169491525,41.8338983050847,59,"ok",TRUE
"MOD-00561","2026-08-04 20:00:00",5.1365306122449,4.35080327210884,47.2175510204082,3.13142857142857,47.3401666666667,0.0494110155,294.7285,10.991,20.7033333333333,42.1233333333333,60,"ok",TRUE
"MOD-00561","2026-08-04 21:00:00",5.08418604651163,4.64385950387597,41.9748837209302,2.91488372093023,46.5216666666666,0.048450915,308.185666666667,11.6385,19.7266666666667,42.6133333333333,60,"ok",TRUE
"MOD-00561","2026-08-04 22:00:00",6.02304347826087,5.95997199778924,61.6147826086956,3.14673913043478,45.7349152542373,0.0475280555932203,315.806779661017,13.4896610169492,18.9830508474576,42.7152542372881,59,"ok",TRUE
"MOD-00561","2026-08-04 23:00:00",6.28545454545455,6.31636123484849,60.6056818181818,3.29954545454545,44.9161666666667,0.0465676635,342.537,15.8376666666667,19.1416666666667,42.1133333333333,60,"ok",TRUE
"MOD-00561","2026-08-05 00:00:00",6.70296296296296,7.32781983333333,65.1620370370371,3.19481481481481,44.1991666666666,0.0457266225,392.938166666667,18.7906666666667,20.7116666666667,41.0833333333333,60,"ok",TRUE
"MOD-00561","2026-08-05 01:00:00",7.6565,9.04519716666666,73.984,3.33616666666667,42.6425,0.0439006525,430.3245,21.231,23.02,39.27,60,"ok",TRUE
"MOD-00561","2026-08-05 02:00:00",7.536,8.39529076666667,65.2216666666667,3.7345,42.4205,0.0436402465,463.411166666667,22.8721666666667,25.935,36.8783333333333,60,"ok",TRUE
"MOD-00561","2026-08-05 03:00:00",4.11733333333333,2.33121988333333,12.5988333333333,3.56366666666667,44.685,0.046296505,494.628166666667,29.233,30.1966666666667,35.1233333333333,60,"ok",TRUE
"MOD-00561","2026-08-05 04:00:00",4.25616666666667,2.41664145,11.9068333333333,3.69133333333333,45.1161666666667,0.0468022635,492.185,28.2796666666667,33.54,34.435,60,"ok",TRUE
"MOD-00561","2026-08-05 05:00:00",4.47983333333333,2.43781365,8.28716666666667,4.0025,45.6,0.0473698,472.770333333333,16.5288333333333,35.7866666666667,33.9216666666667,60,"ok",TRUE
"MOD-00561","2026-08-05 06:00:00",4.4795,2.66821246666666,13.849,3.81633333333333,43.8468333333333,0.0453133355,438.518833333333,11.5126666666667,36.4833333333333,33.4916666666667,60,"ok",TRUE
"MOD-00561","2026-08-05 07:00:00",5.96066666666667,4.94819515,21.1548333333333,4.27483333333333,40.9796666666667,0.041950149,420.666166666667,9.53366666666667,38.02,32.765,60,"ok",TRUE
"MOD-00561","2026-08-05 08:00:00",5.92083333333333,3.69651701666667,12.7078333333333,5.081,42.3848333333333,0.0435984095,443.780166666667,11.6548333333333,42.7366666666667,31.7516666666667,60,"ok",TRUE
"MOD-00561","2026-08-05 09:00:00",6.108,3.48401703333333,12.4836666666667,5.46766666666667,38.9811666666667,0.0396059085,434.9075,8.687,44.53,31.1966666666667,60,"ok",TRUE
"MOD-00561","2026-08-05 10:00:00",5.35533333333333,3.29715905,13.5028333333333,4.63416666666667,36.023,0.036135979,389.812833333333,6.32016666666666,43.7783333333333,30.1833333333333,60,"ok",TRUE
"MOD-00561","2026-08-05 11:00:00",5.29016666666667,3.39240766666667,13.616,4.50716666666667,35.3823333333333,0.035384477,384.8615,6.26283333333333,44.9866666666667,29.3783333333333,60,"ok",TRUE
"MOD-00561","2026-08-05 12:00:00",5.80466666666667,3.84204173333333,14.3366666666667,4.8815,33.2453333333333,0.032877776,408.092666666667,7.76266666666667,48.2383333333333,28.8483333333333,60,"ok",TRUE
"MOD-00561","2026-08-05 13:00:00",6.38016666666667,4.18566205,18.1978333333333,5.36516666666667,30.6191666666667,0.0297972825,424.573166666667,6.73883333333333,49.7766666666667,29.0016666666667,60,"ok",TRUE
"MOD-00561","2026-08-05 14:00:00",7.53483333333334,4.93440641666667,16.8221666666667,6.358,32.4846666666667,0.031985514,405.958833333333,5.715,45.9983333333333,31.65,60,"ok",TRUE
"MOD-00561","2026-08-05 15:00:00",7.64383333333333,5.33316856666666,20.4673333333333,6.10666666666667,34.3551666666667,0.0341796105,329.077166666667,6.11433333333333,36.465,36.8116666666667,60,"ok",TRUE
"MOD-00561","2026-08-05 16:00:00",7.0352,4.42335779333333,22.0394,5.7812,37.525,0.037897825,230.016666666667,6.37,30.2683333333333,40.4733333333333,60,"ok",TRUE
"MOD-00561","2026-08-05 17:00:00",7.34509090909091,4.99471746363637,20.9963636363636,5.82654545454546,40.6948333333333,0.0416160395,264.421333333333,6.67233333333333,29.56,40.935,60,"ok",TRUE
"MOD-00561","2026-08-05 18:00:00",6.68347826086956,4.32094483566691,17.5386956521739,5.40891304347826,40.9415254237288,0.0419054093220339,269.667288135593,7.07762711864407,28.1322033898305,41.3728813559322,59,"ok",TRUE
"MOD-00561","2026-08-05 19:00:00",7.035,4.55112953333333,18.9354,5.7256,42.1815,0.0433598995,317.164333333333,8.61166666666667,28.0933333333333,41.105,60,"ok",TRUE
"MOD-00561","2026-08-05 20:00:00",6.8804255319149,4.39758703900709,15.9195744680851,5.63212765957447,42.5308333333333,0.0437696675,318.620333333333,8.25466666666667,26.7316666666667,41.8016666666667,60,"ok",TRUE
"MOD-00561","2026-08-05 21:00:00",6.703125,4.24748060416666,20.545625,5.434375,42.3895,0.0436038835,313.73,8.0825,25.2466666666667,42.605,60,"ok",TRUE
"MOD-00561","2026-08-05 22:00:00",6.63978723404255,4.20260817778579,18.3074468085106,5.36957446808511,42.8657627118644,0.0441625396610169,289.308813559322,7.66440677966102,23.128813559322,43.8847457627119,59,"ok",TRUE
"MOD-00561","2026-08-05 23:00:00",6.0444,4.01034831333333,22.3862,4.7168,42.9933333333333,0.04431218,340.049666666667,10.8028333333333,23.8533333333333,42.5433333333333,60,"ok",TRUE
"MOD-00561","2026-08-06 00:00:00",5.93981132075472,4.32788265408805,24.4330188679245,4.40169811320755,43.2453333333333,0.044607776,379.1515,12.1631666666667,24.6283333333333,41.32,60,"ok",TRUE
"MOD-00561","2026-08-06 01:00:00",6.23666666666667,5.13813743333333,27.0366666666667,4.32966666666667,43.5411666666667,0.0449547885,424.643666666667,14.86,26.6916666666667,39.0216666666667,60,"ok",TRUE
"MOD-00561","2026-08-06 02:00:00",6.2475,5.10239048333334,30.3808333333333,4.402,41.7778333333333,0.0428863985,463.371166666667,19.3051666666667,30.415,36.4533333333333,60,"ok",TRUE
"MOD-00561","2026-08-06 03:00:00",6.15683333333333,4.755829,25.3096666666667,4.56266666666667,40.3075,0.0411616975,464.516666666667,12.0511666666667,32.5,35.5383333333333,60,"ok",TRUE
"MOD-00561","2026-08-06 04:00:00",7.2005,5.29148558333333,55.2755,5.33983333333333,40.7871666666666,0.0417243465,441.348166666667,20.3623333333333,36.075,34.34,60,"ok",TRUE
"MOD-00561","2026-08-06 05:00:00",4.8335,2.93502175,9.96016666666667,4.19466666666667,40.9906666666667,0.041963052,523.5355,67.7268333333333,67.2216666666667,24.3666666666667,60,"ok",TRUE
"MOD-00561","2026-08-06 06:00:00",5.19733333333333,3.15471031666667,10.9045,4.49766666666667,37.429,0.037785217,524.006833333333,51.4718333333333,74.5083333333333,23.1733333333333,60,"ok",TRUE
"MOD-00561","2026-08-06 07:00:00",3.9795,2.62813785,8.3915,3.18866666666667,29.7478333333333,0.0287752085,507.384,31.1025,79.6283333333333,23.275,60,"ok",TRUE
"MOD-00561","2026-08-06 08:00:00",3.15483333333333,2.14284681666666,7.02316666666667,2.414,24.899,0.023087527,462.9525,12.4915,80.5983333333333,23.185,60,"ok",TRUE
"MOD-00561","2026-08-06 09:00:00",2.98333333333333,1.69785461666667,6.16016666666667,2.54416666666667,26.6876666666667,0.025185633,398.016833333333,5.803,72.6166666666666,23.6383333333333,60,"ok",TRUE
"MOD-00561","2026-08-06 10:00:00",3.25766666666667,1.6984587,5.07266666666667,3.00816666666667,31.1131666666667,0.0303767445,333.687166666667,4.49316666666667,60.2633333333333,24.6066666666667,60,"ok",TRUE
"MOD-00561","2026-08-06 11:00:00",4.32783333333333,2.26505913333333,7.66566666666667,3.97883333333333,30.1183333333333,0.029209805,351.387333333333,6.41466666666667,65.0366666666667,24.78,60,"ok",TRUE
"MOD-00561","2026-08-06 12:00:00",4.57433333333333,2.59173918333333,8.6825,4.09783333333333,28.6705,0.0275114965,358.154666666667,5.81583333333333,63.7383333333333,24.8816666666667,60,"ok",TRUE
"MOD-00561","2026-08-06 13:00:00",4.439,2.48913653333333,10.112,3.99083333333333,28.4238333333333,0.0272221565,364.404,5.26816666666667,58.43,25.795,60,"ok",TRUE
"MOD-00561","2026-08-06 14:00:00",5.081,2.73843346666667,8.844,4.644,31.8628333333333,0.0312561035,357.402666666667,5.6715,49.9816666666667,29.1433333333333,60,"ok",TRUE
"MOD-00561","2026-08-06 15:00:00",4.44233333333333,2.17866063333333,7.66366666666667,4.1005,36.9676666666667,0.037244073,263.916,6.0685,37.735,33.9483333333333,60,"ok",TRUE
"MOD-00561","2026-08-06 16:00:00",4.89152542372881,2.32347382768362,7.40694915254237,4.47796610169492,39.2178333333333,0.0398835185,192.407666666667,7.45066666666667,29.3416666666667,39.1883333333333,60,"ok",TRUE
"MOD-00561","2026-08-06 17:00:00",5.11803571428571,2.42236176190476,9.86035714285715,4.65482142857143,42.9048333333333,0.0442083695,171.536166666667,6.32933333333333,25.7233333333333,41.0333333333333,60,"ok",TRUE
"MOD-00561","2026-08-06 18:00:00",5.19436363636364,2.36486827149461,9.39254545454546,4.82527272727273,45.9776271186441,0.0478127566101695,235.033898305085,7.7493220338983,24.4593220338983,40.6525423728814,59,"ok",TRUE
"MOD-00561","2026-08-06 19:00:00",5.57216666666667,2.71854711666667,10.0878333333333,5.11266666666667,50.8673333333333,0.053548382,317.988333333333,15.3908333333333,24.6833333333333,40.1266666666667,60,"ok",TRUE
"MOD-00561","2026-08-06 20:00:00",5.38714285714286,2.51177095238095,10.6221428571429,4.96821428571429,51.899,0.054758527,341.000166666667,15.1203333333333,24.8966666666667,40.7133333333333,60,"ok",TRUE
"MOD-00561","2026-08-06 21:00:00",4.41,1.94354426241135,10.31,4.0036170212766,52.2481666666667,0.0551680995,316.459333333333,11.6455,22.9166666666667,42.1666666666667,60,"ok",TRUE
"MOD-00561","2026-08-06 22:00:00",3.587,1.49273292,6.8308,3.2278,52.0686666666667,0.054957546,288.234666666667,13.612,20.665,42.9333333333333,60,"ok",TRUE
"MOD-00561","2026-08-06 23:00:00",4.0414,1.92598115333334,7.022,3.5602,50.3645,0.0529585585,322.615166666667,18.4043333333333,20.8283333333333,42.6716666666667,60,"ok",TRUE
"MOD-00561","2026-08-07 00:00:00",4.21907407407407,2.81339497991212,28.6588888888889,3.07703703703704,46.6306779661017,0.0485787852542373,375.147966101695,24.0498305084746,22.1508474576271,41.3728813559322,59,"ok",TRUE
"MOD-00561","2026-08-07 01:00:00",5.00666666666667,4.73778923333333,37.407,2.89083333333333,44.5868333333333,0.0461813555,428.343333333333,33.6973333333333,24.9866666666667,38.9016666666667,60,"ok",TRUE
"MOD-00561","2026-08-07 02:00:00",4.3815,3.43002908333333,25.8918333333333,3.0625,44.233,0.045766309,482.477,43.1743333333333,30.35,35.9233333333333,60,"ok",TRUE
"MOD-00561","2026-08-07 03:00:00",4.0345,2.38198321666667,13.5075,3.42116666666667,43.0246666666667,0.044348934,496.609166666666,40.0826666666667,34.9,33.725,60,"ok",TRUE
"MOD-00561","2026-08-07 04:00:00",4.28683333333333,2.45639348333333,11.8705,3.748,41.677,0.042768121,473.0675,20.888,36.7416666666667,32.6016666666667,60,"ok",TRUE
"MOD-00561","2026-08-07 05:00:00",5.17766666666667,2.65561226666667,9.71933333333334,4.80516666666667,37.5231666666667,0.0378956745,484.653833333333,25.5908333333333,42.3683333333333,31.3916666666667,60,"ok",TRUE
"MOD-00561","2026-08-07 06:00:00",5.17166666666667,2.61843291666667,11.3915,4.816,34.2621666666667,0.0340705215,469.385666666667,12.5231666666667,45.5533333333333,30.3083333333333,60,"ok",TRUE
"MOD-00561","2026-08-07 07:00:00",5.1865,2.72940765,8.46816666666667,4.80316666666667,33.2793333333333,0.032917658,442.011,9.641,47.1466666666667,29.6166666666667,60,"ok",TRUE
"MOD-00561","2026-08-07 08:00:00",5.1655,2.60898913333333,8.54766666666667,4.85916666666667,32.6776666666667,0.032211903,419.3735,8.30616666666667,48.1,29.1666666666667,60,"ok",TRUE
"MOD-00561","2026-08-07 09:00:00",5.604,2.88676503333333,10.5023333333333,5.21466666666667,27.0396666666667,0.025598529,422.884,9.35633333333333,53.3383333333333,28.51,60,"ok",TRUE
"MOD-00561","2026-08-07 10:00:00",5.33783333333333,2.7486674,10.692,4.97133333333333,26.4378333333333,0.0248925785,418.597333333333,7.13666666666667,54.385,27.7033333333333,60,"ok",TRUE
"MOD-00561","2026-08-07 11:00:00",5.43233333333333,2.76406366666667,10.7656666666667,5.0695,21.7678333333333,0.0194146685,404.943333333333,7.69583333333333,58.1083333333333,27.12,60,"ok",TRUE
"MOD-00561","2026-08-07 12:00:00",5.12933333333333,2.85207036666667,11.787,4.66133333333333,29.3686666666667,0.028330446,376.510666666667,5.10633333333333,52.2216666666667,27.2933333333333,60,"ok",TRUE
"MOD-00561","2026-08-07 13:00:00",5.77033333333334,3.36461480000001,13.6603333333333,5.14166666666667,32.301,0.031770073,368.191833333333,5.52016666666667,51.6633333333333,28.015,60,"ok",TRUE
"MOD-00561","2026-08-07 14:00:00",5.60433333333333,3.24602990000001,14.7143333333333,4.96166666666666,33.5895,0.0332814835,379.1915,5.7055,44.6233333333333,30.5,60,"ok",TRUE
"MOD-00561","2026-08-07 15:00:00",5.41683333333333,2.9659867,12.402,4.823,37.7345,0.0381435685,273.565166666667,5.88483333333333,34.2133333333333,35.3916666666667,60,"ok",TRUE
"MOD-00561","2026-08-07 16:00:00",5.07491228070175,2.60410161403509,11.2582456140351,4.51122807017544,41.2313333333333,0.042245354,186.269833333333,7.053,26.83,39.7533333333333,60,"ok",TRUE
"MOD-00561","2026-08-07 17:00:00",5.0234,2.66416474,11.3736,4.3372,44.4985,0.0460777405,151.309833333333,6.367,22.805,42.435,60,"ok",TRUE
"MOD-00561","2026-08-07 18:00:00",4.75422222222222,2.5579762,15.1948888888889,4.02466666666667,45.6225,0.0473961925,262.901833333333,9.36,22.9916666666667,42.15,60,"ok",TRUE
"MOD-00561","2026-08-07 19:00:00",5.18673469387755,2.47089822448979,12.4222448979592,4.68571428571429,47.905593220339,0.0500742608474576,327.639322033898,13.6203389830508,23.9135593220339,41.6474576271186,59,"ok",TRUE
"MOD-00561","2026-08-07 20:00:00",4.91387755102041,2.4498813877551,12.0861224489796,4.32163265306122,48.5141666666667,0.0507881175,322.556333333333,11.3623333333333,22.155,42.61,60,"ok",TRUE
"MOD-00561","2026-08-07 21:00:00",5.02444444444444,2.33667237777778,15.0811111111111,4.43911111111111,50.5883333333333,0.053221115,264.97,9.702,19.0716666666667,45.1833333333333,60,"ok",TRUE
"MOD-00561","2026-08-07 22:00:00",4.58291666666667,2.35238522916667,9.84479166666667,3.93958333333333,47.3515,0.0494243095,324.673833333333,23.2561666666667,19.9483333333333,43.8583333333333,60,"ok",TRUE
"MOD-00561","2026-08-07 23:00:00",5.3165,3.25370181666667,19.7125,4.37633333333333,43.699,0.045139927,567.9425,38.948,30.4883333333333,37.9783333333333,60,"ok",TRUE
"MOD-00561","2026-08-08 00:00:00",5.14054545454545,3.01437530724191,14.4752727272727,4.29581818181818,43.0305084745763,0.044355786440678,384.89,7.87745762711864,22.5050847457627,41.2101694915254,59,"ok",TRUE
"MOD-00561","2026-08-08 01:00:00",5.04559322033898,3.00746700564972,14.2408474576271,4.22254237288136,43.6478333333333,0.0450799085,379.504166666667,16.0215,23.2716666666667,39.9066666666667,60,"ok",TRUE
"MOD-00561","2026-08-08 02:00:00",5.205,3.5236826,21.6966666666667,4.11966666666667,42.2443333333333,0.043433603,477.131833333333,32.1466666666667,27.5666666666667,36.8233333333333,60,"ok",TRUE
"MOD-00561","2026-08-08 03:00:00",5.445,3.61851246666667,19.935,4.43483333333333,41.3283333333333,0.042359135,472.239,15.453,28.7783333333333,35.4666666666667,60,"ok",TRUE
"MOD-00561","2026-08-08 04:00:00",13.7818333333333,8.16797168333333,54.7058333333333,12.3178333333333,43.2735,0.0446408155,444.970666666667,16.2573333333333,30.01,33.1166666666667,60,"ok",TRUE
"MOD-00561","2026-08-08 05:00:00",13.9928333333333,7.17487303333333,18.75,13.609,45.4056666666667,0.047141847,414.420666666667,12.2518333333333,29.6416666666667,31.7516666666667,60,"ok",TRUE
"MOD-00561","2026-08-08 06:00:00",9.95683333333334,5.09523165000001,12.8958333333333,9.70183333333333,44.0908333333333,0.0455995475,377.299333333333,9.01333333333333,27.0566666666667,31.3183333333333,60,"ok",TRUE
"MOD-00561","2026-08-08 07:00:00",7.865,4.07103075,12.1911666666667,7.58133333333334,44.7383333333333,0.046359065,376.773166666667,8.86033333333333,26.885,31.7716666666667,60,"ok",TRUE
"MOD-00561","2026-08-08 08:00:00",10.3728333333333,6.30333331666667,24.3895,9.34633333333333,44.79,0.04641967,385.904166666667,11.7663333333333,28.4366666666667,31.8383333333333,60,"ok",TRUE
"MOD-00561","2026-08-08 09:00:00",17.4263333333333,14.8468491666667,44.0653333333333,13.0391666666667,47.2725,0.0493316425,445.6815,35.558,35.52,30.63,60,"ok",TRUE
"MOD-00561","2026-08-08 10:00:00",14.4373333333333,11.5248011666667,26.4456666666667,11.3836666666667,45.8626666666667,0.047677908,438.6735,20.1771666666667,37.2016666666667,29.5766666666667,60,"ok",TRUE
"MOD-00561","2026-08-08 11:00:00",14.5103333333333,13.2428817333333,30.769,10.351,43.4641666666667,0.0448644675,453.7365,20.8373333333333,43.1266666666667,28.1183333333333,60,"ok",TRUE
"MOD-00561","2026-08-08 12:00:00",9.97766666666667,8.47956,22.1363333333333,7.501,40.714,0.041638522,436.521666666667,11.1135,43.1533333333333,27.2416666666667,60,"ok",TRUE
"MOD-00561","2026-08-08 13:00:00",6.9255,5.51459780000001,16.891,5.3875,39.259,0.039931807,419.4275,7.86966666666667,41.185,28.0433333333333,60,"ok",TRUE
"MOD-00561","2026-08-08 14:00:00",8.69166666666666,5.58699384999999,15.6485,7.60783333333333,40.3326666666667,0.041191218,381.890333333333,5.79866666666667,34.5133333333333,31.5683333333333,60,"ok",TRUE
"MOD-00561","2026-08-08 15:00:00",7.79016666666667,4.24081873333333,10.4243333333333,7.25333333333333,42.7996666666667,0.044085009,323.921333333333,6.25033333333333,29.6783333333333,34.395,60,"ok",TRUE
"MOD-00561","2026-08-08 16:00:00",6.721,3.97236235,9.23816666666667,5.88466666666666,44.4475,0.0460179175,253.308,6.1705,23.7516666666667,39.3366666666667,60,"ok",TRUE
"MOD-00561","2026-08-08 17:00:00",7.46843137254902,4.24226850980392,14.0056862745098,6.55117647058823,47.1573333333333,0.049196552,174.837333333333,5.812,19.5366666666667,42.99,60,"ok",TRUE
"MOD-00561","2026-08-08 18:00:00",8.60827586206897,4.69657252801724,13.5334482758621,7.75965517241379,48.8721875,0.0512080759375,175.165,8.2421875,17.89375,43.690625,32,"ok",FALSE
"MOD-00562","2026-07-30 00:00:00",3.36033333333333,1.51112376666667,4.82466666666667,2.89816666666667,50.6991666666667,0.0386415289166667,364.138666666667,10.3958333333333,17.6416666666667,45.8716666666667,60,"ok",TRUE
"MOD-00562","2026-07-30 01:00:00",3.0635,1.55562113333333,5.8685,2.52533333333333,44.2238333333333,0.0341262789833333,449.564,15.477,20.8266666666667,42.5316666666667,60,"ok",TRUE
"MOD-00562","2026-07-30 02:00:00",3.4075,2.07960831666667,7.90533333333333,2.74566666666667,41.6866666666667,0.0323571126666667,478.9675,11.9935,24.0233333333333,39.8683333333333,60,"ok",TRUE
"MOD-00562","2026-07-30 03:00:00",3.61933333333333,2.38206313333333,7.16733333333333,2.947,40.2065,0.03132499245,477.209333333333,10.2791666666667,25.9683333333333,37.9416666666667,60,"ok",TRUE
"MOD-00562","2026-07-30 04:00:00",3.83466666666667,2.63928831666667,6.9065,3.12683333333333,39.309,0.0306991657,470.516166666667,9.4995,27.78,36.8916666666667,60,"ok",TRUE
"MOD-00562","2026-07-30 05:00:00",4.16666666666667,3.04700678333333,8.23383333333333,3.33783333333333,36.9546666666667,0.0290574890666667,466.549666666667,8.48916666666667,29.4533333333333,35.8583333333333,60,"ok",TRUE
"MOD-00562","2026-07-30 06:00:00",4.47116666666667,3.38120465,8.947,3.62616666666667,35.6513333333333,0.0281486747333333,412.691833333333,6.68766666666667,28.7566666666667,34.7983333333333,60,"ok",TRUE
"MOD-00562","2026-07-30 07:00:00",4.488,3.4664473,7.91466666666667,3.66416666666667,35.4638333333333,0.0280179309833333,373.759833333333,6.53516666666667,28.92,33.6716666666667,60,"ok",TRUE
"MOD-00562","2026-07-30 08:00:00",4.626,3.7150816,9.33166666666667,3.72666666666667,32.59,0.026014007,398.815,6.65066666666667,32.0983333333333,32.0666666666667,60,"ok",TRUE
"MOD-00562","2026-07-30 09:00:00",4.733,3.8170855,10.7113333333333,3.80366666666667,30.3761666666667,0.0244703010166667,409.805166666667,6.01033333333333,34.955,31.6516666666667,60,"ok",TRUE
"MOD-00562","2026-07-30 10:00:00",5.18716666666667,4.25230496666667,12.7931666666667,4.17416666666667,29.057,0.0235504461,396.515666666667,5.58966666666667,36.07,31.155,60,"ok",TRUE
"MOD-00562","2026-07-30 11:00:00",5.47966666666667,4.6356005,15.5676666666667,4.3195,26.6488333333333,0.0218712314833333,416.199166666667,5.8475,39.5916666666667,29.9666666666667,60,"ok",TRUE
"MOD-00562","2026-07-30 12:00:00",5.30066666666667,4.4924465,14.4723333333333,4.1435,26.2811666666667,0.0216148575166667,417.283833333333,5.61816666666667,40.685,29.9016666666667,60,"ok",TRUE
"MOD-00562","2026-07-30 13:00:00",4.9615,4.12665641666667,13.5503333333333,3.86766666666667,29.641,0.0239576693,419.580666666667,5.70533333333333,39.7716666666667,30.7733333333333,60,"ok",TRUE
"MOD-00562","2026-07-30 14:00:00",5.38433333333333,4.39591485,19.8675,4.1525,36.0623333333333,0.0284352650333333,389.038833333333,5.636,35.8183333333333,33.1433333333333,60,"ok",TRUE
"MOD-00562","2026-07-30 15:00:00",5.80366666666667,4.494541,14.8033333333333,4.64383333333333,40.7618333333333,0.0317122263833333,324.821166666667,6.33616666666667,30.555,36.42,60,"ok",TRUE
"MOD-00562","2026-07-30 16:00:00",5.7935,4.15653456666667,18.1191666666667,4.63216666666667,47.1213333333333,0.0361467057333333,210.72,6.82516666666667,23.1166666666667,41.6033333333333,60,"ok",TRUE
"MOD-00562","2026-07-30 17:00:00",5.50966101694915,3.67975072881356,12.8637288135593,4.50101694915254,51.8035593220339,0.0394116219152542,168.394576271186,6.08203389830509,19.1559322033898,44.2593220338983,59,"ok",TRUE
"MOD-00562","2026-07-30 18:00:00",5.53683333333333,3.59507033333333,10.7138333333333,4.59316666666667,52.8576666666667,0.0401466509666667,205.879166666667,5.58516666666667,17.65,45.3183333333333,60,"ok",TRUE
"MOD-00562","2026-07-30 19:00:00",5.3785,3.48335201666667,18.7856666666667,4.36583333333333,52.4101666666667,0.0398346092166667,249.708666666667,6.30133333333333,16.77,45.52,60,"ok",TRUE
"MOD-00562","2026-07-30 20:00:00",4.96440677966102,3.0099276440678,9.00118644067797,4.18915254237288,51.8354237288136,0.0394338409661017,298.800169491525,7.39525423728814,16.3694915254237,45.7084745762712,59,"ok",TRUE
"MOD-00562","2026-07-30 21:00:00",4.91516666666667,2.90551336666666,7.64583333333333,4.10766666666667,55.1286666666667,0.0417302192666667,274.927833333333,6.894,14.7616666666667,47.21,60,"ok",TRUE
"MOD-00562","2026-07-30 22:00:00",4.3515,2.46717176666667,8.76816666666666,3.47783333333333,53.4628333333333,0.0405686336833333,302.016833333333,7.88566666666667,14.3766666666667,47.875,60,"ok",TRUE
"MOD-00562","2026-07-30 23:00:00",4.05949152542373,2.30393413559322,15.9008474576271,3.16237288135593,50.0615254237288,0.0381969016779661,342.493559322034,8.89813559322034,14.5389830508475,46.8322033898305,59,"ok",TRUE
"MOD-00562","2026-07-31 00:00:00",3.367,1.69209306666667,8.93733333333333,2.7695,46.7,0.03585291,391.0415,11.8161666666667,15.3566666666667,45.0216666666666,60,"ok",TRUE
"MOD-00562","2026-07-31 01:00:00",3.3185,1.896124,9.8685,2.5865,43.0975,0.03334088675,427.807833333333,13.2668333333333,17.09,42.93,60,"ok",TRUE
"MOD-00562","2026-07-31 02:00:00",3.34116666666667,2.15809231666666,9.38333333333333,2.54866666666667,41.2061666666666,0.0320220600166667,461.544,11.8713333333333,19.5783333333333,40.025,60,"ok",TRUE
"MOD-00562","2026-07-31 03:00:00",3.5615,2.44298361666667,9.327,2.778,40.5081666666667,0.0315353446166667,459.082,9.47133333333333,20.7916666666667,38.2766666666667,60,"ok",TRUE
"MOD-00562","2026-07-31 04:00:00",3.92316666666667,2.86878875,9.443,3.0435,40.3258333333333,0.0314082035833333,462.904,9.39633333333333,22.495,37.1216666666667,60,"ok",TRUE
"MOD-00562","2026-07-31 05:00:00",4.444,3.39505991666667,10.9258333333333,3.52016666666667,35.2466666666667,0.0278665006666667,510.494833333333,9.6485,24.8916666666667,35.5633333333333,60,"ok",TRUE
"MOD-00562","2026-07-31 06:00:00",4.591,3.51743355,11.2895,3.71866666666667,35.1836666666667,0.0278225707666667,454.697666666667,8.1515,24.1033333333333,35.0166666666667,60,"ok",TRUE
"MOD-00562","2026-07-31 07:00:00",5.5895,5.18465718333333,31.858,3.42733333333333,41.3901666666667,0.0321503632166667,464.555833333333,23.5496666666667,33.03,34.0916666666667,60,"ok",TRUE
"MOD-00562","2026-07-31 08:00:00",2.62066666666667,1.81411681666667,5.8875,2.1275,40.595,0.0315958935,507.748666666667,17.5506666666667,42.1233333333333,31.2083333333333,60,"ok",TRUE
"MOD-00562","2026-07-31 09:00:00",2.8615,2.02532613333333,5.3595,2.39816666666667,42.606,0.0329981638,466.242333333333,8.081,43.7133333333333,30.4,60,"ok",TRUE
"MOD-00562","2026-07-31 10:00:00",3.17166666666667,2.29531348333333,7.40783333333333,2.65733333333333,43.1956666666667,0.0334093383666667,420.993166666667,5.903,42.8833333333333,30.5383333333333,60,"ok",TRUE
"MOD-00562","2026-07-31 11:00:00",3.43533333333333,2.5946281,7.781,2.81983333333333,41.6573333333333,0.0323366585333333,395.857666666667,5.56916666666667,43.3066666666666,30.2566666666667,60,"ok",TRUE
"MOD-00562","2026-07-31 12:00:00",3.68383333333333,2.86153191666667,9.75133333333333,3.02116666666667,39.84,0.031069432,413.599333333333,5.58783333333333,46.0566666666667,29.2766666666667,60,"ok",TRUE
"MOD-00562","2026-07-31 13:00:00",4.0915,3.4014769,13.7575,3.06416666666667,38.8433333333333,0.0303744563333333,439.96,5.52733333333333,43.1116666666667,30.2566666666667,60,"ok",TRUE
"MOD-00562","2026-07-31 14:00:00",3.67366666666667,2.74202826666667,12.3846666666667,2.7415,45.5625,0.03505973125,357.9515,6.1175,33.6833333333333,35.0583333333333,60,"ok",TRUE
"MOD-00562","2026-07-31 15:00:00",3.74866666666667,2.4559252,11.768,2.88583333333333,50.4991666666667,0.0385020689166667,230.7065,7.36716666666667,25.8183333333333,39.995,60,"ok",TRUE
"MOD-00562","2026-07-31 16:00:00",4.28836363636363,2.64941290909091,12.7050909090909,3.45436363636364,55.4412727272728,0.0419481994727273,188.517818181818,6.42690909090909,21.2618181818182,43.2454545454546,55,"ok",TRUE
"MOD-00562","2026-07-31 17:00:00",5.25783333333333,3.49069715,14.963,4.197,56.6123333333333,0.0427647800333333,208.218333333333,5.75516666666666,18.85,44.6233333333333,60,"ok",TRUE
"MOD-00562","2026-07-31 18:00:00",4.383,2.80559866666667,16.77,3.39366666666667,49.8491666666667,0.0380488239166667,217.210166666667,6.415,16.9816666666667,44.1033333333334,60,"ok",TRUE
"MOD-00562","2026-07-31 19:00:00",4.32983333333333,2.8845672,14.2565,3.26633333333333,47.525,0.0364281825,292.9295,7.84133333333333,17.3066666666667,43.3866666666667,60,"ok",TRUE
"MOD-00562","2026-07-31 20:00:00",4.13830508474576,2.65176294915254,16.9979661016949,3.10135593220339,48.5137288135593,0.0371176231016949,297.861355932203,7.18322033898305,16.4338983050847,44.1745762711865,59,"ok",TRUE
"MOD-00562","2026-07-31 21:00:00",4.33883333333333,2.98206406666666,15.8568333333333,2.9685,50.3215,0.03837818195,294.241333333333,6.84983333333334,15.3816666666667,45.515,60,"ok",TRUE
"MOD-00562","2026-07-31 22:00:00",4.3805,3.01213941666667,19.357,2.97033333333333,50.8486666666667,0.0387457752666667,320.805,8.107,15.1433333333333,45.78,60,"ok",TRUE
"MOD-00562","2026-07-31 23:00:00",4.51406779661017,3.33256530508475,19.5640677966102,2.86101694915254,51.7450847457627,0.0393708475932203,361.436610169491,9.9471186440678,15.4457627118644,45.371186440678,59,"ok",TRUE
"MOD-00562","2026-08-01 00:00:00",5.0255,3.94926116666666,24.7428333333333,3.16366666666667,53.036,0.0402710028,378.606,11.5101666666667,15.3766666666667,44.3383333333333,60,"ok",TRUE
"MOD-00562","2026-08-01 01:00:00",4.73033333333333,3.64192641666667,21.6021666666667,3.13633333333334,50.7436666666667,0.0386725587666667,400.331333333333,12.7108333333333,15.8566666666667,42.7333333333333,60,"ok",TRUE
"MOD-00562","2026-08-01 02:00:00",4.47016666666667,3.51695745,15.877,3.0335,42.72,0.033077656,456.814666666667,12.9991666666667,18.5033333333333,40.0766666666667,60,"ok",TRUE
"MOD-00562","2026-08-01 03:00:00",4.597,3.72524963333333,15.476,3.16266666666667,40.1805,0.03130686265,476.494166666667,10.1305,20.1016666666667,38.415,60,"ok",TRUE
"MOD-00562","2026-08-01 04:00:00",5.00216666666667,4.2133781,18.6768333333333,3.40883333333333,38.7591666666667,0.0303157669166667,472.771,9.28416666666667,21.5333333333333,37.385,60,"ok",TRUE
"MOD-00562","2026-08-01 05:00:00",5.37216666666666,4.56983018333333,15.8976666666667,3.803,36.6641666666667,0.0288549234166667,490.787,9.079,23.5533333333333,36.12,60,"ok",TRUE
"MOD-00562","2026-08-01 06:00:00",5.23483333333334,4.50534053333334,17.9698333333333,3.68716666666667,36.5078333333333,0.0287459121833333,471.260333333333,8.2265,24.1883333333333,35.1333333333333,60,"ok",TRUE
"MOD-00562","2026-08-01 07:00:00",5.81483333333333,5.12534756666666,16.1081666666667,4.17416666666667,31.6221666666667,0.0253391368166667,498.012333333333,8.61033333333333,27.0183333333333,33.5866666666667,60,"ok",TRUE
"MOD-00562","2026-08-01 08:00:00",5.9545,5.2361356,18.4155,4.40733333333333,26.3305,0.02164925765,504.041,7.69733333333333,29.8416666666667,32.0733333333333,60,"ok",TRUE
"MOD-00562","2026-08-01 09:00:00",6.18783333333333,5.47148383333333,18.3731666666667,4.67216666666667,22.9178333333333,0.0192696051833333,517.4765,6.44416666666667,32.6783333333333,30.6533333333333,60,"ok",TRUE
"MOD-00562","2026-08-01 10:00:00",5.65083333333333,5.28056663333333,23.3268333333333,3.8905,22.0441666666667,0.0186603974166667,467.269166666667,5.88283333333333,33.285,29.8066666666667,60,"ok",TRUE
"MOD-00562","2026-08-01 11:00:00",5.537,5.13624258333333,18.8788333333333,3.88716666666667,23.0641666666667,0.0193716434166667,445.0255,5.60466666666667,34.515,29.5,60,"ok",TRUE
"MOD-00562","2026-08-01 12:00:00",5.16166666666667,4.61659928333333,18.2445,3.7545,25.162,0.0208344626,417.537833333333,5.57183333333333,34.165,30.09,60,"ok",TRUE
"MOD-00562","2026-08-01 13:00:00",4.60016666666667,3.86041033333334,16.0618333333333,3.519,33.2305,0.02646062765,427.517666666667,5.6165,36.2633333333333,30.785,60,"ok",TRUE
"MOD-00562","2026-08-01 14:00:00",4.58833333333333,3.73971321666667,13.3515,3.443,38.7951666666667,0.0303408697166667,382.796833333334,5.79383333333333,31.3233333333333,33.75,60,"ok",TRUE
"MOD-00562","2026-08-01 15:00:00",4.76883333333334,3.76835578333334,11.998,3.64483333333333,42.2215,0.03273005195,337.37,6.04666666666667,29.0366666666667,35.395,60,"ok",TRUE
"MOD-00562","2026-08-01 16:00:00",4.5725,3.35797756666667,12.3165,3.5965,47.7696666666667,0.0365987885666667,306.714333333333,6.2365,26.0866666666667,37.6516666666667,60,"ok",TRUE
"MOD-00562","2026-08-01 17:00:00",3.96864406779661,2.42263413559322,8.59847457627119,3.1193220338983,59.6891525423729,0.0449102460677966,146.407118644068,5.70813559322034,17.9728813559322,43.8118644067797,59,"ok",TRUE
"MOD-00562","2026-08-01 18:00:00",4.12816666666667,2.33303901666667,6.892,3.37366666666667,59.9511666666667,0.0450929485166667,128.236666666667,5.96916666666667,15.675,46.065,60,"ok",TRUE
"MOD-00562","2026-08-01 19:00:00",4.46183333333333,2.6242806,8.0795,3.54,60.6753333333333,0.0455979099333333,194.011333333333,6.38916666666667,14.5533333333333,47.4483333333333,60,"ok",TRUE
"MOD-00562","2026-08-01 20:00:00",4.10683333333333,2.25931975,9.142,3.31733333333333,56.475,0.0426690175,246.5215,7.23216666666667,13.645,47.3216666666667,60,"ok",TRUE
"MOD-00562","2026-08-01 21:00:00",3.65813559322034,1.93218520338983,10.155593220339,2.89220338983051,53.6772881355932,0.0407181730169492,310.950169491526,8.84661016949153,13.3338983050847,46.7762711864407,59,"ok",TRUE
"MOD-00562","2026-08-01 22:00:00",4.00333333333333,2.10080425,7.50383333333333,3.28416666666667,53.4431666666667,0.0405549201166667,302.877666666667,8.52466666666667,12.83,47.835,60,"ok",TRUE
"MOD-00562","2026-08-01 23:00:00",3.69033333333333,1.92652711666667,9.54616666666666,2.92583333333333,49.092,0.0375208516,354.383166666667,8.86083333333333,13.3533333333333,47.1983333333333,60,"ok",TRUE
"MOD-00562","2026-08-02 00:00:00",3.47338983050848,1.86792276271187,7.55220338983051,2.73559322033898,48.0898305084746,0.0368220388135593,377.05186440678,9.95322033898305,13.4677966101695,45.5796610169492,59,"ok",TRUE
"MOD-00562","2026-08-02 01:00:00",3.18366666666667,1.79811208333333,7.09916666666667,2.46133333333333,45.4053333333333,0.0349501389333333,405.2595,11.7071666666667,14.2366666666667,43.2983333333334,60,"ok",TRUE
"MOD-00562","2026-08-02 02:00:00",4.26741379310345,2.88322160344827,10.0131034482759,3.45637931034483,42.4043902439025,0.0328575813170732,465.89243902439,14.46,16.7,40.5120689655172,58,"ok",TRUE
"MOD-00562","2026-08-02 03:00:00",4.89483333333334,3.58509745000001,10.1786666666667,3.96716666666667,38.0316666666667,0.0298084811666667,513.1825,10.1733333333333,18.31,38.665,60,"ok",TRUE
"MOD-00562","2026-08-02 04:00:00",5.34883333333333,4.15353728333333,11.6093333333333,4.29566666666667,35.9943333333333,0.0283878486333333,535.7635,9.99983333333333,21.3833333333333,36.6133333333333,60,"ok",TRUE
"MOD-00562","2026-08-02 05:00:00",5.95166666666667,4.7323851,14.1336666666667,4.84266666666667,33.1,0.02636963,549.894333333333,9.7275,23.5033333333333,35.2983333333333,60,"ok",TRUE
"MOD-00562","2026-08-02 06:00:00",11.2793333333333,13.1523272166667,52.7331666666667,4.48616666666667,36.4468333333333,0.0287033768833333,484.8655,8.96116666666667,25.805,34.7916666666667,60,"ok",TRUE
"MOD-00562","2026-08-02 07:00:00",14.1466666666667,17.3684702333333,63.4766666666667,4.78983333333333,36.4696666666667,0.0287192985666667,461.550166666667,8.19483333333333,26.915,34.1933333333333,60,"ok",TRUE
"MOD-00562","2026-08-02 08:00:00",7.268,7.62409048333333,28.6938333333333,3.74766666666667,37.3535,0.02933559555,450.632333333333,7.13633333333333,28.4233333333333,33.94,60,"ok",TRUE
"MOD-00562","2026-08-02 09:00:00",11.334,14.1579444833333,53.5445,3.365,40.2271666666667,0.0313394033166667,413.282666666667,7.09316666666667,29.3033333333333,33.6633333333333,60,"ok",TRUE
"MOD-00562","2026-08-02 10:00:00",8.61416666666667,10.3625135333333,35.6388333333333,2.95033333333333,41.1113333333333,0.0319559327333333,399.592,6.9255,30.38,33.0133333333333,60,"ok",TRUE
"MOD-00562","2026-08-02 11:00:00",6.74633333333333,7.52658683333333,24.5143333333333,2.98866666666667,40.7148333333333,0.0316794532833333,400.236666666667,6.6585,32.2483333333333,32.0433333333333,60,"ok",TRUE
"MOD-00562","2026-08-02 12:00:00",5.60433333333333,5.58336646666666,20.582,3.22116666666667,39.88,0.031097324,400.070833333333,6.27366666666667,33.5766666666667,31.8616666666667,60,"ok",TRUE
"MOD-00562","2026-08-02 13:00:00",5.14316666666667,5.0801127,20.4561666666667,2.86883333333333,42.6048333333333,0.0329973502833333,395.550833333333,5.98483333333333,32.3316666666667,32.825,60,"ok",TRUE
"MOD-00562","2026-08-02 14:00:00",4.50683333333333,4.00376781666667,14.4286666666667,2.66383333333333,47.1926666666667,0.0361964464666667,309.392,6.18966666666667,26.2483333333333,37.2383333333333,60,"ok",TRUE
"MOD-00562","2026-08-02 15:00:00",5.12166666666667,3.99956513333333,12.5876666666667,3.728,47.9701666666667,0.0367385972166667,298.7585,6.76983333333334,25.87,39.13,60,"ok",TRUE
"MOD-00562","2026-08-02 16:00:00",5.45966666666667,4.21340245,12.8575,4.18983333333333,45.5351666666667,0.0350406717166667,387.583333333333,8.262,29.0833333333333,38.045,60,"ok",TRUE
"MOD-00562","2026-08-02 17:00:00",6.3915,5.34478891666666,18.8703333333333,4.29516666666667,53.0771666666666,0.0402997083166667,304.7555,6.12516666666667,24.0283333333333,41.5183333333333,60,"ok",TRUE
"MOD-00562","2026-08-02 18:00:00",5.26067796610169,3.48944089830509,9.13440677966101,4.1771186440678,57.3162711864407,0.0432556358983051,194.558305084746,5.87898305084746,19.8389830508474,45.1101694915254,59,"ok",TRUE
"MOD-00562","2026-08-02 19:00:00",4.8605,2.93793005,7.60866666666667,4.03416666666667,54.915,0.0415812295,230.697666666667,5.59533333333333,18.6683333333333,45.8816666666667,60,"ok",TRUE
"MOD-00562","2026-08-02 20:00:00",4.42416666666667,2.49503568333334,6.732,3.7535,52.0523333333333,0.0395850920333333,287.098,6.368,18.255,45.755,60,"ok",TRUE
"MOD-00562","2026-08-02 21:00:00",3.77050847457627,1.94106038983051,8.48661016949152,3.16220338983051,51.3462711864407,0.0390927548983051,283.573559322034,5.88661016949153,16.6169491525424,45.8372881355932,59,"ok",TRUE
"MOD-00562","2026-08-02 22:00:00",3.85333333333333,1.99817301666667,6.09616666666667,3.19766666666667,51.8986666666667,0.0394779402666667,290.983833333333,5.95616666666667,15.6283333333333,46.6966666666667,60,"ok",TRUE
"MOD-00562","2026-08-02 23:00:00",3.59983333333333,1.83391908333333,7.17266666666667,2.95766666666667,50.419,0.0384461687,313.221666666667,6.419,15.15,46.1283333333333,60,"ok",TRUE
"MOD-00562","2026-08-03 00:00:00",3.66366666666667,2.03794661666667,7.05783333333333,2.9425,48.217,0.0369107141,346.97,8.0525,15.3183333333333,44.8933333333333,60,"ok",TRUE
"MOD-00562","2026-08-03 01:00:00",3.81559322033898,2.31982333898305,6.70084745762712,3.02457627118644,46.4532203389831,0.0356808305423729,386.255762711864,9.98322033898305,16.0406779661017,43.3796610169492,59,"ok",TRUE
"MOD-00562","2026-08-03 02:00:00",4.3775,2.98648615,9.833,3.52233333333333,42.1601666666667,0.0326872842166667,457.3475,11.7563333333333,18.4033333333333,40.5083333333333,60,"ok",TRUE
"MOD-00562","2026-08-03 03:00:00",4.92316666666667,3.5660745,10.7465,4.016,39.8785,0.03109627805,491.944666666667,9.95766666666667,20.26,38.6916666666667,60,"ok",TRUE
"MOD-00562","2026-08-03 04:00:00",5.49366666666667,4.18068948333334,12.1485,4.46283333333333,36.2106666666667,0.0285386978666667,521.9515,9.89933333333333,22.5966666666667,37.3083333333333,60,"ok",TRUE
"MOD-00562","2026-08-03 05:00:00",5.8065,4.44795321666666,10.9276666666667,4.82066666666667,36.028,0.0284113244,519.782833333333,8.8545,24.015,36.4083333333333,60,"ok",TRUE
"MOD-00562","2026-08-03 06:00:00",6.237,4.9111117,14.0763333333333,5.08583333333333,36.4425,0.02870035525,458.931333333333,7.85683333333333,23.925,36.2433333333333,60,"ok",TRUE
"MOD-00562","2026-08-03 07:00:00",6.53433333333333,5.30121996666667,15.8376666666667,5.25616666666667,32.2108333333333,0.0257496140833333,451.261166666667,8.99483333333333,25.8616666666667,35.0866666666667,60,"ok",TRUE
"MOD-00562","2026-08-03 08:00:00",5.91116666666667,4.72935148333333,14.463,4.86116666666667,31.7516666666667,0.0254294371666667,456.092833333333,7.82183333333333,27.8383333333333,33.7016666666667,60,"ok",TRUE
"MOD-00562","2026-08-03 09:00:00",5.63933333333333,4.64800635,14.8911666666667,4.48166666666667,27.3916666666667,0.0223892091666667,470.596,7.21233333333333,30.82,32.66,60,"ok",TRUE
"MOD-00562","2026-08-03 10:00:00",4.92433333333333,3.9442228,11.67,3.92283333333333,32.9105,0.02623749165,467.783666666666,7.16766666666667,34.7233333333333,32.6516666666667,60,"ok",TRUE
"MOD-00562","2026-08-03 11:00:00",4.51116666666667,3.57350903333333,11.2735,3.61166666666667,32.0728333333333,0.0256533866833333,441.127,5.77916666666667,36.365,32.0516666666667,60,"ok",TRUE
"MOD-00562","2026-08-03 12:00:00",4.76983333333333,3.85875555,11.0816666666667,3.84816666666667,30.146,0.0243098058,450.9435,5.61883333333334,38.615,30.875,60,"ok",TRUE
"MOD-00562","2026-08-03 13:00:00",5.016,4.14875311666667,14.7811666666667,3.86516666666667,33.6081666666667,0.0267239746166667,463.259666666667,5.619,38.745,31.6933333333333,60,"ok",TRUE
"MOD-00562","2026-08-03 14:00:00",5.064,4.15898478333334,16.7945,3.688,39.2373333333333,0.0306491925333333,410.0945,5.8165,33.7883333333333,34.9233333333333,60,"ok",TRUE
"MOD-00562","2026-08-03 15:00:00",5.79733333333333,4.55223178333333,16.5031666666667,4.19383333333333,46.1166666666667,0.0354461516666667,269.320333333333,7.24466666666667,25.5283333333333,40.74,60,"ok",TRUE
"MOD-00562","2026-08-03 16:00:00",5.45,4.4233656,16.651,3.83516666666667,41.9155,0.03251667815,311.205,7.12283333333333,27.7,38.6916666666666,60,"ok",TRUE
"MOD-00562","2026-08-03 17:00:00",5.4495,4.1255811,13.5021666666667,4.09066666666667,50.0896666666667,0.0382165245666667,339.399,6.50716666666666,24.9016666666667,40.5466666666667,60,"ok",TRUE
"MOD-00562","2026-08-03 18:00:00",5.47576271186441,3.65111996610169,14.0066101694915,4.34508474576271,58.7742372881356,0.0442722756610169,160.405762711864,6.05542372881356,19.0338983050847,45.4898305084746,59,"ok",TRUE
"MOD-00562","2026-08-03 19:00:00",5.322,3.52510806666667,12.1926666666667,4.22783333333333,55.5751666666667,0.0420415637166667,223.526666666667,5.5595,18.035,45.445,60,"ok",TRUE
"MOD-00562","2026-08-03 20:00:00",4.86883333333333,3.03033711666667,10.1646666666667,4.024,50.9098333333333,0.0387884267833333,262.808166666667,6.20683333333333,16.6833333333333,45.065,60,"ok",TRUE
"MOD-00562","2026-08-03 21:00:00",4.55283333333333,2.73467981666667,9.976,3.64033333333333,53.8441666666667,0.0408345374166667,243.7225,6.15833333333333,14.9983333333333,46.6583333333333,60,"ok",TRUE
"MOD-00562","2026-08-03 22:00:00",4.06457627118644,2.27653071186441,10.4622033898305,3.29677966101695,50.2716949152542,0.0383434528644068,272.367118644068,7.47813559322034,14.3966101694915,46.2593220338983,59,"ok",TRUE
"MOD-00562","2026-08-03 23:00:00",4.16683333333333,2.65238741666667,9.16433333333333,3.394,42.4603333333333,0.0328965904333333,427.7205,14.099,16.9966666666667,42.135,60,"ok",TRUE
"MOD-00562","2026-08-04 00:00:00",4.36733333333333,2.79971803333333,11.4156666666667,3.61216666666667,46.0593333333333,0.0354061731333333,417.002666666667,10.5293333333333,17.2166666666667,41.9033333333333,60,"ok",TRUE
"MOD-00562","2026-08-04 01:00:00",4.58066666666667,3.12006406666667,10.462,3.74083333333333,44.0185,0.03398310005,409.427166666667,10.1725,17.7016666666667,40.7316666666667,60,"ok",TRUE
"MOD-00562","2026-08-04 02:00:00",8.85416666666667,8.66056908333334,73.8843333333333,5.065,32.3485,0.02584560905,553.857,41.316,30.8833333333333,36.275,60,"ok",TRUE
"MOD-00562","2026-08-04 03:00:00",4.65316666666667,3.96856816666667,10.3448333333333,3.5585,31.5388333333333,0.0252810284833333,615.734666666667,39.8496666666667,44.66,29.2233333333333,60,"ok",TRUE
"MOD-00562","2026-08-04 04:00:00",3.21233333333333,2.28381131666666,4.6925,2.895,33.1985,0.02643831405,544.482,12.1115,46.945,28.685,60,"ok",TRUE
"MOD-00562","2026-08-04 05:00:00",3.46083333333333,2.5038222,5.47083333333333,3.09533333333333,37.686,0.0295674478,469.6375,7.05816666666667,46.9066666666667,28.7866666666667,60,"ok",TRUE
"MOD-00562","2026-08-04 06:00:00",2.0595,1.37077703333333,3.23216666666667,1.79833333333333,38.8253333333333,0.0303619049333333,426.242,6.0095,48.9033333333333,28.1416666666667,60,"ok",TRUE
"MOD-00562","2026-08-04 07:00:00",1.67216666666667,1.08151505,3.67466666666667,1.435,41.2495,0.03205227635,388.929166666667,5.26283333333333,48.9066666666666,27.7116666666667,60,"ok",TRUE
"MOD-00562","2026-08-04 08:00:00",1.75833333333333,1.16696098333333,2.60716666666667,1.554,40.6093333333333,0.0316058881333333,368.512,5.21533333333333,49.9516666666667,27.0516666666667,60,"ok",TRUE
"MOD-00562","2026-08-04 09:00:00",1.97333333333333,1.35532481666667,2.97983333333333,1.7715,40.8101666666666,0.0317459292166667,357.972666666667,4.86383333333333,49.56,26.78,60,"ok",TRUE
"MOD-00562","2026-08-04 10:00:00",2.4385,1.77821346666666,4.55516666666667,2.13283333333333,36.7836666666667,0.0289382507666667,358.104833333333,4.96416666666667,50.6716666666667,26.795,60,"ok",TRUE
"MOD-00562","2026-08-04 11:00:00",2.95683333333333,2.19006723333333,4.7085,2.6205,29.575,0.0239116475,383.441666666667,5.5475,53.8883333333333,26.5416666666667,60,"ok",TRUE
"MOD-00562","2026-08-04 12:00:00",3.669,2.74764593333333,7.40633333333333,3.292,22.2988333333333,0.0188379764833333,403.939,6.48516666666667,58.2866666666667,26.1433333333333,60,"ok",TRUE
"MOD-00562","2026-08-04 13:00:00",3.86066666666667,2.95677853333334,9.573,3.363,22.8213333333333,0.0192023157333333,427.992833333333,5.33283333333333,57.4766666666667,26.575,60,"ok",TRUE
"MOD-00562","2026-08-04 14:00:00",3.65616666666667,2.70719671666666,10.0876666666667,3.12183333333333,33.5626666666667,0.0266922474666667,382.862,5.5115,48.915,29.2916666666667,60,"ok",TRUE
"MOD-00562","2026-08-04 15:00:00",3.6935,2.53441001666667,7.96866666666667,3.15916666666667,40.6505,0.03163459365,299.9895,5.94366666666667,37.36,33.6633333333333,60,"ok",TRUE
"MOD-00562","2026-08-04 16:00:00",3.2264406779661,1.94037781355932,6.17813559322034,2.67542372881356,49.4759322033898,0.0377885675254237,189.109322033898,6.09084745762712,27.4118644067797,38.3457627118644,59,"ok",TRUE
"MOD-00562","2026-08-04 17:00:00",3.13166666666667,1.55866853333333,6.58066666666667,2.662,54.7955,0.04149790215,121.925333333333,6.31466666666666,21.9766666666667,42.285,60,"ok",TRUE
"MOD-00562","2026-08-04 18:00:00",4.73583333333333,3.58409083333333,15.8818333333333,3.16416666666667,54.6148333333333,0.0413719232833333,201.8845,6.3925,21.6216666666667,42.8633333333333,60,"ok",TRUE
"MOD-00562","2026-08-04 19:00:00",4.95466666666667,4.33213563333334,21.4113333333333,2.67666666666667,51.109,0.0389273057,261.571166666667,7.10083333333333,21.0033333333333,42.2716666666667,60,"ok",TRUE
"MOD-00562","2026-08-04 20:00:00",6.08406779661017,5.83439130508474,31.5493220338983,2.94169491525424,50.1662711864407,0.0382699408983051,299.225254237288,7.85966101694915,20.6,42.3932203389831,59,"ok",TRUE
"MOD-00562","2026-08-04 21:00:00",5.994,5.76193195,26.3895,2.823,49.8051666666667,0.0380181427166667,295.051,7.718,19.3216666666667,43.2,60,"ok",TRUE
"MOD-00562","2026-08-04 22:00:00",6.22166666666667,6.16889233333333,24.041,2.74166666666667,49.059,0.0374978407,302.083333333333,8.279,18.415,43.6116666666667,60,"ok",TRUE
"MOD-00562","2026-08-04 23:00:00",6.75,6.97812196610169,36.6479661016949,2.72305084745763,47.2272881355932,0.0362205880169492,337.820677966102,9.57084745762712,18.8322033898305,43.1830508474577,59,"ok",TRUE
"MOD-00562","2026-08-05 00:00:00",7.77816666666667,8.65898456666667,39.0775,2.70083333333333,44.9561666666667,0.0346369350166667,387.683166666667,10.2941666666667,20.42,42.0116666666667,60,"ok",TRUE
"MOD-00562","2026-08-05 01:00:00",8.69683333333333,10.2552779333333,44.5865,2.59333333333333,42.5038333333333,0.0329269229833333,411.6405,10.1658333333333,22.2766666666667,40.365,60,"ok",TRUE
"MOD-00562","2026-08-05 02:00:00",9.57516666666666,11.3176604833333,44.2596666666667,3.1805,41.1845,0.03200695185,432.009166666667,10.5481666666667,24.2766666666667,38.11,60,"ok",TRUE
"MOD-00562","2026-08-05 03:00:00",3.76816666666667,2.57190923333333,8.4215,3.0975,45.0046666666667,0.0346707540666667,463.413833333333,12.0746666666667,28.3,36.555,60,"ok",TRUE
"MOD-00562","2026-08-05 04:00:00",3.77683333333333,2.57056975,7.531,3.19066666666667,44.84,0.034555932,453.094333333333,10.1726666666667,30.5633333333333,35.535,60,"ok",TRUE
"MOD-00562","2026-08-05 05:00:00",3.78366666666667,2.56855033333333,7.90166666666667,3.21633333333333,43.4396666666667,0.0335794795666667,458.368666666667,11.0926666666667,34.245,34.9083333333333,60,"ok",TRUE
"MOD-00562","2026-08-05 06:00:00",3.87516666666667,2.661935,7.33883333333333,3.3115,44.6663333333333,0.0344348342333333,432.486166666667,8.04566666666667,35.6966666666667,34.4116666666667,60,"ok",TRUE
"MOD-00562","2026-08-05 07:00:00",4.84383333333333,3.65182876666667,9.41483333333334,3.98383333333333,41.7641666666667,0.0324111534166667,416.327666666667,7.98883333333333,37.515,33.9683333333333,60,"ok",TRUE
"MOD-00562","2026-08-05 08:00:00",6.71233333333334,5.94952873333334,16.4983333333333,4.7575,35.9358333333333,0.0283470565833333,436.969333333333,7.275,42.205,33.0316666666667,60,"ok",TRUE
"MOD-00562","2026-08-05 09:00:00",5.96766666666667,4.76801935,11.7781666666667,4.85083333333333,39.6976666666667,0.0309701829666667,425.285333333333,6.10583333333333,43.53,32.45,60,"ok",TRUE
"MOD-00562","2026-08-05 10:00:00",5.78183333333333,4.39432131666667,11.094,5.03466666666666,35.3108333333333,0.0279112440833333,417.455833333333,6.14216666666667,46.5333333333334,31.2966666666667,60,"ok",TRUE
"MOD-00562","2026-08-05 11:00:00",6.88233333333333,6.02159641666666,14.7735,5.141,34.5873333333333,0.0274067475333333,408.105833333333,5.94166666666667,49.5216666666667,30.725,60,"ok",TRUE
"MOD-00562","2026-08-05 12:00:00",6.6525,6.00935495,15.472,4.69616666666667,33.073,0.0263508029,383.421333333333,5.27766666666667,48.7166666666667,30.8116666666667,60,"ok",TRUE
"MOD-00562","2026-08-05 13:00:00",6.41983333333333,5.35470638333333,16.75,5.09816666666667,32.462,0.0259247526,378.168166666667,5.27866666666667,48.13,30.5333333333333,60,"ok",TRUE
"MOD-00562","2026-08-05 14:00:00",7.61033333333333,6.41564955,19.0135,5.96933333333333,35.2566666666667,0.0278734736666667,400.609166666667,5.63333333333333,46.0816666666667,32.1816666666667,60,"ok",TRUE
"MOD-00562","2026-08-05 15:00:00",6.96666666666667,5.79061585,16.2925,5.18016666666667,41.3988333333333,0.0321564064833333,315.519333333333,6.01466666666667,37.2883333333334,36.6833333333333,60,"ok",TRUE
"MOD-00562","2026-08-05 16:00:00",6.76183333333333,5.53840015,15.544,4.9105,44.4635,0.03429339855,255.0775,6.10483333333333,33.2666666666667,39.1683333333333,60,"ok",TRUE
"MOD-00562","2026-08-05 17:00:00",6.31733333333333,4.80881695,12.2095,4.89716666666667,45.8755,0.03527798615,248.983666666667,6.06516666666667,30.3933333333333,40.385,60,"ok",TRUE
"MOD-00562","2026-08-05 18:00:00",5.7895,4.3434213,11.3785,4.4485,46.1965,0.03550181945,280.324333333333,6.3885,29.7316666666667,40.435,60,"ok",TRUE
"MOD-00562","2026-08-05 19:00:00",5.84933333333333,4.44723891666667,16.7585,4.359,46.6653333333333,0.0358287369333333,286.240833333333,6.35,28.2133333333333,41.105,60,"ok",TRUE
"MOD-00562","2026-08-05 20:00:00",5.96898305084746,4.46196238983051,13.4833898305085,4.52949152542373,47.0952542372881,0.036128520779661,286.179322033898,6.23881355932203,26.6762711864407,42.0186440677966,59,"ok",TRUE
"MOD-00562","2026-08-05 21:00:00",5.68516666666667,4.27262316666667,13.7141666666667,4.11316666666667,47.5588333333333,0.0364517744833333,274.638166666667,6.132,24.44,43.26,60,"ok",TRUE
"MOD-00562","2026-08-05 22:00:00",5.61083333333333,4.23426696666667,11.5315,3.9555,48.3276666666667,0.0369878819666667,272.1005,6.3015,22.65,44.235,60,"ok",TRUE
"MOD-00562","2026-08-05 23:00:00",5.30416666666667,4.10175565,13.6383333333333,3.57316666666667,46.753,0.0358898669,320.642833333333,7.42466666666667,22.87,43.4633333333333,60,"ok",TRUE
"MOD-00562","2026-08-06 00:00:00",5.30694915254237,4.29511047457627,17.3977966101695,3.44016949152542,46.2684745762712,0.0355520073220339,370.813050847458,8.5371186440678,23.8457627118644,41.9864406779661,59,"ok",TRUE
"MOD-00562","2026-08-06 01:00:00",5.71633333333333,5.09872748333334,17.9628333333333,3.396,44.433,0.0342721309,404.481333333333,9.78866666666667,25.775,39.9616666666667,60,"ok",TRUE
"MOD-00562","2026-08-06 02:00:00",5.554,4.97856043333333,17.844,3.42283333333333,41.0028333333333,0.0318802756833333,439.817833333333,10.788,29.705,37.4066666666667,60,"ok",TRUE
"MOD-00562","2026-08-06 03:00:00",5.376,4.7956334,17.7986666666667,3.37466666666667,40.2188333333333,0.0313335924833333,433.0655,8.42916666666667,31.85,36.3666666666667,60,"ok",TRUE
"MOD-00562","2026-08-06 04:00:00",5.8575,5.3207314,24.9525,3.67233333333333,39.781,0.0310282913,422.751666666667,7.66866666666667,33.7783333333333,35.5833333333333,60,"ok",TRUE
"MOD-00562","2026-08-06 05:00:00",6.127,6.07065260114942,28.4331034482759,3.58366666666667,41.1701666666667,0.0319969572166667,425.590833333333,14.9605,42.2716666666667,30.7783333333333,60,"ok",TRUE
"MOD-00562","2026-08-06 06:00:00",5.9205,5.52746073333334,13.1465,4.10766666666667,34.183,0.0271248059,481.761666666667,57.9581666666667,69.73,25.43,60,"ok",TRUE
"MOD-00562","2026-08-06 07:00:00",3.96316666666667,3.46484071666667,6.68766666666667,2.954,32.1185,0.02568523005,495.553,41.1265,82.0383333333333,22.9733333333333,60,"ok",TRUE
"MOD-00562","2026-08-06 08:00:00",2.70783333333333,2.06542023333333,4.34083333333333,2.232,31.7235,0.02540979655,442.208,11.481,78.4983333333333,23.6916666666667,60,"ok",TRUE
"MOD-00562","2026-08-06 09:00:00",2.64933333333333,1.96071481666667,4.75716666666667,2.24716666666667,33.0196666666667,0.0263136135666667,385.2655,6.51466666666667,73.4466666666667,24.3866666666667,60,"ok",TRUE
"MOD-00562","2026-08-06 10:00:00",2.961,2.19202931666667,3.74283333333333,2.6305,37.2503333333333,0.0292636574333333,338.548,5.33366666666667,65.2966666666667,24.9816666666667,60,"ok",TRUE
"MOD-00562","2026-08-06 11:00:00",3.56,2.64951425,4.71183333333333,3.24583333333333,38.113,0.0298651949,321.2385,5.24416666666667,62.0233333333334,25.3183333333334,60,"ok",TRUE
"MOD-00562","2026-08-06 12:00:00",3.61883333333333,2.74251183333333,5.93083333333333,3.21866666666667,37.3518333333333,0.0293344333833333,328.370333333333,5.49716666666667,62.415,25.4533333333333,60,"ok",TRUE
"MOD-00562","2026-08-06 13:00:00",3.80916666666667,2.92735818333334,7.36633333333333,3.3385,38.4211666666667,0.0300800795166667,344.946833333333,4.92033333333333,57.36,26.305,60,"ok",TRUE
"MOD-00562","2026-08-06 14:00:00",4.26316666666667,3.1684406,7.32816666666667,3.807,40.0548333333333,0.0312192352833333,363.733,5.09416666666667,52.095,28.3566666666667,60,"ok",TRUE
"MOD-00562","2026-08-06 15:00:00",3.8515,2.58734478333333,6.29766666666667,3.41216666666667,45.6921666666667,0.0351501478166667,301.4595,6.17316666666667,38.4616666666667,33.555,60,"ok",TRUE
"MOD-00562","2026-08-06 16:00:00",4.03033333333333,2.38660506666666,6.01566666666667,3.59616666666667,50.6648333333333,0.0386175882833333,200.927166666667,7.07566666666666,27.7166666666667,39.4666666666667,60,"ok",TRUE
"MOD-00562","2026-08-06 17:00:00",4.50633333333333,2.63764418333333,6.18916666666667,4.088,54.17,0.041061741,202.663333333333,6.54766666666667,24.6583333333333,41.2816666666667,60,"ok",TRUE
"MOD-00562","2026-08-06 18:00:00",4.98216666666667,3.05677098333333,7.36266666666667,4.53266666666667,54.0785,0.04099793805,264.062166666667,7.60966666666667,24.48,40.9116666666666,60,"ok",TRUE
"MOD-00562","2026-08-06 19:00:00",4.621,2.73978453333333,7.12833333333333,4.23683333333333,54.4145,0.04123223085,320.177166666667,9.97666666666667,25.845,40.5416666666667,60,"ok",TRUE
"MOD-00562","2026-08-06 20:00:00",4.37220338983051,2.53633213559322,7.65016949152542,3.93474576271187,54.8259322033898,0.0415191225254237,326.848474576271,9.90525423728813,25.5508474576271,41.228813559322,59,"ok",TRUE
"MOD-00562","2026-08-06 21:00:00",3.83166666666667,2.05487983333333,8.164,3.38166666666667,57.7066666666667,0.0435278586666667,269.295166666667,7.459,21.405,42.7016666666667,60,"ok",TRUE
"MOD-00562","2026-08-06 22:00:00",3.6075,1.85609158333333,7.89133333333333,3.1825,55.59,0.042051907,303.606833333333,9.82766666666667,21.3283333333333,42.7933333333333,60,"ok",TRUE
"MOD-00562","2026-08-06 23:00:00",4.00083333333333,2.88790543333333,12.5021666666667,2.57433333333333,51.5818333333333,0.0392570123833333,312.843833333333,8.97666666666666,20.7266666666667,43.335,60,"ok",TRUE
"MOD-00562","2026-08-07 00:00:00",4.3428813559322,3.54283337288136,19.3827118644068,2.46542372881356,47.8315254237288,0.0366419226779661,344.934406779661,10.5550847457627,21.5966101694915,42.3220338983051,59,"ok",TRUE
"MOD-00562","2026-08-07 01:00:00",5.226,5.10121603333333,22.384,2.40516666666667,44.6316666666667,0.0344106611666667,403.893166666667,12.7625,24.2833333333333,39.995,60,"ok",TRUE
"MOD-00562","2026-08-07 02:00:00",4.23633333333333,3.62579251666666,13.8915,2.60883333333333,42.2921666666667,0.0327793278166667,455.957333333333,20.3706666666667,29.6133333333333,36.7983333333334,60,"ok",TRUE
"MOD-00562","2026-08-07 03:00:00",3.3395,2.4128364,7.40616666666667,2.56616666666667,42.2281666666667,0.0327347006166667,458.5,13.2113333333333,33.0166666666667,34.7266666666667,60,"ok",TRUE
"MOD-00562","2026-08-07 04:00:00",3.22683333333333,2.30374423333333,6.86383333333334,2.5555,42.7233333333333,0.0330799803333333,427.750333333333,9.18616666666667,34.1633333333333,33.8366666666667,60,"ok",TRUE
"MOD-00562","2026-08-07 05:00:00",2.73366666666667,1.99750623333333,8.05833333333334,2.02033333333333,42.1428333333333,0.0326751976833333,392.486833333333,7.04633333333333,33.4216666666667,33.2833333333333,60,"ok",TRUE
"MOD-00562","2026-08-07 06:00:00",2.91,2.15285751666667,6.7075,2.23683333333333,40.6255,0.03161716115,382.3435,6.77716666666667,34.0516666666667,32.625,60,"ok",TRUE
"MOD-00562","2026-08-07 07:00:00",3.27866666666667,2.41838431666667,7.39583333333333,2.682,37.9118333333333,0.0297249213833333,388.788166666667,7.02016666666667,35.79,31.8383333333333,60,"ok",TRUE
"MOD-00562","2026-08-07 08:00:00",3.0965,2.2719309,7.18116666666667,2.55083333333333,38.4551666666667,0.0301037877166667,386.479333333333,6.48116666666667,37.2216666666667,31.1933333333333,60,"ok",TRUE
"MOD-00562","2026-08-07 09:00:00",3.95466666666667,2.93179426666667,7.477,3.43883333333333,29.4575,0.02382971475,428.451333333333,10.3853333333333,45.645,29.8066666666667,60,"ok",TRUE
"MOD-00562","2026-08-07 10:00:00",4.07983333333333,2.95515758333333,6.247,3.68433333333333,31.4436666666667,0.0252146687666667,410.051,7.65833333333333,47.91,29.305,60,"ok",TRUE
"MOD-00562","2026-08-07 11:00:00",4.274,3.14273323333334,6.33466666666666,3.86,30.717,0.0247079641,405.346166666667,6.94383333333333,50.125,28.7033333333333,60,"ok",TRUE
"MOD-00562","2026-08-07 12:00:00",4.11783333333333,3.03615978333333,7.27466666666666,3.6775,31.621,0.0253383233,386.5425,5.75866666666667,50.0933333333333,28.7266666666667,60,"ok",TRUE
"MOD-00562","2026-08-07 13:00:00",4.4025,3.3421447,10.1425,3.79866666666666,34.0066666666667,0.0270018486666667,391.647666666667,5.5305,50.205,29.1066666666667,60,"ok",TRUE
"MOD-00562","2026-08-07 14:00:00",4.20033333333333,3.17314758333333,8.80883333333334,3.45216666666667,39.539,0.0308595447,373.2855,5.732,43.9866666666667,31.6783333333333,60,"ok",TRUE
"MOD-00562","2026-08-07 15:00:00",4.47433333333333,3.20579563333333,10.0176666666667,3.72116666666667,44.5536666666667,0.0343562717666667,319.7735,5.72833333333334,34.825,35.2933333333333,60,"ok",TRUE
"MOD-00562","2026-08-07 16:00:00",4.4275,2.94040313333334,8.58183333333333,3.69633333333333,49.7491666666667,0.0379790939166667,225.798833333333,6.52233333333333,28.4816666666667,39.0366666666667,60,"ok",TRUE
"MOD-00562","2026-08-07 17:00:00",4.15133333333333,2.47051441666667,6.77483333333333,3.48283333333333,53.2096666666667,0.0403921005666667,178.2605,6.351,23.625,42.5233333333333,60,"ok",TRUE
"MOD-00562","2026-08-07 18:00:00",4.65283333333333,2.8137002,8.01016666666667,3.945,55.944,0.0422987512,233.952166666667,6.61833333333333,22.5066666666667,43.6233333333333,60,"ok",TRUE
"MOD-00562","2026-08-07 19:00:00",4.35508474576271,2.6435136779661,9.77254237288136,3.54016949152542,54.6903389830509,0.0414245733728814,252.434576271186,7.21762711864407,21.0983050847458,44.0050847457627,59,"ok",TRUE
"MOD-00562","2026-08-07 20:00:00",4.16483333333333,2.52394111666667,13.6576666666667,3.28966666666667,54.0651666666666,0.0409886407166667,302.930666666667,8.74016666666667,20.6166666666667,44.0866666666667,60,"ok",TRUE
"MOD-00562","2026-08-07 21:00:00",4.47016666666667,2.79782553333333,8.50083333333333,3.46516666666667,53.5028333333333,0.0405965256833333,294.474333333333,8.656,19.3316666666667,45.4216666666667,60,"ok",TRUE
"MOD-00562","2026-08-07 22:00:00",4.09949152542373,2.45466130508475,10.6450847457627,3.12203389830508,50.4533898305085,0.0384701487288136,320.97186440678,9.05491525423729,18.8389830508475,45.8016949152543,59,"ok",TRUE
"MOD-00562","2026-08-07 23:00:00",4.06183333333333,2.68826936666667,9.4455,3.05183333333333,44.6818333333333,0.0344456423833333,409.576333333333,13.8291666666667,21.4366666666667,42.3933333333333,60,"ok",TRUE
"MOD-00562","2026-08-08 00:00:00",4.23016666666667,3.01700013333333,9.52583333333334,3.10366666666667,45.9436666666667,0.0353255187666667,422.8225,11.2356666666667,22.3583333333333,40.8566666666667,60,"ok",TRUE
"MOD-00562","2026-08-08 01:00:00",4.48033333333333,3.44342678333334,13.0551666666667,3.10916666666667,46.0091666666667,0.0353711919166667,424.159833333333,10.9696666666667,23.8566666666667,39.9033333333333,60,"ok",TRUE
"MOD-00562","2026-08-08 02:00:00",4.55033333333333,3.70155555,14.6858333333333,3.0635,44.1255,0.03405771115,441.219666666667,11.7491666666667,25.51,38.0883333333333,60,"ok",TRUE
"MOD-00562","2026-08-08 03:00:00",5.11016666666667,4.22397126666666,13.6528333333333,3.62083333333333,42.2778333333333,0.0327693331833333,453.2505,10.8538333333333,26.885,36.8416666666667,60,"ok",TRUE
"MOD-00562","2026-08-08 04:00:00",8.40183333333334,6.8653183,37.0575,6.82783333333333,44.4791666666667,0.0343043229166667,424.580666666667,11.0781666666667,28.62,35.0166666666667,60,"ok",TRUE
"MOD-00562","2026-08-08 05:00:00",8.36733333333333,6.27202141666666,12.8205,7.89183333333333,47.5133333333333,0.0364200473333333,401.346666666667,9.69833333333333,28.0416666666667,32.7083333333333,60,"ok",TRUE
"MOD-00562","2026-08-08 06:00:00",5.959,4.2560879,7.086,5.69416666666667,47.0025,0.03606384325,370.097833333333,8.66583333333333,28.0716666666667,32.7616666666667,60,"ok",TRUE
"MOD-00562","2026-08-08 07:00:00",6.78083333333333,4.94303676666666,8.86483333333334,6.4485,47.6395,0.03650802335,359.375333333333,8.101,26.5166666666667,32.935,60,"ok",TRUE
"MOD-00562","2026-08-08 08:00:00",8.202,6.75063158333333,15.6348333333333,6.94633333333333,45.9498333333333,0.0353298187833333,365.6365,8.6755,28.1283333333333,32.5516666666667,60,"ok",TRUE
"MOD-00562","2026-08-08 09:00:00",14.1221666666667,14.4626425666667,36.3108333333333,8.75766666666667,45.5658333333334,0.0350620555833333,405.046833333333,13.1323333333333,33.3116666666667,31.91,60,"ok",TRUE
"MOD-00562","2026-08-08 10:00:00",13.6541666666667,13.39798975,24.8836666666667,9.34333333333333,45.6263333333333,0.0351042422333333,420.204333333333,12.9858333333333,36.9566666666667,30.485,60,"ok",TRUE
"MOD-00562","2026-08-08 11:00:00",13.7875,14.3642203166667,26.1366666666667,8.42816666666667,44.1325,0.03406259225,426.616333333333,10.9766666666667,41.4183333333333,29.2133333333333,60,"ok",TRUE
"MOD-00562","2026-08-08 12:00:00",9.29333333333333,8.74915026666667,15.2686666666667,6.76516666666666,44.0601666666667,0.0340121542166667,393.352666666667,7.01366666666667,39.595,28.9316666666667,60,"ok",TRUE
"MOD-00562","2026-08-08 13:00:00",7.74116666666667,7.15075463333333,13.6401666666667,5.66433333333333,44.5136666666667,0.0343283797666667,382.760666666667,5.96666666666667,37.55,29.8233333333333,60,"ok",TRUE
"MOD-00562","2026-08-08 14:00:00",7.656,6.5709837,14.54,5.99683333333333,45.3888333333333,0.0349386334833333,349.0245,6.05116666666667,32.345,32.9533333333333,60,"ok",TRUE
"MOD-00562","2026-08-08 15:00:00",5.75716666666667,4.16554688333333,7.812,5.07,49.8635,0.03805881855,277.773166666667,6.12416666666667,26.2733333333333,36.425,60,"ok",TRUE
"MOD-00562","2026-08-08 16:00:00",5.46083333333333,3.60178438333333,6.99933333333333,4.92966666666667,53.3956666666666,0.0405217983666667,240.680833333333,6.18333333333333,22.4666666666667,39.7783333333333,60,"ok",TRUE
"MOD-00562","2026-08-08 17:00:00",6.446,4.20578276666666,7.44966666666667,5.825,58.5236666666667,0.0440975527666667,186.729166666667,5.774,18.3516666666667,43.3716666666667,60,"ok",TRUE
"MOD-00562","2026-08-08 18:00:00",7.11774193548387,4.64480141935484,9.56290322580645,6.50774193548387,58.7945161290323,0.0442864160967742,214.412258064516,6.68741935483871,17.4451612903226,44.3548387096774,31,"ok",FALSE
"MOD-00563","2026-07-30 00:00:00",2.56,1.9025299,8.40266666666667,2.03866666666667,38.9468333333333,0.0373367179666667,539.2155,27.0923333333333,20.4,42.675,60,"ok",TRUE
"MOD-00563","2026-07-30 01:00:00",2.527,2.0113564,7.26316666666667,2.02016666666667,37.3411666666667,0.0361745364333333,601.297166666667,30.0148333333333,23.44,39.3216666666667,60,"ok",TRUE
"MOD-00563","2026-07-30 02:00:00",2.84966666666667,2.5218861,11.9943333333333,2.09316666666667,35.062,0.0345248756,589.535166666667,38.5948333333333,25.1233333333333,37.82,60,"ok",TRUE
"MOD-00563","2026-07-30 03:00:00",4.51066666666667,4.68584493333333,28.9421666666667,2.77966666666667,26.0256666666667,0.0279843775333333,638.72,38.4755,27.8883333333333,36.045,60,"ok",TRUE
"MOD-00563","2026-07-30 04:00:00",3.81033333333333,3.42526273333333,14.1831666666667,2.96933333333333,29.8913333333333,0.0307823470666667,602.4885,23.9973333333333,30.3033333333333,35.0983333333333,60,"ok",TRUE
"MOD-00563","2026-07-30 05:00:00",5.95983333333333,5.30915721666667,21.0185,4.92983333333333,26.9616666666667,0.0286618543333333,573.297833333333,11.7985,31.8283333333333,34.1166666666667,60,"ok",TRUE
"MOD-00563","2026-07-30 06:00:00",3.26933333333333,3.26065833333333,14.4996666666667,2.21883333333333,25.5578333333333,0.0276457597666667,525.178166666667,8.3235,32.3183333333333,33.135,60,"ok",TRUE
"MOD-00563","2026-07-30 07:00:00",3.25033333333333,3.16277276666667,12.4496666666667,2.34433333333333,24.0421666666667,0.0265487202333333,519.690166666667,9.1485,33.965,32.0183333333333,60,"ok",TRUE
"MOD-00563","2026-07-30 08:00:00",3.50783333333333,3.48362855,12.0216666666667,2.52966666666667,22.281,0.0252739878,509.318,7.83833333333334,35.7083333333333,30.7866666666666,60,"ok",TRUE
"MOD-00563","2026-07-30 09:00:00",3.6845,3.70628951666667,12.96,2.6115,22.8143333333333,0.0256600144666667,502.424166666667,7.5725,36.6783333333333,30.5216666666667,60,"ok",TRUE
"MOD-00563","2026-07-30 10:00:00",3.98966666666667,3.95174943333333,15.3538333333333,2.877,21.532,0.0247318616,514.2555,8.20433333333333,39.6416666666667,29.935,60,"ok",TRUE
"MOD-00563","2026-07-30 11:00:00",3.61566666666667,3.67846566666667,14.949,2.47916666666667,19.1483333333333,0.0230065636666667,523.9995,6.96716666666667,41.4333333333333,29.3516666666667,60,"ok",TRUE
"MOD-00563","2026-07-30 12:00:00",3.96566666666667,3.98852226666667,17.5541666666667,2.78016666666667,18.4268333333333,0.0224843419666667,536.6505,6.4415,42.775,28.87,60,"ok",TRUE
"MOD-00563","2026-07-30 13:00:00",4.06583333333333,4.19230638333333,22.6903333333333,2.67233333333333,18.9518333333333,0.0228643369666667,549.392666666667,5.7905,42.475,29.435,60,"ok",TRUE
"MOD-00563","2026-07-30 14:00:00",3.9875,3.98332091666667,25.6878333333333,2.6405,28.5063333333333,0.0297798840666667,507.894166666667,5.568,38.2666666666667,31.995,60,"ok",TRUE
"MOD-00563","2026-07-30 15:00:00",6.12933333333333,5.4138456,15.3416666666667,5.0605,35.7265,0.0350058407,386.6505,6.42566666666667,30.32,36.7066666666667,60,"ok",TRUE
"MOD-00563","2026-07-30 16:00:00",3.80783333333333,3.22144891666666,12.5723333333333,2.93383333333333,39.1831666666667,0.0375077760333333,230.943,5.3945,21.8316666666667,41.995,60,"ok",TRUE
"MOD-00563","2026-07-30 17:00:00",4.20983050847458,3.59265010169491,12.6191525423729,3.17576271186441,40.3586440677966,0.0383585865762712,156.790338983051,6.0806779661017,17.0813559322034,45.2627118644068,59,"ok",TRUE
"MOD-00563","2026-07-30 18:00:00",4.33416666666667,3.67647585,17.9698333333333,3.218,41.8088333333333,0.0394082335666667,249.641666666667,12.61,16.155,46.3366666666667,60,"ok",TRUE
"MOD-00563","2026-07-30 19:00:00",4.36416666666667,3.65140428333334,12.2613333333333,3.34183333333333,43.2273333333333,0.0404349438666667,339.337666666667,14.2725,15.8933333333333,46.6433333333333,60,"ok",TRUE
"MOD-00563","2026-07-30 20:00:00",3.67883333333333,2.96565095,10.8721666666667,2.79983333333333,43.1133333333333,0.0403524306666667,378.041,14.261,15.3666666666667,46.9533333333333,60,"ok",TRUE
"MOD-00563","2026-07-30 21:00:00",3.19406779661017,2.45206876271186,10.971186440678,2.4735593220339,41.3,0.03903994,383.086271186441,13.1805084745763,14.4949152542373,46.6949152542373,59,"ok",TRUE
"MOD-00563","2026-07-30 22:00:00",2.96,2.29211386666667,7.2565,2.25083333333333,41.85,0.03943803,400.615833333333,12.999,13.93,46.76,60,"ok",TRUE
"MOD-00563","2026-07-30 23:00:00",2.8715,2.10382228333333,7.88516666666667,2.2595,42.0073333333333,0.0395519078666667,420.1065,13.0128333333333,13.6683333333333,47.1716666666667,60,"ok",TRUE
"MOD-00563","2026-07-31 00:00:00",2.40166666666667,1.78488906666666,8.8275,1.8255,38.0075,0.0366568285,496.035,25.3948333333333,14.99,44.9516666666667,60,"ok",TRUE
"MOD-00563","2026-07-31 01:00:00",2.4871186440678,2.21037681355932,6.67338983050847,1.71779661016949,35.1586440677966,0.0345948265762712,577.718305084746,35.5340677966102,17.7474576271186,41.4203389830508,59,"ok",TRUE
"MOD-00563","2026-07-31 02:00:00",2.59183333333333,2.40532391666667,9.44316666666667,1.777,33.7508333333333,0.0335758531666667,581.531833333333,34.1595,19.6133333333333,39.23,60,"ok",TRUE
"MOD-00563","2026-07-31 03:00:00",2.66816666666667,2.53298415,10.1425,1.87283333333333,33.4758333333333,0.0333768081666667,582.579666666667,33.0565,21.4733333333333,37.0733333333333,60,"ok",TRUE
"MOD-00563","2026-07-31 04:00:00",3.01533333333333,2.89626723333333,13.0821666666667,2.15533333333333,32.8091666666667,0.0328942748333333,573.030833333333,18.576,22.6583333333333,35.8666666666667,60,"ok",TRUE
"MOD-00563","2026-07-31 05:00:00",4.42733333333333,4.46895726666667,21.4435,3.05833333333333,24.0065,0.0265229047,631.453833333333,13.8551666666667,24.4983333333333,34.8616666666667,60,"ok",TRUE
"MOD-00563","2026-07-31 06:00:00",3.14433333333333,3.21806383333333,17.9588333333333,2.048,27.6013333333333,0.0291248450666667,564.244833333333,17.866,26.3683333333333,34.0816666666667,60,"ok",TRUE
"MOD-00563","2026-07-31 07:00:00",2.47966666666667,2.48054613333333,15.6703333333333,1.54366666666667,32.705,0.032818879,610.184,51.0925,34.91,32.7583333333333,60,"ok",TRUE
"MOD-00563","2026-07-31 08:00:00",2.32866666666667,2.08606586666667,9.24566666666666,1.77033333333333,31.4273333333333,0.0318941038666667,596.570166666667,42.1971666666667,38.9333333333333,31.0966666666667,60,"ok",TRUE
"MOD-00563","2026-07-31 09:00:00",2.28683333333333,2.01519688333333,5.47633333333333,1.80316666666667,30.6623333333333,0.0313403968666667,586.9665,26.4306666666667,43.7566666666667,29.6766666666667,60,"ok",TRUE
"MOD-00563","2026-07-31 10:00:00",2.484,2.2478883,7.23716666666666,1.922,29.7971666666667,0.0307141892333333,554.4115,10.1616666666667,43.7916666666667,29.3966666666667,60,"ok",TRUE
"MOD-00563","2026-07-31 11:00:00",2.43216666666667,2.20878861666666,7.09216666666667,1.884,23.7658333333333,0.0263487101666667,556.924,8.29266666666667,45.5516666666667,28.615,60,"ok",TRUE
"MOD-00563","2026-07-31 12:00:00",2.7745,2.52861111666667,11.4196666666667,2.16133333333333,21.155,0.024458989,565.046666666667,6.876,46.8416666666667,27.855,60,"ok",TRUE
"MOD-00563","2026-07-31 13:00:00",2.632,2.43167873333333,11.6888333333333,1.9595,25.41,0.027538758,554.461666666667,5.536,45.31,28.9366666666667,60,"ok",TRUE
"MOD-00563","2026-07-31 14:00:00",2.6445,2.24432685,10.5266666666667,2.06566666666667,37.941,0.0366086958,453.283666666666,6.0755,34.83,34.1666666666667,60,"ok",TRUE
"MOD-00563","2026-07-31 15:00:00",2.36733333333333,1.83394566666667,7.03083333333333,1.83733333333333,41.2526666666666,0.0390056801333333,276.108333333333,6.112,24.7716666666667,40.2016666666667,60,"ok",TRUE
"MOD-00563","2026-07-31 16:00:00",3.00321428571429,2.58128178571429,13.26125,2.06607142857143,41.1408928571428,0.03892477825,209.149285714286,5.98214285714286,20.0517857142857,43.2857142857143,56,"ok",TRUE
"MOD-00563","2026-07-31 17:00:00",3.71516666666667,3.20304528333333,19.3691666666667,2.62416666666667,42.0205,0.0395614379,262.7965,7.2465,17.7233333333333,44.745,60,"ok",TRUE
"MOD-00563","2026-07-31 18:00:00",3.6435593220339,3.1302116779661,17.6562711864407,2.54457627118644,42.7115254237288,0.0400616021016949,246.587457627119,9.63915254237288,15.1966101694915,46.1728813559322,59,"ok",TRUE
"MOD-00563","2026-07-31 19:00:00",3.25266666666667,2.65789786666667,14.3588333333333,2.34616666666667,41.2435,0.0389990453,293.287,12.8516666666667,14.2916666666667,46.5183333333333,60,"ok",TRUE
"MOD-00563","2026-07-31 20:00:00",3.0985,2.48586398333334,13.6713333333333,2.2485,40.538,0.0384884044,350.418166666667,11.2871666666667,14.035,46.5983333333333,60,"ok",TRUE
"MOD-00563","2026-07-31 21:00:00",3.14316666666667,2.63583491666667,13.6856666666667,2.1825,40.0981666666667,0.0381700530333333,393.651833333333,13.1195,13.8616666666667,46.4883333333334,60,"ok",TRUE
"MOD-00563","2026-07-31 22:00:00",3.33067796610169,2.88454537288136,19.2072881355932,2.22491525423729,40.215593220339,0.0382550463728814,444.270508474576,15.2337288135593,13.9762711864407,46.2694915254237,59,"ok",TRUE
"MOD-00563","2026-07-31 23:00:00",3.28266666666667,2.91845153333333,24.1576666666667,2.04483333333333,41.3868333333333,0.0391027899666667,452.154,14.7583333333333,13.8866666666667,46.4166666666667,60,"ok",TRUE
"MOD-00563","2026-08-01 00:00:00",3.533,3.36078736666667,21.3946666666667,2.1065,41.6036666666667,0.0392597339333333,482.423166666667,18.4445,14.155,45.705,60,"ok",TRUE
"MOD-00563","2026-08-01 01:00:00",3.77508474576271,3.61053961016949,28.8883050847458,2.34762711864407,39.5227118644068,0.0377535388474576,543.390508474576,27.9542372881356,15.3254237288136,43.2033898305085,59,"ok",TRUE
"MOD-00563","2026-08-01 02:00:00",3.79483333333333,3.84113625,21.4346666666667,2.38266666666667,35.7918333333333,0.0350531289666667,603.350333333333,35.7173333333333,17.7533333333333,39.6483333333333,60,"ok",TRUE
"MOD-00563","2026-08-01 03:00:00",4.22716666666667,4.38349891666667,23.9518333333333,2.67866666666667,32.5343333333333,0.0326953504666667,660.76,35.1755,20.1466666666667,37.4033333333333,60,"ok",TRUE
"MOD-00563","2026-08-01 04:00:00",3.971,4.19596183333334,28.5268333333333,2.4075,32.0441666666667,0.0323405678333333,605.532166666667,27.8351666666667,21.415,36.1883333333333,60,"ok",TRUE
"MOD-00563","2026-08-01 05:00:00",4.30666666666667,4.53565456666667,25.7323333333333,2.7215,27.0148333333333,0.0287003363666667,619.4485,14.7385,22.6083333333333,35.4433333333333,60,"ok",TRUE
"MOD-00563","2026-08-01 06:00:00",5.03016666666667,5.18087965,30.9493333333333,3.36883333333333,25.5151666666667,0.0276148776333333,621.344333333333,12.4733333333333,23.9766666666667,34.3983333333333,60,"ok",TRUE
"MOD-00563","2026-08-01 07:00:00",4.78083333333333,5.25432325,31.8891666666667,2.87833333333333,21.7481666666667,0.0248883230333333,608.668666666667,12.045,26.3666666666667,32.7116666666667,60,"ok",TRUE
"MOD-00563","2026-08-01 08:00:00",4.227,4.7551804,28.7596666666667,2.462,19.7381666666667,0.0234334850333333,591.659833333333,10.2388333333333,28.7266666666667,31.125,60,"ok",TRUE
"MOD-00563","2026-08-01 09:00:00",3.899,4.3640109,24.9401666666667,2.33683333333333,21.8731666666667,0.0249787980333333,556.5995,9.226,30.1633333333333,30.15,60,"ok",TRUE
"MOD-00563","2026-08-01 10:00:00",3.58466666666667,4.04341633333333,24.2153333333333,2.09016666666667,20.856,0.0242425728,544.4545,8.22916666666666,31.57,29.89,60,"ok",TRUE
"MOD-00563","2026-08-01 11:00:00",3.43716666666667,3.86074388333334,22.8585,2.00633333333333,22.1001666666667,0.0251431006333333,530.770666666667,7.05616666666666,32.135,29.9966666666667,60,"ok",TRUE
"MOD-00563","2026-08-01 12:00:00",3.23783333333333,3.37029335,18.8385,2.1205,22.024,0.0250879712,573.191166666667,18.1198333333333,37.1933333333333,29.7116666666667,60,"ok",TRUE
"MOD-00563","2026-08-01 13:00:00",3.06583333333333,3.32119441666667,16.8073333333333,1.8735,23.5403333333333,0.0261854932666667,568.419333333333,7.11416666666666,36.335,29.9633333333333,60,"ok",TRUE
"MOD-00563","2026-08-01 14:00:00",3.60816666666667,3.89911118333333,19.6145,2.17566666666667,25.3411666666667,0.0274889364333333,529.917666666667,6.22016666666667,35.8116666666667,31.2166666666667,60,"ok",TRUE
"MOD-00563","2026-08-01 15:00:00",3.2965,3.25293745,12.4246666666667,2.24,35.126,0.0345711988,464.9355,6.11483333333334,29.5016666666667,34.935,60,"ok",TRUE
"MOD-00563","2026-08-01 16:00:00",2.25233333333333,1.9416112,7.474,1.61983333333333,39.8261666666667,0.0379731794333333,362.914666666667,6.2985,24.14,38.4916666666667,60,"ok",TRUE
"MOD-00563","2026-08-01 17:00:00",2.5965,1.91828408333333,9.50466666666667,1.97683333333333,45.1973333333333,0.0418608298666667,210.840333333333,6.31,18.42,44.9716666666667,60,"ok",TRUE
"MOD-00563","2026-08-01 18:00:00",2.37766666666667,1.6055102,7.45466666666667,1.83033333333333,47.187,0.0433009506,128.727833333333,7.86516666666667,14.73,47.5916666666667,60,"ok",TRUE
"MOD-00563","2026-08-01 19:00:00",2.52366666666667,1.77428633333333,5.08316666666666,2.00383333333333,45.6335,0.0421765273,299.855333333333,14.2383333333333,14.6816666666667,46.6366666666667,60,"ok",TRUE
"MOD-00563","2026-08-01 20:00:00",3.03881355932203,2.37526798305085,12.6457627118644,2.27305084745763,44.4140677966102,0.0412939022711864,420.746271186441,20.9503389830508,15.5966101694915,45.9915254237288,59,"ok",TRUE
"MOD-00563","2026-08-01 21:00:00",3.12283333333333,2.45271095,11.5763333333333,2.35133333333333,45.187,0.0418533506,353.424333333333,14.1536666666667,13.3983333333333,46.7483333333333,60,"ok",TRUE
"MOD-00563","2026-08-01 22:00:00",2.8605,2.19873988333333,12.3215,2.09166666666667,45.0745,0.0417719231,364.5585,13.6315,12.76,47.5116666666666,60,"ok",TRUE
"MOD-00563","2026-08-01 23:00:00",2.7506779661017,2.09570347457627,11.6740677966102,1.97661016949152,44.2676271186441,0.0411879085084746,358.114915254237,14.2169491525424,11.9677966101695,48.1915254237288,59,"ok",TRUE
"MOD-00563","2026-08-02 00:00:00",2.73216666666667,2.18305458333333,9.02416666666667,1.96716666666667,40.6383333333333,0.0385610256666667,453.377166666667,15.4638333333333,12.6683333333333,46.4566666666667,60,"ok",TRUE
"MOD-00563","2026-08-02 01:00:00",2.728,2.3433982,8.02916666666667,1.9545,37.2915,0.0361385877,525.729,25.6065,13.9916666666667,43.4783333333333,60,"ok",TRUE
"MOD-00563","2026-08-02 02:00:00",2.95533333333333,2.81185096666666,11.6985,2.0245,33.5565,0.0334351947,591.149166666667,34.4693333333333,16.5166666666667,39.7383333333334,60,"ok",TRUE
"MOD-00563","2026-08-02 03:00:00",3.92116666666667,3.77790021666667,18.0816666666667,2.82966666666667,28.8998333333333,0.0300646993666667,692.324166666667,35.5515,19.03,37.3716666666667,60,"ok",TRUE
"MOD-00563","2026-08-02 04:00:00",3.73866666666667,3.79589103333333,18.5495,2.514,25.3576666666667,0.0275008791333333,676.476166666667,28.5556666666667,22.6783333333333,35.5133333333333,60,"ok",TRUE
"MOD-00563","2026-08-02 05:00:00",9.4125,13.3776115166667,72.4728333333333,2.41416666666667,26.08,0.028023704,681.356,26.363,27.12,33.8066666666666,60,"ok",TRUE
"MOD-00563","2026-08-02 06:00:00",15.0603333333333,22.2397296333333,121.564333333333,3.08533333333333,28.5326666666667,0.0297989441333333,593.998166666667,14.0243333333333,26.715,33.335,60,"ok",TRUE
"MOD-00563","2026-08-02 07:00:00",3.2185,3.45967161666667,17.2336666666667,1.97716666666667,27.1168333333333,0.0287741639666667,593.393833333333,11.8631666666667,29.4483333333333,32.5,60,"ok",TRUE
"MOD-00563","2026-08-02 08:00:00",9.444,13.5534077333333,82.749,2.23216666666667,28.3736666666667,0.0296838599333333,551.370166666667,11.5883333333333,29.73,32.2766666666667,60,"ok",TRUE
"MOD-00563","2026-08-02 09:00:00",8.10383333333333,11.65347755,58.6501666666667,1.95716666666667,31.9868333333333,0.0322990699666667,538.849666666667,9.96566666666666,31.4683333333333,32.2733333333333,60,"ok",TRUE
"MOD-00563","2026-08-02 10:00:00",4.77716666666667,6.41475111666667,25.2675,1.65033333333333,33.7808333333333,0.0335975671666667,507.6435,8.454,31.7316666666667,32.1216666666667,60,"ok",TRUE
"MOD-00563","2026-08-02 11:00:00",4.73216666666667,6.16555055,27.3375,1.83566666666667,29.1491666666667,0.0302451668333333,503.862833333333,8.85766666666667,33,31.3133333333333,60,"ok",TRUE
"MOD-00563","2026-08-02 12:00:00",4.9195,6.00130985,29.9906666666667,2.35,25.9458333333333,0.0279265941666667,535.112333333333,11.5298333333333,36.7566666666667,29.8683333333333,60,"ok",TRUE
"MOD-00563","2026-08-02 13:00:00",4.28383333333333,5.24970438333333,24.399,2.01166666666667,28.3921666666667,0.0296972502333333,538.4815,7.7925,36.8133333333333,29.9833333333333,60,"ok",TRUE
"MOD-00563","2026-08-02 14:00:00",4.0205,4.50830075,24.2628333333333,2.1735,36.3103333333333,0.0354284192666667,474.882833333334,6.04216666666666,31.0833333333333,33.9316666666667,60,"ok",TRUE
"MOD-00563","2026-08-02 15:00:00",4.91933333333333,5.84057613333333,30.103,2.20816666666667,39.6308333333333,0.0378317971666667,348.136166666667,6.5115,24.6533333333333,38.6566666666667,60,"ok",TRUE
"MOD-00563","2026-08-02 16:00:00",5.1745,6.10205561666666,33.474,2.31783333333333,39.626,0.0378282988,361.118166666667,7.24766666666666,23.52,39.905,60,"ok",TRUE
"MOD-00563","2026-08-02 17:00:00",4.60084745762712,5.11585788135593,27.3372881355932,2.23135593220339,40.9701694915254,0.0388012086779661,372.000169491525,9.01525423728813,22.6762711864407,42.2271186440678,59,"ok",TRUE
"MOD-00563","2026-08-02 18:00:00",4.87366666666667,5.40575986666667,21.2058333333333,2.36766666666667,44.5061666666667,0.0413605634333333,236.321833333333,6.0125,17.7266666666667,45.755,60,"ok",TRUE
"MOD-00563","2026-08-02 19:00:00",4.106,3.95710696666667,17.7546666666667,2.5415,41.5706666666667,0.0392358485333333,344.659166666667,20.156,18.66,44.9116666666667,60,"ok",TRUE
"MOD-00563","2026-08-02 20:00:00",3.666,2.9546834,13.2146666666667,2.83683333333333,41.8578333333333,0.0394436997666667,425.8455,18.908,18.7033333333333,44.7566666666667,60,"ok",TRUE
"MOD-00563","2026-08-02 21:00:00",3.39491525423729,2.63315501694915,9.74491525423729,2.67576271186441,42.4764406779661,0.0398914477627119,340.199152542373,12.4627118644068,16.4762711864407,45.9508474576271,59,"ok",TRUE
"MOD-00563","2026-08-02 22:00:00",3.00966666666667,2.35196993333333,8.168,2.282,42.0628333333333,0.0395920787666667,337.934666666667,13.1748333333333,14.9433333333333,46.2716666666667,60,"ok",TRUE
"MOD-00563","2026-08-02 23:00:00",2.85366666666667,2.17030743333333,7.28783333333334,2.16616666666667,42.7683333333333,0.0401027196666667,371.0885,13.3615,14.45,46.87,60,"ok",TRUE
"MOD-00563","2026-08-03 00:00:00",2.6195,1.96763471666667,9.9405,1.97416666666667,40.585,0.038522423,394.3415,13.086,13.8816666666667,46.14,60,"ok",TRUE
"MOD-00563","2026-08-03 01:00:00",2.68271186440678,2.15764301694915,10.8474576271186,2.00576271186441,37.2042372881356,0.0360754269491525,483.695593220339,24.2281355932203,15.206779661017,43.6762711864407,59,"ok",TRUE
"MOD-00563","2026-08-03 02:00:00",3.048,2.75341726666667,15.228,2.182,34.6671666666667,0.0342390952333333,573.317,35.5141666666667,18.0583333333333,39.975,60,"ok",TRUE
"MOD-00563","2026-08-03 03:00:00",4.01966666666667,3.67540653333334,17.2568333333333,3.091,32.2166666666667,0.0324654233333333,642.645,34.111,20.1566666666667,37.6616666666667,60,"ok",TRUE
"MOD-00563","2026-08-03 04:00:00",4.45616666666667,4.16231941666667,18.8693333333333,3.42016666666667,29.003,0.0301393714,653.430666666667,27.5496666666667,21.6766666666667,36.3766666666667,60,"ok",TRUE
"MOD-00563","2026-08-03 05:00:00",5.028,4.89722446666666,25.2046666666667,3.65683333333333,27.5435,0.0290829853,615.850666666667,14.1748333333333,22.9866666666667,35.75,60,"ok",TRUE
"MOD-00563","2026-08-03 06:00:00",3.93283333333333,3.98654138333333,20.8418333333333,2.6695,28.4245,0.0297206531,570.771666666666,12.0876666666667,24.2783333333333,34.7166666666667,60,"ok",TRUE
"MOD-00563","2026-08-03 07:00:00",3.13166666666667,3.13579376666667,15.1883333333333,2.11866666666667,26.2233333333333,0.0281274486666667,579.207833333333,22.6533333333333,27.6916666666667,34.015,60,"ok",TRUE
"MOD-00563","2026-08-03 08:00:00",3.13666666666667,3.00499496666667,13.1855,2.258,26.0105,0.0279733999,605.737166666667,20.2991666666667,32.145,33.1466666666667,60,"ok",TRUE
"MOD-00563","2026-08-03 09:00:00",3.49433333333333,3.33342756666667,12.2681666666667,2.60166666666667,24.6643333333333,0.0269990444666667,591.503,14.782,34.9866666666667,31.99,60,"ok",TRUE
"MOD-00563","2026-08-03 10:00:00",3.3975,3.29074491666667,11.8993333333333,2.49483333333333,23.3316666666667,0.0260344603333333,576.147333333333,10.1503333333333,36.9233333333333,31.0116666666667,60,"ok",TRUE
"MOD-00563","2026-08-03 11:00:00",3.158,3.12615703333333,10.0068333333333,2.25183333333333,22.5273333333333,0.0254522838666667,566.768333333334,7.39516666666667,38.0916666666667,30.5166666666667,60,"ok",TRUE
"MOD-00563","2026-08-03 12:00:00",3.29383333333333,3.25080761666667,11.9145,2.335,22.379,0.0253449202,560.291333333333,7.6515,40.1116666666667,30.2233333333333,60,"ok",TRUE
"MOD-00563","2026-08-03 13:00:00",3.47883333333333,3.40274325,12.885,2.46383333333333,26.7071666666667,0.0284776472333333,554.970666666666,6.13083333333334,39.695,31.0866666666667,60,"ok",TRUE
"MOD-00563","2026-08-03 14:00:00",3.36383333333333,3.38766665,14.7178333333333,2.16733333333333,32.7145,0.0328257551,493.2035,5.7995,35.8783333333333,33.585,60,"ok",TRUE
"MOD-00563","2026-08-03 15:00:00",3.6105,3.51842278333334,14.9688333333333,2.35733333333333,36.8143333333333,0.0357932144666667,378.983,6.82333333333333,28.5266666666667,37.8933333333333,60,"ok",TRUE
"MOD-00563","2026-08-03 16:00:00",4.589,4.52055623333334,27.1925,2.8895,38.4746666666667,0.0369949637333333,319.545333333333,6.0475,23.9566666666667,41.0066666666667,60,"ok",TRUE
"MOD-00563","2026-08-03 17:00:00",4.3965,4.10116241666667,17.6153333333333,2.84533333333333,44.1541666666667,0.0411057858333333,146.106,6.14483333333333,17.7033333333333,46.5983333333333,60,"ok",TRUE
"MOD-00563","2026-08-03 18:00:00",3.838,3.32521513333334,12.7508333333333,2.66066666666667,43.6081666666667,0.0407105910333333,212.368166666667,10.29,16.4583333333333,47.235,60,"ok",TRUE
"MOD-00563","2026-08-03 19:00:00",4.42898305084746,3.93426008474576,18.5516949152542,3.20186440677966,39.0027118644068,0.0373771628474576,485.368813559322,20.6506779661017,21.4762711864407,43.3152542372881,59,"ok",TRUE
"MOD-00563","2026-08-03 20:00:00",4.20133333333333,3.7165355,16.2768333333333,3.12116666666667,40.1391666666667,0.0381997288333333,537.238166666667,17.2128333333333,20.615,42.08,60,"ok",TRUE
"MOD-00563","2026-08-03 21:00:00",3.6455,3.15541318333333,9.81266666666666,2.68816666666667,38.1073333333333,0.0367290878666667,347.686333333333,9.908,16.7816666666667,44.19,60,"ok",TRUE
"MOD-00563","2026-08-03 22:00:00",3.615,3.08065223333333,15.4623333333333,2.62983333333333,38.598,0.0370842324,347.277833333333,13.517,15.5466666666667,44.99,60,"ok",TRUE
"MOD-00563","2026-08-03 23:00:00",3.2335593220339,2.86578654237288,15.6020338983051,2.28779661016949,36.1625423728814,0.0353214481694915,440.165254237288,22.8883050847458,16.3491525423729,42.4203389830509,59,"ok",TRUE
"MOD-00563","2026-08-04 00:00:00",3.34116666666667,2.90316665,9.81066666666666,2.466,37.7448333333333,0.0364667103666667,406.621166666667,18.7331666666667,15.2783333333333,43.375,60,"ok",TRUE
"MOD-00563","2026-08-04 01:00:00",3.9315,3.51155325,37.5495,2.77033333333333,32.8805,0.0329459059,571.829,32.473,20.2316666666667,39.8633333333333,60,"ok",TRUE
"MOD-00563","2026-08-04 02:00:00",5.17733333333333,5.16856758079096,31.4318644067797,3.487,18.4946666666667,0.0225334397333333,782.223833333334,93.7581666666667,43.755,31.225,60,"ok",TRUE
"MOD-00563","2026-08-04 03:00:00",2.638,2.43680636666667,6.33716666666667,1.98483333333333,20.0786666666667,0.0236799389333333,768.022833333334,63.637,54.7616666666667,26.66,60,"ok",TRUE
"MOD-00563","2026-08-04 04:00:00",1.72416666666667,1.46567901666667,4.27466666666667,1.39066666666667,24.5188333333333,0.0268937315666667,643.274166666667,15.3705,51.4,26.7533333333333,60,"ok",TRUE
"MOD-00563","2026-08-04 05:00:00",2.06866666666667,1.80056513333333,4.14266666666667,1.63283333333333,23.9115,0.0264541437,595.7555,11.5925,54.7616666666667,26.4883333333333,60,"ok",TRUE
"MOD-00563","2026-08-04 06:00:00",1.5595,1.27853195,3.35083333333333,1.26266666666667,23.7038333333333,0.0263038345666667,542.582166666667,9.17933333333334,56.4716666666667,25.7316666666667,60,"ok",TRUE
"MOD-00563","2026-08-04 07:00:00",1.4,1.15415313333333,2.734,1.10033333333333,23.969,0.0264957622,511.73,8.5155,58.5183333333333,25.1883333333333,60,"ok",TRUE
"MOD-00563","2026-08-04 08:00:00",1.6185,1.30160161666667,4.19933333333333,1.31233333333333,22.277,0.0252710926,495.848666666666,8.07849999999999,60.8533333333334,24.8783333333333,60,"ok",TRUE
"MOD-00563","2026-08-04 09:00:00",1.84466666666667,1.50075283333333,4.0025,1.498,20.0751666666667,0.0236774056333333,498.336833333333,7.35466666666666,63.3733333333333,24.5483333333333,60,"ok",TRUE
"MOD-00563","2026-08-04 10:00:00",1.9845,1.56317935,4.38966666666667,1.67183333333333,18.603,0.0226118514,485.442166666667,5.99083333333333,63.3133333333334,24.8283333333333,60,"ok",TRUE
"MOD-00563","2026-08-04 11:00:00",2.23566666666667,1.78594726666666,4.65766666666667,1.9125,18.962,0.0228716956,472.373333333333,5.51916666666667,63.4066666666667,24.585,60,"ok",TRUE
"MOD-00563","2026-08-04 12:00:00",1.78016666666667,1.43182058333333,3.7645,1.4615,20.9025,0.0242762295,458.821,5.3915,62.2333333333334,24.755,60,"ok",TRUE
"MOD-00563","2026-08-04 13:00:00",2.01866666666667,1.66212963333333,6.9355,1.61416666666667,21.7883333333333,0.0249173956666667,482.965833333333,4.96633333333333,58.7216666666667,26.06,60,"ok",TRUE
"MOD-00563","2026-08-04 14:00:00",2.00783333333333,1.61622225,10.6865,1.56216666666667,31.3388333333333,0.0318300475666667,445.805666666667,5.82733333333333,47.5916666666667,30.1116666666667,60,"ok",TRUE
"MOD-00563","2026-08-04 15:00:00",1.8085,1.37097698333333,5.6315,1.4775,37.0026666666667,0.0359295301333333,341.066833333333,5.91166666666667,37.7366666666667,33.4366666666667,60,"ok",TRUE
"MOD-00563","2026-08-04 16:00:00",2.316,1.79185386666667,8.56983333333334,1.87433333333333,39.8751666666667,0.0380086456333333,251.4285,6.31883333333333,28.2833333333333,37.44,60,"ok",TRUE
"MOD-00563","2026-08-04 17:00:00",1.93316666666667,1.31274428333333,5.3105,1.56833333333333,41.7691666666667,0.0393795228333333,181.8265,6.6315,22.545,41.3866666666667,60,"ok",TRUE
"MOD-00563","2026-08-04 18:00:00",2.865,2.3705875,12.3391666666667,2.0225,42.8126666666667,0.0401348081333333,198.9925,8.04483333333333,19.8316666666667,43.665,60,"ok",TRUE
"MOD-00563","2026-08-04 19:00:00",4.47694915254237,5.03936911864407,29.4784745762712,2.01898305084746,41.9838983050848,0.0395349455932203,276.272033898305,13.8686440677966,18.5627118644068,44.1661016949153,59,"ok",TRUE
"MOD-00563","2026-08-04 20:00:00",4.58333333333333,5.19189933333333,38.407,2.01383333333333,38.6561666666667,0.0371263334333333,338.641833333333,20.3951666666667,17.9166666666667,43.6,60,"ok",TRUE
"MOD-00563","2026-08-04 21:00:00",4.94133333333333,5.85290143333333,38.3255,1.98866666666667,38.3991666666667,0.0369403168333333,402.209666666667,23.8828333333333,18.2783333333333,43.3533333333334,60,"ok",TRUE
"MOD-00563","2026-08-04 22:00:00",4.83169491525424,5.81447144067796,35.1430508474576,1.84966101694915,38.3805084745763,0.0369268120338983,416.923220338983,22.3140677966102,17.8864406779661,43.5915254237288,59,"ok",TRUE
"MOD-00563","2026-08-04 23:00:00",5.60666666666667,6.94016213333334,45.321,1.9775,38.4373333333333,0.0369679418666667,466.414333333333,29.5286666666667,19.0533333333333,43.6,60,"ok",TRUE
"MOD-00563","2026-08-05 00:00:00",4.53666666666667,5.0914046,29.9318333333333,2.141,37.3418333333334,0.0361750189666667,528.434166666667,34.5423333333333,20.93,42.28,60,"ok",TRUE
"MOD-00563","2026-08-05 01:00:00",3.34816666666667,3.25853085,13.0141666666667,2.13683333333333,36.4048333333333,0.0354968183666667,570.503166666667,39.699,23.75,39.7783333333333,60,"ok",TRUE
"MOD-00563","2026-08-05 02:00:00",2.91116666666667,2.77230555,13.0133333333333,1.95383333333333,35.9711666666667,0.0351829304333333,609.193,35.7363333333333,27.8466666666667,36.6583333333333,60,"ok",TRUE
"MOD-00563","2026-08-05 03:00:00",2.70583333333333,2.50908781666667,11.1066666666667,1.903,33.2608333333333,0.0332211911666667,603.179833333333,45.6211666666667,31.2333333333333,35.0916666666667,60,"ok",TRUE
"MOD-00563","2026-08-05 04:00:00",2.6915,2.36157081666667,7.11983333333333,2.053,33.2791666666667,0.0332344608333333,611.723333333333,47.1501666666667,36.0666666666667,33.95,60,"ok",TRUE
"MOD-00563","2026-08-05 05:00:00",2.4405,2.14032885,6.90966666666667,1.842,32.9828333333333,0.0330199747666667,567.5465,27.2991666666667,36.9516666666666,33.375,60,"ok",TRUE
"MOD-00563","2026-08-05 06:00:00",3.16416666666667,3.28886621666667,12.1926666666667,1.91833333333333,32.3678333333333,0.0325748377666667,537.085,16.0433333333333,37.8833333333333,33.1166666666667,60,"ok",TRUE
"MOD-00563","2026-08-05 07:00:00",3.46483333333333,3.30136198333333,11.407,2.46,30.1623333333333,0.0309784968666667,539.122,14.2576666666667,40.875,32.3933333333333,60,"ok",TRUE
"MOD-00563","2026-08-05 08:00:00",3.55316666666667,3.09888495,8.0915,2.86566666666667,29.8665,0.0307643727,531.248666666667,13.5238333333333,43.785,31.5933333333333,60,"ok",TRUE
"MOD-00563","2026-08-05 09:00:00",3.01916666666667,2.92965428333333,8.762,2.11366666666667,29.2658333333333,0.0303296101666667,491.270333333333,7.45433333333333,42.8116666666667,30.7866666666667,60,"ok",TRUE
"MOD-00563","2026-08-05 10:00:00",2.91433333333333,3.0144285,8.7965,1.89283333333333,27.4876666666667,0.0290425731333333,460.182166666667,7.2895,42.165,29.9216666666667,60,"ok",TRUE
"MOD-00563","2026-08-05 11:00:00",3.69433333333333,3.70213266666667,9.8225,2.53766666666667,22.5216666666667,0.0254481823333333,506.8965,11.3206666666667,48.12,29.2316666666667,60,"ok",TRUE
"MOD-00563","2026-08-05 12:00:00",4.633,4.59738046666667,15.9245,3.21283333333333,19.2943333333333,0.0231122384666667,539.262,10.5325,54.245,28.4133333333333,60,"ok",TRUE
"MOD-00563","2026-08-05 13:00:00",4.8625,4.94769598333333,19.5893333333333,3.23283333333333,22.325,0.025305835,532.986,7.093,53.4316666666667,28.655,60,"ok",TRUE
"MOD-00563","2026-08-05 14:00:00",4.84933333333333,4.8887181,20.3075,3.203,29.9901666666667,0.0308538826333333,502.000666666667,5.65433333333333,47.9383333333334,31.3066666666667,60,"ok",TRUE
"MOD-00563","2026-08-05 15:00:00",5.10183333333333,5.04022705,16.3818333333333,3.43933333333333,37.701,0.0364349838,382.239833333333,6.35983333333334,36.3983333333333,36.5816666666667,60,"ok",TRUE
"MOD-00563","2026-08-05 16:00:00",5.97533333333333,5.94587883333333,20.7433333333333,3.92533333333333,37.618,0.0363749084,283.776333333333,7.0925,29.465,40.8966666666667,60,"ok",TRUE
"MOD-00563","2026-08-05 17:00:00",5.10152542372881,4.993713,16.4650847457627,3.34389830508475,38.5927118644068,0.0370804048474576,304.664745762712,6.51559322033898,27.7220338983051,41.5593220338983,59,"ok",TRUE
"MOD-00563","2026-08-05 18:00:00",4.77116666666667,4.61482908333333,13.8718333333333,3.0535,40.9101666666667,0.0387577786333333,257.476666666667,6.6975,23.8216666666667,44.4466666666667,60,"ok",TRUE
"MOD-00563","2026-08-05 19:00:00",5.45366666666667,5.1678702,13.7763333333333,3.79133333333333,37.2211666666667,0.0360876804333333,405.722833333333,24.351,25.9216666666667,42.89,60,"ok",TRUE
"MOD-00563","2026-08-05 20:00:00",4.81833333333333,4.6696648,17.1541666666667,3.13516666666667,37.5928333333334,0.0363566927666667,419.022833333333,11.3351666666667,24.9283333333333,42.7133333333333,60,"ok",TRUE
"MOD-00563","2026-08-05 21:00:00",5.14203389830509,4.97891789830509,16.7128813559322,3.39135593220339,38.8903389830509,0.0372958273559322,386.693050847458,11.0545762711864,23.3237288135593,43.5525423728813,59,"ok",TRUE
"MOD-00563","2026-08-05 22:00:00",4.9665,4.91395118333334,17.2681666666667,3.10783333333333,39.4993333333333,0.0377366174666667,403.8585,12.2388333333333,22.27,44.2233333333333,60,"ok",TRUE
"MOD-00563","2026-08-05 23:00:00",4.542,4.60456086666667,16.7826666666667,2.66416666666667,38.7958333333333,0.0372274241666667,408.999666666667,15.8625,21.5683333333333,44.235,60,"ok",TRUE
"MOD-00563","2026-08-06 00:00:00",4.63423728813559,4.92346444067797,22.2177966101695,2.49593220338983,37.4016949152542,0.036218346779661,459.305084745763,26.0181355932203,22.4508474576271,43.1322033898305,59,"ok",TRUE
"MOD-00563","2026-08-06 01:00:00",4.599,5.05241783333333,20.0813333333333,2.44516666666667,36.0153333333333,0.0352148982666667,521.326166666667,37.2896666666667,24.9833333333333,40.2066666666667,60,"ok",TRUE
"MOD-00563","2026-08-06 02:00:00",5.091,5.9786876,26.3008333333333,2.44716666666667,32.9316666666667,0.0329829403333333,571.850166666667,43.6671666666667,29.1516666666667,36.82,60,"ok",TRUE
"MOD-00563","2026-08-06 03:00:00",4.56516666666667,5.13328255,25.826,2.3935,32.2941666666667,0.0325215178333333,575.722,30.0251666666667,31.8516666666666,35.6166666666667,60,"ok",TRUE
"MOD-00563","2026-08-06 04:00:00",4.98933333333333,5.01697796666667,79.5756666666667,2.78633333333333,29.585,0.030560623,558.081,27.7563333333333,34.765,34.65,60,"ok",TRUE
"MOD-00563","2026-08-06 05:00:00",3.95116666666667,3.92428238333333,14.1048333333333,2.68066666666667,14.1308333333333,0.0193748971666667,613.650333333333,77.7475,63.635,25.5583333333333,60,"ok",TRUE
"MOD-00563","2026-08-06 06:00:00",3.34833333333333,3.04416993333334,17.3541666666667,2.38283333333333,19.3665,0.0231644727,633.558333333333,63.6188333333333,76.7383333333333,22.9566666666667,60,"ok",TRUE
"MOD-00563","2026-08-06 07:00:00",2.612,2.37221126666667,5.94533333333333,1.80533333333333,22.615,0.025515737,590.459833333334,38.1388333333333,79.8283333333333,22.585,60,"ok",TRUE
"MOD-00563","2026-08-06 08:00:00",2.51333333333333,2.1386961,6.567,1.89583333333333,24.0356666666667,0.0265440155333333,526.921333333333,13.8921666666667,77.75,22.655,60,"ok",TRUE
"MOD-00563","2026-08-06 09:00:00",2.15116666666667,1.85590821666667,4.32883333333333,1.57916666666667,26.9476666666667,0.0286517211333333,491.589833333333,7.9865,74.5166666666667,23.045,60,"ok",TRUE
"MOD-00563","2026-08-06 10:00:00",2.11416666666667,1.72149331666667,4.78383333333333,1.68916666666667,25.7146666666667,0.0277592757333333,459.259166666667,6.647,70.7316666666667,23.4866666666667,60,"ok",TRUE
"MOD-00563","2026-08-06 11:00:00",1.87916666666667,1.58898481666667,4.2895,1.4335,25.1443333333333,0.0273464684666667,453.191166666667,5.4885,66.845,24.0566666666667,60,"ok",TRUE
"MOD-00563","2026-08-06 12:00:00",2.249,1.90495886666667,4.77433333333333,1.7695,21.8006666666667,0.0249263225333333,457.828833333333,5.94016666666667,66.3216666666667,24.4,60,"ok",TRUE
"MOD-00563","2026-08-06 13:00:00",2.56216666666667,2.15428551666666,5.24183333333333,2.09733333333333,23.2373333333333,0.0259661818666667,478.353666666667,5.82166666666667,64.16,24.7916666666667,60,"ok",TRUE
"MOD-00563","2026-08-06 14:00:00",2.40266666666667,1.9672114,6.3405,1.97933333333333,30.5415,0.0312529377,456.761166666667,5.081,56.9583333333333,27.0916666666667,60,"ok",TRUE
"MOD-00563","2026-08-06 15:00:00",2.5745,2.01563588333333,4.29916666666667,2.233,39.987,0.0380895906,374.163333333333,6.11633333333333,42.4433333333333,31.9783333333333,60,"ok",TRUE
"MOD-00563","2026-08-06 16:00:00",2.8375,2.15598485,4.68083333333333,2.41783333333333,42.0138333333333,0.0395566125666667,234.1525,5.425,29.5,38.355,60,"ok",TRUE
"MOD-00563","2026-08-06 17:00:00",3.07533333333333,2.3003123,5.09816666666667,2.60233333333333,42.5145,0.0399189951,206.1435,6.46116666666667,25.1466666666667,41.3216666666667,60,"ok",TRUE
"MOD-00563","2026-08-06 18:00:00",3.17683333333333,2.39090795,9.36283333333333,2.64216666666667,42.0733333333333,0.0395996786666667,300.6295,16.9533333333333,25.385,41.4383333333334,60,"ok",TRUE
"MOD-00563","2026-08-06 19:00:00",2.514,1.84287313333333,4.99283333333333,2.11466666666667,43.0458333333333,0.0403035741666667,347.1585,17.9545,23.2733333333333,40.73,60,"ok",TRUE
"MOD-00563","2026-08-06 20:00:00",2.68416666666667,2.00929638333333,6.27733333333333,2.2395,42.495,0.039904881,409.834833333333,36.1288333333333,24.2916666666667,40.4666666666667,60,"ok",TRUE
"MOD-00563","2026-08-06 21:00:00",2.652,2.02961283333333,5.941,2.1685,43.7681666666667,0.0408263990333333,434.915166666667,34.8406666666667,24.3016666666667,40.35,60,"ok",TRUE
"MOD-00563","2026-08-06 22:00:00",2.27932203389831,1.69250850847458,6.0506779661017,1.82338983050847,43.9469491525424,0.0409558017966102,412.03779661017,26.434406779661,22.1677966101695,41.1389830508475,59,"ok",TRUE
"MOD-00563","2026-08-06 23:00:00",2.19916666666667,1.60495135,7.02116666666667,1.73166666666667,43.0635,0.0403163613,416.839,28.9811666666667,21.4666666666667,41.785,60,"ok",TRUE
"MOD-00563","2026-08-07 00:00:00",2.524,2.17611466666667,10.3381666666667,1.73583333333333,40.0998333333333,0.0381712593666667,464.94,34.7946666666667,22.2566666666667,40.9266666666667,60,"ok",TRUE
"MOD-00563","2026-08-07 01:00:00",3.9445,4.55452911666667,26.5665,1.76033333333333,36.4183333333333,0.0355065896666667,526.704833333333,36.6873333333333,25.815,38.8616666666667,60,"ok",TRUE
"MOD-00563","2026-08-07 02:00:00",3.54833333333333,2.9903792,10.8255,2.901,31.3651666666667,0.0318491076333333,615.920166666667,44.0606666666667,34.1733333333333,35.1883333333333,60,"ok",TRUE
"MOD-00563","2026-08-07 03:00:00",3.34283333333333,2.74946501666667,8.76666666666666,2.84733333333333,29.8,0.03071624,606.978666666667,50.7523333333333,39.02,32.86,60,"ok",TRUE
"MOD-00563","2026-08-07 04:00:00",3.3545,2.84794961666667,8.91716666666666,2.77716666666667,27.6825,0.0291835935,579.607666666667,37.8476666666667,42.2533333333333,31.6683333333333,60,"ok",TRUE
"MOD-00563","2026-08-07 05:00:00",3.14616666666667,2.62224988333333,6.868,2.66583333333333,26.8916666666667,0.0286111883333333,555.833833333333,15.0643333333333,44.67,30.67,60,"ok",TRUE
"MOD-00563","2026-08-07 06:00:00",3.219,2.69261253333333,6.99,2.73633333333333,25.8941666666667,0.0278891978333333,528.184166666667,11.9761666666667,47.1083333333333,29.76,60,"ok",TRUE
"MOD-00563","2026-08-07 07:00:00",3.0445,2.54747895,6.53316666666667,2.5745,25.313,0.0274685494,509.869666666667,10.0848333333333,49.1066666666667,29.0983333333333,60,"ok",TRUE
"MOD-00563","2026-08-07 08:00:00",2.98116666666667,2.50263051666667,7.132,2.50033333333333,24.795,0.027093621,502.421166666667,8.95483333333334,50.8066666666667,28.5633333333333,60,"ok",TRUE
"MOD-00563","2026-08-07 09:00:00",3.11566666666667,2.65545206666667,6.2585,2.61516666666667,25.7208333333333,0.0277637391666667,483.686833333333,7.7585,51.2133333333333,28.135,60,"ok",TRUE
"MOD-00563","2026-08-07 10:00:00",2.92316666666667,2.45827878333333,7.217,2.43016666666667,20.9623333333333,0.0243195368666667,480.7395,8.3115,54.1716666666667,27.705,60,"ok",TRUE
"MOD-00563","2026-08-07 11:00:00",2.98183333333333,2.48569325,6.88316666666667,2.4895,17.4826666666667,0.0218009541333333,503.3605,7.48,58,26.96,60,"ok",TRUE
"MOD-00563","2026-08-07 12:00:00",3.68416666666667,3.09851305,8.63416666666666,3.11766666666667,16.877,0.0213625726,514.523333333333,7.409,60.0516666666667,26.51,60,"ok",TRUE
"MOD-00563","2026-08-07 13:00:00",3.39616666666667,2.89168305,8.19633333333334,2.80166666666667,24.0998333333333,0.0265904593666667,503.646666666667,6.34716666666667,58.8883333333333,26.9366666666667,60,"ok",TRUE
"MOD-00563","2026-08-07 14:00:00",2.81233333333333,2.49384436666667,8.64033333333334,2.1585,35.3941666666667,0.0347652978333333,445.170666666667,6.177,46.6,30.21,60,"ok",TRUE
"MOD-00563","2026-08-07 15:00:00",3.0905,2.65811825,8.931,2.38283333333333,40.1705,0.0382224079,347.173333333334,5.883,34.9066666666667,35.6166666666667,60,"ok",TRUE
"MOD-00563","2026-08-07 16:00:00",3.21083333333333,2.63735101666667,8.09116666666667,2.4825,42.2433333333333,0.0397227246666667,190.188833333333,5.9115,25.0383333333333,41.1216666666667,60,"ok",TRUE
"MOD-00563","2026-08-07 17:00:00",3.3295,2.73156988333333,9.6215,2.4915,43.7123333333333,0.0407859868666667,188.0275,6.34466666666667,21.4566666666667,43.8033333333333,60,"ok",TRUE
"MOD-00563","2026-08-07 18:00:00",3.30847457627119,2.61562522033898,17.3161016949152,2.43067796610169,44.0771186440678,0.0410500184745763,237.584745762712,12.5986440677966,19.871186440678,45.4372881355932,59,"ok",TRUE
"MOD-00563","2026-08-07 19:00:00",3.4745,2.77059801666667,9.8035,2.65883333333333,44.7353333333333,0.0415264342666667,340.370833333333,25.456,19.835,45.2633333333333,60,"ok",TRUE
"MOD-00563","2026-08-07 20:00:00",3.52616666666667,2.77956465,12.5321666666667,2.6995,45.8348333333333,0.0423222523666667,366.892666666667,21.2513333333333,18.8383333333333,45.88,60,"ok",TRUE
"MOD-00563","2026-08-07 21:00:00",3.29466666666667,2.65021573333333,12.5211666666667,2.434,44.803,0.0415754114,405.296166666667,26.5343333333333,18.475,45.5383333333333,60,"ok",TRUE
"MOD-00563","2026-08-07 22:00:00",3.53118644067797,2.86570057627119,12.8810169491525,2.60406779661017,45.9889830508475,0.0424338259322034,395.130847457627,19.3713559322034,17.2677966101695,46.5220338983051,59,"ok",TRUE
"MOD-00563","2026-08-07 23:00:00",3.365,2.8575228,13.6568333333333,2.3675,40.8823333333333,0.0387376328666667,461.592666666667,22.6693333333333,18.4133333333333,45.005,60,"ok",TRUE
"MOD-00563","2026-08-08 00:00:00",3.41683333333333,3.06216538333333,12.1466666666667,2.36616666666667,40.3268333333333,0.0383355619666667,534.433333333334,26.0991666666667,19.995,42.7966666666667,60,"ok",TRUE
"MOD-00563","2026-08-08 01:00:00",3.5585,3.48050981666667,17.9391666666667,2.21316666666667,37.1823333333333,0.0360595728666667,565.957833333333,22.9178333333333,22.7333333333333,40.605,60,"ok",TRUE
"MOD-00563","2026-08-08 02:00:00",3.80416666666667,3.95906505,19.4486666666667,2.27483333333333,35.7206666666667,0.0350016185333333,611.877666666667,32.9723333333333,26.715,37.31,60,"ok",TRUE
"MOD-00563","2026-08-08 03:00:00",4.19883333333333,3.98711221666667,13.0693333333333,3.09716666666667,32.2541666666667,0.0324925658333333,642.822666666667,44.6435,30.4683333333333,35.215,60,"ok",TRUE
"MOD-00563","2026-08-08 04:00:00",6.97433333333333,6.96566813333334,35.07,5.00283333333333,37.064,0.0359739232,556.1435,23.359,29.9066666666667,33.3883333333333,60,"ok",TRUE
"MOD-00563","2026-08-08 05:00:00",7.62966666666667,6.47420726666667,19.6141666666667,6.9925,39.836,0.0379802968,464.6725,10.748,25.1966666666667,33.0216666666667,60,"ok",TRUE
"MOD-00563","2026-08-08 06:00:00",7.40416666666667,6.34626311666667,16.9468333333333,6.78966666666667,38.5021666666667,0.0370148682333333,438.3285,10.5155,22.7816666666667,32.8366666666667,60,"ok",TRUE
"MOD-00563","2026-08-08 07:00:00",5.55266666666667,4.9726763,11.6605,4.81816666666667,35.765,0.035033707,481.772666666667,21.6796666666667,25.925,32.5866666666667,60,"ok",TRUE
"MOD-00563","2026-08-08 08:00:00",7.60266666666667,7.9882874,29.8901666666667,5.21716666666667,35.9566666666667,0.0351724353333333,503.965,36.4303333333333,28.7116666666667,32.425,60,"ok",TRUE
"MOD-00563","2026-08-08 09:00:00",14.1921666666667,18.3090529166667,50.0116666666667,6.298,29.5538333333333,0.0305380645666667,566.827166666667,53.9973333333334,38.0966666666667,30.325,60,"ok",TRUE
"MOD-00563","2026-08-08 10:00:00",11.9225,15.1748061833333,34.5723333333333,5.5805,29.7143333333333,0.0306542344666667,569.971833333333,43.2778333333333,42.255,28.575,60,"ok",TRUE
"MOD-00563","2026-08-08 11:00:00",8.85983333333334,11.3295495833333,26.5813333333333,4.0585,29.854,0.0307553252,540.465166666667,21.4461666666667,43.8383333333333,27.8083333333333,60,"ok",TRUE
"MOD-00563","2026-08-08 12:00:00",6.06316666666667,6.96844998333333,13.1846666666667,3.6465,30.4473333333333,0.0311847798666667,515.473666666667,12.7851666666667,43.23,27.3633333333333,60,"ok",TRUE
"MOD-00563","2026-08-08 13:00:00",4.964,4.958755,9.30066666666667,3.75833333333333,32.327,0.0325452826,509.142833333333,9.296,41.6283333333333,28.0116666666667,60,"ok",TRUE
"MOD-00563","2026-08-08 14:00:00",4.59983333333333,4.32488215,7.8725,3.70116666666667,37.6656666666667,0.0364094095333333,463.234166666667,5.87966666666667,36.1366666666667,30.7383333333333,60,"ok",TRUE
"MOD-00563","2026-08-08 15:00:00",5.14266666666667,4.77681356666667,9.184,4.11333333333333,38.8886666666667,0.0372946169333333,420.947333333333,6.46116666666667,31.1316666666667,33.97,60,"ok",TRUE
"MOD-00563","2026-08-08 16:00:00",3.75966666666667,3.32047466666667,6.86883333333333,3.01333333333333,41.7143333333334,0.0393398344666667,334.6045,6.44183333333333,24.29,37.6216666666667,60,"ok",TRUE
"MOD-00563","2026-08-08 17:00:00",4.1693220338983,3.40650154237288,7.5735593220339,3.47067796610169,44.6883050847458,0.041492395220339,202.865084745763,5.6271186440678,18.0322033898305,42.9,59,"ok",TRUE
"MOD-00563","2026-08-08 18:00:00",4.766875,3.6976874375,6.728125,4.15625,45.59,0.042145042,175.1940625,6.4140625,15.784375,45.621875,32,"ok",FALSE
"MOD-00565","2026-07-30 00:00:00",3.02083333333333,2.24686086666667,4.81833333333333,2.51766666666667,43.2311666666667,0.0389031593333333,542.552333333334,30.7595,20.8383333333333,41.7533333333333,60,"ok",TRUE
"MOD-00565","2026-07-30 01:00:00",2.9725,2.3524197,6.447,2.4795,40.2338333333333,0.0365412606666667,607.824166666667,38.4478333333333,24.92,38.47,60,"ok",TRUE
"MOD-00565","2026-07-30 02:00:00",2.50766666666667,2.0205891,4.66633333333333,2.0895,37.8305,0.034647434,596.322333333333,28.4463333333333,26.9266666666667,36.3816666666667,60,"ok",TRUE
"MOD-00565","2026-07-30 03:00:00",2.96183333333333,2.58882331666667,8.04916666666667,2.34616666666667,32.645,0.03056126,607.1085,18.4003333333333,30.0766666666667,34.52,60,"ok",TRUE
"MOD-00565","2026-07-30 04:00:00",2.82333333333333,2.34093453333333,5.39733333333333,2.42133333333333,34.1671666666667,0.0317607273333333,581.480666666667,11.5145,31.4166666666667,33.855,60,"ok",TRUE
"MOD-00565","2026-07-30 05:00:00",3.2225,2.74769276666667,7.263,2.712,30.9008333333333,0.0291868566666667,549.388166666667,8.4315,32.0233333333333,33.435,60,"ok",TRUE
"MOD-00565","2026-07-30 06:00:00",3.31916666666667,2.99717088333334,7.71683333333334,2.60116666666667,27.2606666666667,0.0263184053333333,511.4695,7.29916666666666,31.1833333333333,32.7733333333333,60,"ok",TRUE
"MOD-00565","2026-07-30 07:00:00",3.25783333333333,2.9392181,8.50366666666667,2.609,26.938,0.026064144,523.035833333333,7.85166666666666,34.1633333333333,31.7333333333333,60,"ok",TRUE
"MOD-00565","2026-07-30 08:00:00",3.59216666666667,3.3333959,8.95666666666667,2.82283333333333,23.9245,0.023689506,532.179166666667,6.92283333333333,36.4816666666667,30.045,60,"ok",TRUE
"MOD-00565","2026-07-30 09:00:00",3.66933333333333,3.44068331666667,10.7875,2.88866666666667,22.5881666666667,0.0226364753333333,522.918333333333,6.48333333333333,38.0783333333333,29.3433333333333,60,"ok",TRUE
"MOD-00565","2026-07-30 10:00:00",3.71183333333333,3.4915297,10.1093333333333,2.9065,21.1241666666667,0.0214828433333333,532.930333333333,6.51216666666666,40.8316666666667,28.49,60,"ok",TRUE
"MOD-00565","2026-07-30 11:00:00",3.71383333333333,3.45216765,9.5865,2.954,19.7953333333333,0.0204357226666667,525.8265,6.175,42.4233333333333,28.2583333333333,60,"ok",TRUE
"MOD-00565","2026-07-30 12:00:00",3.8,3.40719398333334,8.5575,3.18533333333333,15.1701666666667,0.0167910913333333,564.967333333333,7.7605,49.1483333333333,26.9266666666667,60,"ok",TRUE
"MOD-00565","2026-07-30 13:00:00",4.04,3.78236345,13.6265,3.17883333333333,18.873,0.019708924,566.665166666666,5.51516666666666,48.53,27.4383333333333,60,"ok",TRUE
"MOD-00565","2026-07-30 14:00:00",4.5545,4.2059856,15.74,3.47633333333333,27.0936666666667,0.0261868093333333,497.623333333333,6.007,38.9733333333333,31.885,60,"ok",TRUE
"MOD-00565","2026-07-30 15:00:00",4.2725,3.6914452,11.096,3.33066666666667,34.4156666666667,0.0319565453333333,312.2535,7.26383333333333,27.49,37.4266666666667,60,"ok",TRUE
"MOD-00565","2026-07-30 16:00:00",3.978,3.28341198333333,10.2745,3.06966666666667,37.9478333333333,0.0347398926666667,203.292333333333,5.83183333333333,20.85,41.7883333333333,60,"ok",TRUE
"MOD-00565","2026-07-30 17:00:00",3.79983333333333,2.98677476666667,6.66133333333333,3.01033333333333,39.6458333333333,0.0360779166666667,273.2325,6.793,19.795,42.8383333333333,60,"ok",TRUE
"MOD-00565","2026-07-30 18:00:00",4.26779661016949,3.4098733220339,9.62949152542373,3.42203389830508,41.2254237288136,0.0373226338983051,349.743050847458,10.6042372881356,19.2915254237288,43.0135593220339,59,"ok",TRUE
"MOD-00565","2026-07-30 19:00:00",3.97316666666667,3.10081128333333,10.3978333333333,3.262,41.9871666666667,0.0379228873333333,399.259666666667,12.7158333333333,19.0216666666667,43.3533333333333,60,"ok",TRUE
"MOD-00565","2026-07-30 20:00:00",3.77333333333333,2.87342246666667,8.07766666666667,3.10616666666667,42.5381666666667,0.0383570753333333,407.817666666667,14.778,17.9383333333333,43.9633333333333,60,"ok",TRUE
"MOD-00565","2026-07-30 21:00:00",3.94338983050848,3.00081238983051,10.745593220339,3.29152542372881,45.5440677966102,0.0407257254237288,411.24,15.5567796610169,16.3864406779661,44.8067796610169,59,"ok",TRUE
"MOD-00565","2026-07-30 22:00:00",3.46666666666667,2.57707926666667,10.2496666666667,2.837,46.412,0.041409656,381.9475,14.821,14.785,45.9666666666667,60,"ok",TRUE
"MOD-00565","2026-07-30 23:00:00",3.39866666666667,2.4541581,6.557,2.83816666666667,45.9673333333333,0.0410592586666667,421.443,14.1455,14.4733333333333,45.7066666666667,60,"ok",TRUE
"MOD-00565","2026-07-31 00:00:00",3.38166666666667,2.68693551666667,9.13583333333334,2.623,41.8521666666667,0.0378165073333333,506.989333333333,23.0626666666667,16.12,43.6016666666667,60,"ok",TRUE
"MOD-00565","2026-07-31 01:00:00",3.14883333333333,2.71949706666667,9.74033333333333,2.298,37.6443333333333,0.0345007346666667,579.185166666667,27.9018333333333,18.515,40.355,60,"ok",TRUE
"MOD-00565","2026-07-31 02:00:00",3.18,2.90335523333333,11.5933333333333,2.27533333333333,35.649,0.032928412,595.571833333333,28.5753333333333,20.9383333333333,37.8766666666667,60,"ok",TRUE
"MOD-00565","2026-07-31 03:00:00",3.17533333333333,2.99650538333333,11.8155,2.26466666666667,34.654,0.032144352,606.427333333333,15.3748333333333,23.5016666666667,35.6233333333333,60,"ok",TRUE
"MOD-00565","2026-07-31 04:00:00",3.1965,3.07038926666667,11.8573333333333,2.28,33.7688333333333,0.0314468406666667,582.762333333333,11.6676666666667,24.59,34.3783333333333,60,"ok",TRUE
"MOD-00565","2026-07-31 05:00:00",3.14466666666667,2.92385856666667,9.367,2.42633333333333,29.777,0.028301276,590.455833333333,10.9388333333333,26.49,33.135,60,"ok",TRUE
"MOD-00565","2026-07-31 06:00:00",3.53166666666667,3.69830178333333,38.3225,2.57766666666667,30.2465,0.028671242,601.315333333333,29.4245,31.4766666666667,32.64,60,"ok",TRUE
"MOD-00565","2026-07-31 07:00:00",2.60816666666667,2.29130141666667,7.36516666666667,2.16133333333333,30.1633333333333,0.0286057066666667,681.326833333333,53.8478333333333,46.475,29.335,60,"ok",TRUE
"MOD-00565","2026-07-31 08:00:00",2.20233333333333,1.89476921666667,4.0925,1.904,30.1836666666667,0.0286217293333333,638.147666666667,18.5871666666667,49.0416666666667,27.9733333333333,60,"ok",TRUE
"MOD-00565","2026-07-31 09:00:00",2.17033333333333,1.90846713333333,4.11666666666667,1.83233333333333,29.2655,0.027898214,561.088333333333,7.52416666666667,46.5166666666667,28.285,60,"ok",TRUE
"MOD-00565","2026-07-31 10:00:00",2.412,2.12899868333333,4.44916666666667,2.03883333333333,27.4091666666667,0.0264354233333333,528.2645,6.827,47.2116666666667,27.9033333333333,60,"ok",TRUE
"MOD-00565","2026-07-31 11:00:00",2.4135,2.16110316666667,5.09233333333333,2.02033333333333,24.9276666666667,0.0244800013333333,520.293333333333,7.14366666666667,49.2433333333333,27.2483333333333,60,"ok",TRUE
"MOD-00565","2026-07-31 12:00:00",2.35866666666667,2.0765194,6.05866666666667,2.0255,24.2098333333333,0.0239143486666667,531.2225,7.725,53.41,26.6733333333333,60,"ok",TRUE
"MOD-00565","2026-07-31 13:00:00",2.0305,1.85305481666667,5.9985,1.6175,29.0915,0.027761102,511.728166666667,5.70733333333333,48.6983333333333,28.145,60,"ok",TRUE
"MOD-00565","2026-07-31 14:00:00",2.17816666666667,1.7997563,5.60666666666667,1.7765,36.8643333333333,0.0338860946666667,397.909166666667,5.85983333333333,35.5083333333333,33.96,60,"ok",TRUE
"MOD-00565","2026-07-31 15:00:00",2.35366666666667,1.84530298333333,6.08883333333333,1.90516666666667,38.3681666666667,0.0350711153333333,323.3135,6.734,29.3816666666667,37.6,60,"ok",TRUE
"MOD-00565","2026-07-31 16:00:00",2.66549019607843,1.97367417647059,5.48254901960784,2.12,41.7801960784314,0.0377597945098039,231.220980392157,6.62039215686275,22.778431372549,42.0254901960784,51,"ok",TRUE
"MOD-00565","2026-07-31 17:00:00",3.095,2.39980706666667,10.5663333333333,2.42766666666667,42.7281666666667,0.0385067953333333,213.7135,6.58116666666667,18.8783333333333,43.6066666666667,60,"ok",TRUE
"MOD-00565","2026-07-31 18:00:00",3.64116666666667,2.99476561666667,13.2935,2.81066666666667,43.4851666666667,0.0391033113333333,363.617,12.5966666666667,19.09,42.6633333333333,60,"ok",TRUE
"MOD-00565","2026-07-31 19:00:00",3.90101694915254,3.14278342372881,10.1362711864407,3.08694915254237,43.5679661016949,0.0391685572881356,396.849491525424,13.8698305084746,18.3135593220339,42.8033898305085,59,"ok",TRUE
"MOD-00565","2026-07-31 20:00:00",3.727,2.97090581666667,8.8685,2.91916666666667,42.8738333333333,0.0386215806666667,395.792333333333,14.9405,17.0183333333333,43.4666666666666,60,"ok",TRUE
"MOD-00565","2026-07-31 21:00:00",3.6275,2.9214908,11.1253333333333,2.71083333333333,43.8505,0.039391194,379.154,15.1143333333333,15.4233333333333,45.1,60,"ok",TRUE
"MOD-00565","2026-07-31 22:00:00",3.54266666666667,2.82648586666666,13.574,2.65466666666667,44.6685,0.040035778,388.0075,15.1788333333333,14.47,46.1533333333333,60,"ok",TRUE
"MOD-00565","2026-07-31 23:00:00",3.66881355932203,3.14302137288136,17.5947457627119,2.55,43.4235593220339,0.0390547647457627,444.005084745763,14.2713559322034,14.735593220339,45.5271186440678,59,"ok",TRUE
"MOD-00565","2026-08-01 00:00:00",3.858,3.47227688333334,16.3315,2.53933333333333,42.2968333333333,0.0381669046666667,514.410833333333,20.3265,15.8266666666667,43.7533333333333,60,"ok",TRUE
"MOD-00565","2026-08-01 01:00:00",4.06383333333333,3.79272905,17.0428333333333,2.65833333333333,41.7176666666667,0.0377105213333333,550.693166666667,24.332,16.8383333333333,41.6066666666667,60,"ok",TRUE
"MOD-00565","2026-08-01 02:00:00",4.1395,3.96991451666667,16.0471666666667,2.75366666666667,39.2921666666667,0.0357992273333333,590.343333333333,30.2978333333333,18.8533333333333,38.4666666666667,60,"ok",TRUE
"MOD-00565","2026-08-01 03:00:00",4.121,3.95406465,14.9148333333333,2.86233333333333,34.7003333333333,0.0321808626666667,619.289333333333,24.943,21.6216666666667,36.1866666666667,60,"ok",TRUE
"MOD-00565","2026-08-01 04:00:00",4.29833333333333,4.33424308333334,21.5098333333333,2.89616666666667,30.838,0.029137344,619.341333333333,13.1333333333333,24.2516666666667,34.2083333333333,60,"ok",TRUE
"MOD-00565","2026-08-01 05:00:00",4.50183333333333,4.5318248,21.5076666666667,3.0995,25.0991666666667,0.0246151433333333,637.487,11.2695,27.4883333333333,32.6733333333333,60,"ok",TRUE
"MOD-00565","2026-08-01 06:00:00",4.46883333333333,4.5191808,21.854,3.116,21.0623333333333,0.0214341186666667,630.321333333333,9.088,29.7966666666667,31.455,60,"ok",TRUE
"MOD-00565","2026-08-01 07:00:00",4.61733333333333,4.70053293333334,24.154,3.25916666666667,14.836,0.016527768,614.9955,8.04216666666666,31.8133333333333,30.3316666666667,60,"ok",TRUE
"MOD-00565","2026-08-01 08:00:00",4.391,4.42691765,19.4988333333333,3.14016666666667,17.708,0.018790904,589.8115,6.88683333333334,33.505,29.5366666666667,60,"ok",TRUE
"MOD-00565","2026-08-01 09:00:00",4.21683333333333,4.24941405,19.5791666666667,3.074,18.513,0.019425244,575.416166666667,6.13166666666667,35,28.8616666666667,60,"ok",TRUE
"MOD-00565","2026-08-01 10:00:00",3.98633333333333,3.99518635,14.7665,2.90583333333333,17.8728333333333,0.0189207926666667,565.426666666667,6.24766666666667,37.525,27.925,60,"ok",TRUE
"MOD-00565","2026-08-01 11:00:00",3.74,3.75427786666667,14.8113333333333,2.74416666666667,18.3668333333333,0.0193100646666667,557.347666666667,5.79666666666667,38.4266666666667,27.7983333333333,60,"ok",TRUE
"MOD-00565","2026-08-01 12:00:00",3.61016666666667,3.74146726666667,16.9436666666667,2.50816666666667,22.2976666666667,0.0224075613333333,518.864166666667,5.7555,36.1116666666667,28.4266666666667,60,"ok",TRUE
"MOD-00565","2026-08-01 13:00:00",2.87066666666667,2.96149425,12.1551666666667,1.93633333333333,28.3311666666667,0.0271619593333333,500.798166666667,5.90333333333333,35.4333333333333,29.6483333333333,60,"ok",TRUE
"MOD-00565","2026-08-01 14:00:00",3.75116666666667,3.58183508333333,10.4081666666667,2.737,27.3631666666667,0.0263991753333333,531.397166666667,7.36183333333333,39.7666666666667,30.0083333333333,60,"ok",TRUE
"MOD-00565","2026-08-01 15:00:00",2.9565,2.66636183333333,7.23566666666667,2.32116666666667,33.9308333333333,0.0315744966666667,508.739833333333,5.90683333333333,37.0866666666667,31.4516666666667,60,"ok",TRUE
"MOD-00565","2026-08-01 16:00:00",2.57116666666667,2.15941998333333,4.71383333333333,2.09016666666667,38.402,0.035097776,406.891333333333,5.97266666666667,30.0966666666667,34.695,60,"ok",TRUE
"MOD-00565","2026-08-01 17:00:00",2.63416666666667,2.01571733333333,6.20866666666667,2.13016666666667,43.7511666666667,0.0393129193333333,297.791,5.88816666666667,22.8033333333333,40.5083333333333,60,"ok",TRUE
"MOD-00565","2026-08-01 18:00:00",2.348,1.65034783333333,5.14633333333333,2.0015,42.566,0.038379008,284.793166666667,7.93333333333333,21.1066666666667,41.64,60,"ok",TRUE
"MOD-00565","2026-08-01 19:00:00",2.11728813559322,1.40471,3.49796610169491,1.81932203389831,45.2169491525424,0.0404679559322034,292.145762711864,7.17389830508475,17.6372881355932,42.8016949152542,59,"ok",TRUE
"MOD-00565","2026-08-01 20:00:00",2.80166666666667,1.9915897,5.33466666666667,2.28666666666667,46.9756666666667,0.0418538253333333,288.934,12.6421666666667,15.745,44.815,60,"ok",TRUE
"MOD-00565","2026-08-01 21:00:00",3.5515,2.67157178333333,8.83716666666667,2.8375,50.3976666666667,0.0445503613333333,358.554833333333,13.6065,14.9066666666667,45.98,60,"ok",TRUE
"MOD-00565","2026-08-01 22:00:00",3.51847457627119,2.65838354237288,10.8516949152542,2.76220338983051,48.9635593220339,0.0434202847457627,330.732033898305,14.9850847457627,12.993220338983,47.1457627118644,59,"ok",TRUE
"MOD-00565","2026-08-01 23:00:00",3.30933333333333,2.55208998333333,12.3878333333333,2.52383333333333,46.8546666666667,0.0417584773333333,401.149333333333,11.8035,13.02,46.8666666666667,60,"ok",TRUE
"MOD-00565","2026-08-02 00:00:00",3.16533333333333,2.4424062,9.08866666666666,2.45283333333333,42.6368333333333,0.0384348246666667,486.9185,16.252,13.92,45.07,60,"ok",TRUE
"MOD-00565","2026-08-02 01:00:00",3.08083333333333,2.60146546666667,10.7403333333333,2.27166666666667,38.8828333333333,0.0354766726666667,545.646,21.395,15.1416666666667,42.125,60,"ok",TRUE
"MOD-00565","2026-08-02 02:00:00",3.11483333333333,2.73262033333333,9.00966666666667,2.364,35.8753333333333,0.0331067626666667,588.220833333333,26.8861666666667,17.2283333333333,38.63,60,"ok",TRUE
"MOD-00565","2026-08-02 03:00:00",3.593,3.40152348333333,12.6115,2.58733333333333,33.8341666666667,0.0314983233333333,629.815333333333,24.8796666666667,20.2866666666667,35.9483333333333,60,"ok",TRUE
"MOD-00565","2026-08-02 04:00:00",3.68966666666667,3.64373431666667,16.0348333333333,2.5965,28.7056666666667,0.0274570653333333,644.2055,13.4775,23.235,33.9416666666667,60,"ok",TRUE
"MOD-00565","2026-08-02 05:00:00",22.9478333333333,30.7592481333333,169.285,4.23566666666667,34.5321666666667,0.0320483473333333,645.5025,20.4036666666667,27.4483333333333,33.5366666666666,60,"ok",TRUE
"MOD-00565","2026-08-02 06:00:00",13.544,17.4820423833333,84.9151666666667,3.30033333333333,32.0786666666667,0.0301149893333333,602.754,10.4243333333333,28.5833333333333,32.9166666666667,60,"ok",TRUE
"MOD-00565","2026-08-02 07:00:00",10.494,13.36245495,68.1171666666666,3.01333333333333,25.7635,0.025138638,591.684,9.262,30.7583333333333,31.19,60,"ok",TRUE
"MOD-00565","2026-08-02 08:00:00",10.6016666666667,13.6023688666667,74.704,2.93633333333334,31.641,0.029770108,560.9055,7.55216666666666,30.4733333333333,31.9516666666667,60,"ok",TRUE
"MOD-00565","2026-08-02 09:00:00",7.99916666666667,9.99239961666667,44.0071666666667,2.405,31.8485,0.029933618,532.369,7.95083333333333,31.6216666666667,31.675,60,"ok",TRUE
"MOD-00565","2026-08-02 10:00:00",4.8785,5.78533631666667,21.7118333333333,1.91,31.2753333333333,0.0294819626666667,547.066666666667,9.13366666666667,34.3533333333333,30.67,60,"ok",TRUE
"MOD-00565","2026-08-02 11:00:00",4.7565,5.60122601666667,21.9158333333333,1.938,31.0513333333333,0.0293054506666667,518.909333333333,7.17016666666666,34.3483333333333,30.75,60,"ok",TRUE
"MOD-00565","2026-08-02 12:00:00",3.73566666666667,4.408561,21.6023333333333,1.642,30.3903333333333,0.0287845826666667,522.715833333333,6.97216666666667,36.0883333333333,29.99,60,"ok",TRUE
"MOD-00565","2026-08-02 13:00:00",3.15533333333333,3.47828716666667,15.8756666666667,1.70783333333333,34.2978333333333,0.0318636926666667,509.170666666667,6.223,35.0633333333333,30.755,60,"ok",TRUE
"MOD-00565","2026-08-02 14:00:00",3.47933333333333,4.01686266666667,19.403,1.4315,36.512,0.033608456,449.636666666667,6.46,30.925,33.785,60,"ok",TRUE
"MOD-00565","2026-08-02 15:00:00",4.665,5.48862496666667,26.937,1.7075,37.5255,0.034407094,418.833333333333,6.53433333333334,28.1666666666667,35.7016666666666,60,"ok",TRUE
"MOD-00565","2026-08-02 16:00:00",5.13166666666667,5.6778581,23.832,2.21733333333333,39.792,0.036193096,380.314666666667,6.46483333333333,24.5983333333333,38.3283333333333,60,"ok",TRUE
"MOD-00565","2026-08-02 17:00:00",4.79084745762712,4.81355522033898,20.2477966101695,2.48474576271186,43.7594915254237,0.0393194793220339,260.864745762712,5.77033898305085,19.3796610169491,43.1186440677966,59,"ok",TRUE
"MOD-00565","2026-08-02 18:00:00",4.52216666666667,4.54200168333333,19.2211666666667,2.404,41.5145,0.037550426,338.6825,11.0666666666667,19.245,42.07,60,"ok",TRUE
"MOD-00565","2026-08-02 19:00:00",4.531,4.45713118333333,17.5618333333333,2.54933333333333,41.0521666666667,0.0371861073333333,427.844666666667,15.8975,20.0066666666667,41.6783333333333,60,"ok",TRUE
"MOD-00565","2026-08-02 20:00:00",4.57883333333333,4.10750286666667,14.2806666666667,3.09716666666667,42.9061666666667,0.0386470593333333,492.286833333333,14.6821666666667,20.91,42.2766666666667,60,"ok",TRUE
"MOD-00565","2026-08-02 21:00:00",4.06135593220339,3.18256576271186,8.57932203389831,3.19474576271186,45.1072881355932,0.0403815430508475,419.00593220339,11.2950847457627,18.5779661016949,44.4745762711865,59,"ok",TRUE
"MOD-00565","2026-08-02 22:00:00",3.762,2.8003706,8.39066666666667,3.05666666666667,45.4451666666667,0.0406477913333333,364.7985,11.9625,16.41,46.0066666666667,60,"ok",TRUE
"MOD-00565","2026-08-02 23:00:00",3.66866666666667,2.7801337,6.56533333333333,2.882,44.1626666666667,0.0396371813333333,419.636,16.6716666666667,16.2016666666667,45.5866666666667,60,"ok",TRUE
"MOD-00565","2026-08-03 00:00:00",3.19169491525424,2.44960686440678,10.6510169491525,2.53610169491525,41.8649152542373,0.037826553220339,439.75813559322,16.9562711864407,15.7762711864407,44.628813559322,59,"ok",TRUE
"MOD-00565","2026-08-03 01:00:00",3.04583333333333,2.44970825,9.2285,2.38466666666667,39.184,0.035713992,496.029833333333,19.78,16.6366666666667,42.1016666666667,60,"ok",TRUE
"MOD-00565","2026-08-03 02:00:00",3.40883333333333,2.9707241,9.97133333333334,2.59366666666667,36.6713333333333,0.0337340106666667,570.965333333333,26.4415,19.175,38.8533333333333,60,"ok",TRUE
"MOD-00565","2026-08-03 03:00:00",3.71916666666667,3.29382441666667,9.06983333333333,2.912,34.2351666666667,0.0318143113333333,612.855333333333,19.3443333333333,21.9316666666667,36.29,60,"ok",TRUE
"MOD-00565","2026-08-03 04:00:00",4.40883333333333,3.94914273333333,12.3713333333333,3.54266666666667,29.4035,0.028006958,617.449166666667,12.3995,23.65,34.88,60,"ok",TRUE
"MOD-00565","2026-08-03 05:00:00",4.63116666666667,4.20448903333333,13.5903333333333,3.67366666666667,24.7138333333333,0.0243115006666667,615.147333333333,11.0401666666667,24.9033333333333,34.2933333333333,60,"ok",TRUE
"MOD-00565","2026-08-03 06:00:00",4.38083333333333,4.10465691666666,16.9321666666667,3.39233333333333,23.172,0.023096536,606.882,9.72933333333333,27.3183333333333,33.23,60,"ok",TRUE
"MOD-00565","2026-08-03 07:00:00",3.946,3.6889542,13.583,3.07583333333333,26.831,0.025979828,567.377666666667,8.451,27.625,32.6433333333333,60,"ok",TRUE
"MOD-00565","2026-08-03 08:00:00",4.13016666666667,3.91940351666667,16.1895,3.18316666666667,22.4108333333333,0.0224967366666667,565.386,8.55116666666667,30.3516666666667,31.8216666666667,60,"ok",TRUE
"MOD-00565","2026-08-03 09:00:00",4.122,3.90213703333333,15.6426666666667,3.24733333333333,18.4473333333333,0.0193734986666667,591.013833333333,8.189,34.5183333333333,30.1516666666667,60,"ok",TRUE
"MOD-00565","2026-08-03 10:00:00",3.6325,3.48676173333333,13.1046666666667,2.80516666666667,20.3303333333333,0.0208573026666667,584.6955,6.328,36.4266666666667,29.4166666666667,60,"ok",TRUE
"MOD-00565","2026-08-03 11:00:00",3.7765,3.5015792,10.7173333333333,3.02633333333333,20.8496666666667,0.0212665373333333,556.299333333333,5.9425,36.94,29.6183333333333,60,"ok",TRUE
"MOD-00565","2026-08-03 12:00:00",4.1885,3.84068816666667,12.7246666666667,3.44983333333333,17.2913333333333,0.0184625706666667,582.549166666667,6.56233333333333,40.475,28.6716666666667,60,"ok",TRUE
"MOD-00565","2026-08-03 13:00:00",4.07216666666667,3.76210171666667,13.6948333333333,3.2685,21.8808333333333,0.0220790966666667,573.9435,5.9105,40.6983333333333,29.4033333333333,60,"ok",TRUE
"MOD-00565","2026-08-03 14:00:00",3.98716666666667,3.58701318333333,10.3361666666667,3.09983333333333,28.7961666666667,0.0275283793333333,521.850666666667,5.69766666666666,35.8983333333333,32.67,60,"ok",TRUE
"MOD-00565","2026-08-03 15:00:00",3.6495,3.26044671666667,10.2835,2.58366666666667,36.3531666666667,0.0334832953333333,396.349666666667,6.20233333333334,29.0583333333333,37.5066666666667,60,"ok",TRUE
"MOD-00565","2026-08-03 16:00:00",3.75883333333334,3.2226862,11.0896666666667,2.6575,39.6333333333333,0.0360680666666667,270.8985,6.47316666666667,22.9316666666667,41.715,60,"ok",TRUE
"MOD-00565","2026-08-03 17:00:00",3.95583333333333,3.41383091666667,15.7498333333333,2.78783333333333,41.457,0.037505116,288.978,6.63916666666667,20.79,43.2783333333334,60,"ok",TRUE
"MOD-00565","2026-08-03 18:00:00",4.53661016949153,3.88400316949153,18.438813559322,3.35050847457627,43.7440677966102,0.0393073254237288,334.817627118644,9.82457627118644,19.5949152542373,43.828813559322,59,"ok",TRUE
"MOD-00565","2026-08-03 19:00:00",4.04616666666667,3.3844769,12.7066666666667,3.12283333333333,40.7773333333333,0.0369695386666667,460.5435,15.1453333333333,20.6716666666667,41.66,60,"ok",TRUE
"MOD-00565","2026-08-03 20:00:00",4.4355,3.67026465,9.80583333333333,3.42533333333333,44.157,0.039632716,451.536,14.7518333333333,19.7233333333333,42.315,60,"ok",TRUE
"MOD-00565","2026-08-03 21:00:00",4.20542372881356,3.34744998305085,11.5920338983051,3.34,45.3184745762712,0.0405479579661017,381.441694915254,10.7828813559322,17.2779661016949,44.4389830508475,59,"ok",TRUE
"MOD-00565","2026-08-03 22:00:00",3.9625,3.18773336666667,13.7133333333333,3.081,41.9963333333333,0.0379301106666667,376.523333333333,14.0166666666667,16.0116666666667,44.9616666666667,60,"ok",TRUE
"MOD-00565","2026-08-03 23:00:00",3.7635,3.20237636666667,12.3726666666667,2.694,40.5481666666667,0.0367889553333333,429.256,17.2593333333333,15.8116666666667,43.7116666666667,60,"ok",TRUE
"MOD-00565","2026-08-04 00:00:00",3.81533333333333,3.25341201666667,11.7988333333333,2.89533333333333,38.6008333333333,0.0352544566666667,486.249666666667,20.4103333333333,16.6066666666667,41.5066666666667,60,"ok",TRUE
"MOD-00565","2026-08-04 01:00:00",4.68716666666667,4.52126320847458,33.6886440677966,3.406,29.9073333333333,0.0284039786666667,676.089,45.817,27.9583333333333,36.94,60,"ok",TRUE
"MOD-00565","2026-08-04 02:00:00",4.35433333333333,4.0716815,23.487,3.56433333333333,20.0585,0.020643098,821.0025,72.1095,52.5433333333333,27.1516666666667,60,"ok",TRUE
"MOD-00565","2026-08-04 03:00:00",2.44983333333333,2.09583338333333,3.67716666666667,2.1455,21.0648333333333,0.0214360886666667,768.3455,45.5951666666667,61.3366666666667,24.9216666666667,60,"ok",TRUE
"MOD-00565","2026-08-04 04:00:00",2.04383333333333,1.92842953333333,5.47333333333333,1.5185,18.2681666666667,0.0192323153333333,676.908333333333,32.6906666666667,67.87,23.7483333333333,60,"ok",TRUE
"MOD-00565","2026-08-04 05:00:00",2.27183333333333,1.92831083333333,3.591,2.003,19.855,0.02048274,629.645666666667,11.2108333333333,67.9533333333333,23.625,60,"ok",TRUE
"MOD-00565","2026-08-04 06:00:00",1.92783333333333,1.62632083333333,3.07833333333333,1.73833333333333,19.6403333333333,0.0203135826666667,548.306666666667,7.3255,66.0833333333333,23.8083333333333,60,"ok",TRUE
"MOD-00565","2026-08-04 07:00:00",1.4055,1.22471758333333,2.94183333333333,1.238,20.135,0.02070338,519.670833333333,6.869,66.9866666666667,23.44,60,"ok",TRUE
"MOD-00565","2026-08-04 08:00:00",1.9235,1.61506071666667,2.86783333333333,1.74916666666667,18.8461666666667,0.0196877793333333,493.507166666667,6.75466666666667,67.3733333333333,23.4466666666667,60,"ok",TRUE
"MOD-00565","2026-08-04 09:00:00",2.1255,1.75918415,2.79883333333333,1.94933333333333,17.8428333333333,0.0188971526666667,497.908666666667,5.8735,68.38,23.3883333333333,60,"ok",TRUE
"MOD-00565","2026-08-04 10:00:00",2.05133333333333,1.72466365,3.22183333333333,1.87,19.957,0.020563116,455.211166666667,4.91916666666667,62.9566666666667,24.365,60,"ok",TRUE
"MOD-00565","2026-08-04 11:00:00",1.84516666666667,1.56381823333333,2.78133333333333,1.69766666666667,20.3315,0.020858222,437.5905,5.10433333333333,61.6283333333333,24.2683333333333,60,"ok",TRUE
"MOD-00565","2026-08-04 12:00:00",1.957,1.64282315,2.9965,1.77233333333333,19.0498333333333,0.0198482686666667,459.672666666667,5.60983333333333,64.6983333333333,24.15,60,"ok",TRUE
"MOD-00565","2026-08-04 13:00:00",2.04916666666667,1.70714368333333,3.36083333333333,1.88383333333333,23.481,0.023340028,454.9675,4.74416666666667,58.7466666666666,25.4616666666667,60,"ok",TRUE
"MOD-00565","2026-08-04 14:00:00",2.00283333333333,1.60038583333333,3.69166666666667,1.81166666666667,29.1846666666667,0.0278345173333333,405.996166666667,5.8205,45.66,30.105,60,"ok",TRUE
"MOD-00565","2026-08-04 15:00:00",1.94716666666667,1.4687231,3.42666666666667,1.76216666666667,32.9793333333333,0.0308247146666667,318.750833333333,5.84283333333333,37.485,33.475,60,"ok",TRUE
"MOD-00565","2026-08-04 16:00:00",1.81166666666667,1.2970532,3.024,1.60133333333333,37.9163333333333,0.0347150706666667,261.338333333333,6.98566666666667,28.9266666666667,36.87,60,"ok",TRUE
"MOD-00565","2026-08-04 17:00:00",2.24566666666667,1.59036273333333,4.936,1.935,40.2701666666667,0.0365698913333333,204.288666666667,6.72,23.6666666666667,40.2883333333333,60,"ok",TRUE
"MOD-00565","2026-08-04 18:00:00",2.37933333333333,1.75644793333333,5.77966666666667,1.9695,41.1073333333333,0.0372295786666667,300.971,7.89316666666667,23.395,40.4533333333334,60,"ok",TRUE
"MOD-00565","2026-08-04 19:00:00",3.67166666666667,3.38524796666667,13.378,2.3505,43.0593333333333,0.0387677546666667,384.648166666667,11.0826666666667,23.2216666666667,40.405,60,"ok",TRUE
"MOD-00565","2026-08-04 20:00:00",4.49610169491525,4.47134589830508,19.7827118644068,2.51745762711864,42.3420338983051,0.0382025227118644,386.131186440678,10.3708474576271,21.4898305084746,41.0881355932203,59,"ok",TRUE
"MOD-00565","2026-08-04 21:00:00",4.33066666666667,4.29526223333334,21.3426666666667,2.37833333333333,42.8488333333333,0.0386018806666667,386.2175,12.0165,19.865,42.4783333333334,60,"ok",TRUE
"MOD-00565","2026-08-04 22:00:00",4.46366666666667,4.46102996666667,22.6656666666667,2.41183333333333,41.7186666666667,0.0377113093333333,390.9555,14.7311666666667,18.6233333333333,42.9766666666667,60,"ok",TRUE
"MOD-00565","2026-08-04 23:00:00",4.89779661016949,5.30184893220339,32.7971186440678,2.25,40.1176271186441,0.0364496901694915,445.730508474576,20.5049152542373,19.2881355932203,42.3932203389831,59,"ok",TRUE
"MOD-00565","2026-08-05 00:00:00",4.75383333333333,5.15182028333334,25.6071666666667,2.09583333333333,39.507,0.035968516,526.536166666667,30.1945,21.9883333333333,40.9383333333333,60,"ok",TRUE
"MOD-00565","2026-08-05 01:00:00",3.577,3.46165785,14.1511666666667,2.16066666666667,38.295,0.03501346,575.084,36.0021666666667,25.3433333333333,38.4233333333333,60,"ok",TRUE
"MOD-00565","2026-08-05 02:00:00",2.91083333333333,2.51277248333334,7.12983333333333,2.26316666666666,37.9113333333333,0.0347111306666667,599.718666666667,39.8276666666667,29.155,35.56,60,"ok",TRUE
"MOD-00565","2026-08-05 03:00:00",2.86883333333333,2.44461415,6.89483333333333,2.32566666666667,37.3198333333333,0.0342450286666667,608.8675,36.6825,33.0266666666667,34.1416666666667,60,"ok",TRUE
"MOD-00565","2026-08-05 04:00:00",2.40883333333333,1.9959329,5.33333333333333,1.997,37.5496666666667,0.0344261373333333,611.123833333333,38.05,37.4116666666667,33.18,60,"ok",TRUE
"MOD-00565","2026-08-05 05:00:00",3.06383333333333,2.71724738333333,7.19783333333333,2.34416666666667,35.7945,0.033043066,573.91,19.4261666666667,38.6466666666667,32.5983333333333,60,"ok",TRUE
"MOD-00565","2026-08-05 06:00:00",3.98683333333333,4.20175186666667,13.4873333333333,2.13633333333333,29.3648333333333,0.0279764886666667,546.143333333334,10.2485,40.2133333333333,31.78,60,"ok",TRUE
"MOD-00565","2026-08-05 07:00:00",3.57066666666667,3.3043908,9.011,2.5745,27.8233333333333,0.0267617866666667,567.380666666667,12.7771666666667,46.305,30.6183333333333,60,"ok",TRUE
"MOD-00565","2026-08-05 08:00:00",4.017,3.90175793333333,10.198,2.702,24.9986666666667,0.0245359493333333,524.856,8.1635,45.95,29.7216666666667,60,"ok",TRUE
"MOD-00565","2026-08-05 09:00:00",4.0535,3.71251958333333,9.20383333333333,3.10983333333333,23.4736666666667,0.0233342493333333,529.3415,7.564,48.7333333333333,28.7416666666667,60,"ok",TRUE
"MOD-00565","2026-08-05 10:00:00",3.24983333333333,2.88650648333334,6.29283333333333,2.68216666666667,26.208,0.025488904,477.617833333333,6.4575,45.9266666666667,28.5183333333333,60,"ok",TRUE
"MOD-00565","2026-08-05 11:00:00",3.89916666666667,3.42245626666667,7.64566666666667,3.21,22.836,0.022831768,509.291333333333,8.8325,52.5883333333333,27.8783333333333,60,"ok",TRUE
"MOD-00565","2026-08-05 12:00:00",4.34516666666667,3.80338465,7.9215,3.58316666666667,19.8153333333333,0.0204514826666667,524.3715,7.575,56.7583333333333,27.0166666666667,60,"ok",TRUE
"MOD-00565","2026-08-05 13:00:00",4.49233333333333,3.94627925,10.0485,3.69133333333333,18.5745,0.019473706,538.0085,6.106,57.8733333333333,27.1266666666667,60,"ok",TRUE
"MOD-00565","2026-08-05 14:00:00",4.69383333333333,4.09539408333333,10.0341666666667,3.7775,25.7841666666667,0.0251549233333333,507.424,5.73683333333334,49.5833333333333,30.34,60,"ok",TRUE
"MOD-00565","2026-08-05 15:00:00",4.93683333333333,4.30653155,9.7815,3.7435,33.6543333333333,0.0313566146666667,357.751666666666,5.83683333333333,37.9266666666667,35.49,60,"ok",TRUE
"MOD-00565","2026-08-05 16:00:00",5.26916666666667,4.59779648333334,11.6451666666667,3.85083333333333,35.691,0.032961508,314.519666666667,6.05966666666667,32.6416666666667,38.9016666666666,60,"ok",TRUE
"MOD-00565","2026-08-05 17:00:00",5.7825,4.96440426666667,12.708,4.3645,37.6976666666667,0.0345427613333333,330.960666666667,6.413,30.2333333333333,40.105,60,"ok",TRUE
"MOD-00565","2026-08-05 18:00:00",5.26316666666667,4.59488778333334,12.3051666666667,3.82983333333333,38.5585,0.035221098,380.312,8.40066666666667,29.8866666666667,39.8166666666666,60,"ok",TRUE
"MOD-00565","2026-08-05 19:00:00",5.205,4.49699158333333,11.7855,3.844,39.2043333333333,0.0357300146666667,408.342333333333,9.3375,29.2283333333333,40.0333333333333,60,"ok",TRUE
"MOD-00565","2026-08-05 20:00:00",5.393,4.63434306666667,13.116,4.04833333333333,39.6066666666667,0.0360470533333333,439.203833333333,9.4525,28.5966666666667,40.405,60,"ok",TRUE
"MOD-00565","2026-08-05 21:00:00",4.96466666666667,4.17376301666667,14.0591666666667,3.73883333333333,40.3275,0.03661507,354.977,7.41,24.8316666666667,42.6833333333333,60,"ok",TRUE
"MOD-00565","2026-08-05 22:00:00",5.22116666666666,4.43612496666666,12.6803333333333,3.88916666666667,40.2358333333333,0.0365428366666667,430.428333333333,10.1428333333333,25.0766666666667,42.2166666666667,60,"ok",TRUE
"MOD-00565","2026-08-05 23:00:00",5.01440677966102,4.24653244067797,12.6050847457627,3.76305084745763,40.2818644067797,0.0365791091525424,440.105593220339,10.8567796610169,24.271186440678,42.0932203389831,59,"ok",TRUE
"MOD-00565","2026-08-06 00:00:00",4.79533333333333,4.21252698333333,13.0198333333333,3.38983333333333,39.1663333333333,0.0357000706666667,460.965,12.2758333333333,24.5133333333333,41.4083333333333,60,"ok",TRUE
"MOD-00565","2026-08-06 01:00:00",4.9025,4.68545301666667,16.5335,3.09683333333333,37.7575,0.03458991,523.409333333333,19.4705,26.74,38.9366666666667,60,"ok",TRUE
"MOD-00565","2026-08-06 02:00:00",5.03916666666667,5.02910896666667,18.9313333333333,3.08966666666667,36.0756666666667,0.0332646253333333,575.870166666666,30.0011666666667,30.6616666666667,35.7716666666667,60,"ok",TRUE
"MOD-00565","2026-08-06 03:00:00",3.96366666666667,3.588676,9.19566666666667,2.907,30.5843333333333,0.0289374546666667,605.823833333333,36.8936666666666,37.2583333333333,33.62,60,"ok",TRUE
"MOD-00565","2026-08-06 04:00:00",4.3205,4.16608235,22.2228333333333,3.1415,27.1458333333333,0.0262279166666667,599.838,35.6226666666667,45.0666666666667,30.6433333333333,60,"ok",TRUE
"MOD-00565","2026-08-06 05:00:00",3.1045,2.86896023333333,6.41133333333333,2.45516666666667,21.3033333333333,0.0216240266666667,617.5105,63.883,73.365,21.5683333333333,60,"ok",TRUE
"MOD-00565","2026-08-06 06:00:00",3.48466666666667,3.10581265,5.9985,2.76416666666667,21.1701666666667,0.0215190913333333,637.622666666666,47.0128333333333,80.4,21.63,60,"ok",TRUE
"MOD-00565","2026-08-06 07:00:00",2.94883333333333,2.57943451666667,5.48116666666667,2.36316666666667,19.8786666666667,0.0205013893333333,581.623833333334,21.8735,79.96,22.3416666666667,60,"ok",TRUE
"MOD-00565","2026-08-06 08:00:00",2.5125,2.16214076666667,4.73133333333334,2.0695,19.6788333333333,0.0203439206666667,533.462666666667,12.3585,79.985,22.1783333333333,60,"ok",TRUE
"MOD-00565","2026-08-06 09:00:00",2.04866666666667,1.77712858333333,3.71183333333333,1.73966666666667,22.5638333333333,0.0226173006666667,484.874333333333,7.923,74.9933333333333,22.1883333333333,60,"ok",TRUE
"MOD-00565","2026-08-06 10:00:00",2.25216666666667,1.92175911666667,4.21816666666667,1.94466666666667,20.6386666666667,0.0211002693333333,468.176833333333,6.765,72.8983333333333,22.94,60,"ok",TRUE
"MOD-00565","2026-08-06 11:00:00",2.49383333333333,2.13914371666667,4.25283333333333,2.15583333333333,21.9638333333333,0.0221445006666667,449.7035,5.91716666666667,69.925,23.3183333333333,60,"ok",TRUE
"MOD-00565","2026-08-06 12:00:00",2.48116666666667,2.16717833333333,4.16133333333333,2.1065,21.8833333333333,0.0220810666666667,435.720166666667,5.64066666666667,66.8266666666667,23.7033333333333,60,"ok",TRUE
"MOD-00565","2026-08-06 13:00:00",2.57333333333333,2.19071513333333,4.26833333333333,2.24983333333333,22.488,0.022557544,448.142333333333,5.64916666666667,64.9916666666667,24.43,60,"ok",TRUE
"MOD-00565","2026-08-06 14:00:00",2.75,2.29359665,4.69016666666667,2.4075,25.6211666666667,0.0250264793333333,424.8165,4.363,55.1616666666667,27.5283333333333,60,"ok",TRUE
"MOD-00565","2026-08-06 15:00:00",2.9915,2.4184236,4.459,2.64416666666667,29.8978333333333,0.0283964926666667,407.722666666667,5.53633333333333,48.3616666666667,30.135,60,"ok",TRUE
"MOD-00565","2026-08-06 16:00:00",2.82683333333333,2.16762476666667,4.44933333333333,2.47516666666667,36.6178333333333,0.0336918526666667,260.094,4.9225,32.015,36.2016666666667,60,"ok",TRUE
"MOD-00565","2026-08-06 17:00:00",2.9985,2.15059831666667,4.9305,2.65683333333333,40.684,0.036895992,179.783,6.364,25.04,40.5066666666667,60,"ok",TRUE
"MOD-00565","2026-08-06 18:00:00",3.04766666666667,2.2695833,5.81033333333333,2.61083333333333,41.6671666666667,0.0376707273333333,303.147166666667,10.4985,25.8733333333333,40.0733333333333,60,"ok",TRUE
"MOD-00565","2026-08-06 19:00:00",3.00983333333333,2.22988088333333,5.13883333333334,2.638,42.4641666666667,0.0382987633333333,413.029,15.9688333333333,27.49,39.0283333333333,60,"ok",TRUE
"MOD-00565","2026-08-06 20:00:00",2.743,2.03026888333334,5.36783333333333,2.4,43.9293333333333,0.0394533146666667,389.339333333333,14.0425,24.2783333333333,39.4383333333333,60,"ok",TRUE
"MOD-00565","2026-08-06 21:00:00",3.134,2.29577758333333,5.69483333333334,2.70116666666667,46.3786666666667,0.0413833893333333,424.811833333333,20.667,24.4616666666667,41.0466666666667,60,"ok",TRUE
"MOD-00565","2026-08-06 22:00:00",2.74933333333333,1.98108808333333,4.38516666666667,2.32133333333333,46.3253333333333,0.0413413626666667,416.850333333333,19.7198333333333,22.9083333333333,41.4633333333333,60,"ok",TRUE
"MOD-00565","2026-08-06 23:00:00",2.42316666666667,1.76848881666667,5.22216666666667,1.97766666666667,45.1843333333333,0.0404422546666667,424.244833333333,23.8851666666667,22.14,41.3933333333334,60,"ok",TRUE
"MOD-00565","2026-08-07 00:00:00",2.50983333333333,1.97968076666667,7.533,1.932,42.9533333333333,0.0386842266666667,462.109,30.2496666666666,23.0566666666667,40.5133333333333,60,"ok",TRUE
"MOD-00565","2026-08-07 01:00:00",3.11966666666667,2.89374593333333,11.752,2.03733333333333,39.0375,0.03559855,522.862666666667,38.4468333333333,26.14,38.0583333333334,60,"ok",TRUE
"MOD-00565","2026-08-07 02:00:00",3.00966666666667,2.63538725,8.9985,2.3105,34.9835,0.032403998,630.899166666667,50.9025,35.61,34.2433333333333,60,"ok",TRUE
"MOD-00565","2026-08-07 03:00:00",3.2925,2.73480578333333,6.77216666666667,2.83416666666667,31.0578333333333,0.0293105726666667,622.103666666667,45.5816666666667,40.6616666666666,32.0166666666667,60,"ok",TRUE
"MOD-00565","2026-08-07 04:00:00",3.31983333333333,2.71261916666667,5.966,2.95966666666667,27.9335,0.026848598,585.7945,20.1145,43.8816666666667,30.8,60,"ok",TRUE
"MOD-00565","2026-08-07 05:00:00",3.2635,2.78091665,8.39683333333333,2.825,25.8455,0.025203254,563.894666666667,12.6133333333333,46.8916666666667,29.5183333333333,60,"ok",TRUE
"MOD-00565","2026-08-07 06:00:00",3.1345,2.60063628333334,5.5885,2.8015,24.9201666666667,0.0244740913333333,539.3445,10.471,48.7983333333333,28.7733333333333,60,"ok",TRUE
"MOD-00565","2026-08-07 07:00:00",3.43383333333333,2.83642473333333,5.88166666666667,3.10116666666667,20.5253333333333,0.0210109626666667,534.973166666667,10.0631666666667,52.645,27.805,60,"ok",TRUE
"MOD-00565","2026-08-07 08:00:00",3.25,2.70263035,5.3955,2.92116666666667,21.044,0.021419672,519.043,8.1815,53.95,27.2516666666667,60,"ok",TRUE
"MOD-00565","2026-08-07 09:00:00",3.13383333333333,2.62780725,5.2495,2.796,22.1645,0.022302626,496.8975,7.15166666666666,53.9483333333334,27.0733333333333,60,"ok",TRUE
"MOD-00565","2026-08-07 10:00:00",3.32033333333333,2.76044846666667,5.661,2.99033333333333,20.0386666666667,0.0206274693333333,493.791,7.21266666666666,56.3816666666666,26.6966666666667,60,"ok",TRUE
"MOD-00565","2026-08-07 11:00:00",2.72533333333333,2.32067143333334,4.92233333333334,2.39083333333333,21.1346666666667,0.0214911173333333,484.568333333333,5.92816666666667,55.64,26.5366666666667,60,"ok",TRUE
"MOD-00565","2026-08-07 12:00:00",2.61466666666667,2.38586041666667,6.41516666666667,2.0555,22.9653333333333,0.0229336826666667,468.686833333333,6.138,54.8883333333333,26.8033333333333,60,"ok",TRUE
"MOD-00565","2026-08-07 13:00:00",3.48766666666667,3.1184004,9.018,2.846,22.6065,0.022650922,479.907833333333,6.623,56.3466666666667,26.6916666666667,60,"ok",TRUE
"MOD-00565","2026-08-07 14:00:00",3.8825,3.37932263333333,9.901,3.19283333333333,27.6923333333333,0.0266585586666667,505.965833333333,5.9915,48.2466666666667,29.9683333333333,60,"ok",TRUE
"MOD-00565","2026-08-07 15:00:00",2.89783333333333,2.42338783333333,7.12466666666667,2.34233333333333,33.7841666666667,0.0314589233333333,342.867666666667,5.831,35.7783333333333,34.5183333333333,60,"ok",TRUE
"MOD-00565","2026-08-07 16:00:00",3.118,2.50237168333333,6.52383333333333,2.54533333333333,37.8785,0.034685258,278.990833333333,6.28316666666667,28.7083333333333,37.7866666666667,60,"ok",TRUE
"MOD-00565","2026-08-07 17:00:00",3.09016949152542,2.43185254237288,7.25322033898305,2.36135593220339,41.2030508474576,0.0373050040677966,229.137457627119,6.40322033898305,23.6016949152542,41.7728813559322,59,"ok",TRUE
"MOD-00565","2026-08-07 18:00:00",3.56066666666667,2.90084206666667,9.723,2.66516666666667,41.321,0.037397948,307.413833333333,8.87766666666667,23.4216666666667,42.1716666666667,60,"ok",TRUE
"MOD-00565","2026-08-07 19:00:00",3.70216666666667,3.06594283333333,13.85,2.84083333333333,41.9275,0.03787587,393.836833333333,12.2731666666667,23.4916666666667,41.6866666666667,60,"ok",TRUE
"MOD-00565","2026-08-07 20:00:00",3.78542372881356,2.95153371186441,10.5642372881356,3.00745762711864,45.3040677966102,0.0405366054237288,377.435762711864,11.9481355932203,21.3593220338983,43.7457627118644,59,"ok",TRUE
"MOD-00565","2026-08-07 21:00:00",3.8515,2.94888238333333,9.07816666666667,3.05183333333333,46.3778333333333,0.0413827326666667,381.965166666667,14.7861666666667,19.4816666666667,45.0333333333333,60,"ok",TRUE
"MOD-00565","2026-08-07 22:00:00",3.89066666666667,3.09199713333333,14.231,3.00116666666667,46.604,0.041560952,396.848666666666,19.399,18.4583333333333,45.3933333333333,60,"ok",TRUE
"MOD-00565","2026-08-07 23:00:00",3.7275,3.03991545,12.7585,2.76816666666667,44.4698333333333,0.0398792286666667,469.367833333333,26.2368333333333,19.37,44.2866666666667,60,"ok",TRUE
"MOD-00565","2026-08-08 00:00:00",3.77,3.20130240677966,11.4783050847458,2.78,40.1761016949153,0.0364957681355932,572.382881355932,30.7664406779661,22.0237288135593,41.3237288135593,59,"ok",TRUE
"MOD-00565","2026-08-08 01:00:00",3.941,3.4876809,13.0963333333333,2.81933333333333,38.9436666666667,0.0355246093333333,549.9445,31.5791666666667,22.8866666666667,40.0716666666667,60,"ok",TRUE
"MOD-00565","2026-08-08 02:00:00",4.0575,3.80940101666667,13.3558333333333,2.76633333333333,36.032,0.033230216,636.552166666667,44.6643333333333,28.955,36.3216666666667,60,"ok",TRUE
"MOD-00565","2026-08-08 03:00:00",3.88866666666667,3.4771537,9.41533333333333,2.99116666666667,35.4971666666667,0.0328087673333333,625.124666666666,39.4623333333333,32.3416666666667,34.0183333333333,60,"ok",TRUE
"MOD-00565","2026-08-08 04:00:00",5.20083333333333,4.66296148333333,18.0685,4.29583333333333,36.2561666666667,0.0334068593333333,570.527666666667,19.4863333333333,32.0916666666667,32.66,60,"ok",TRUE
"MOD-00565","2026-08-08 05:00:00",4.78266666666667,3.95644266666667,7.86333333333333,4.47,38.5635,0.035225038,466.348,8.26016666666667,25.26,32.3816666666667,60,"ok",TRUE
"MOD-00565","2026-08-08 06:00:00",4.41433333333333,3.61997841666667,7.17083333333333,4.21,38.7916666666667,0.0354048333333333,451.471666666667,11.83,25.13,32.105,60,"ok",TRUE
"MOD-00565","2026-08-08 07:00:00",5.71383333333333,4.9892659,10.1263333333333,4.92016666666667,38.1035,0.034862558,504.853,15.1008333333333,27.73,31.6483333333333,60,"ok",TRUE
"MOD-00565","2026-08-08 08:00:00",10.0155,9.1828254,29.7626666666667,8.01666666666667,35.4715,0.032788542,526.202333333333,25.7613333333333,31.44,31.5766666666667,60,"ok",TRUE
"MOD-00565","2026-08-08 09:00:00",16.0095,15.2398284,37.6203333333333,11.6988333333333,29.7326666666667,0.0282663413333333,597.8215,48.6223333333333,42.3583333333333,28.6,60,"ok",TRUE
"MOD-00565","2026-08-08 10:00:00",9.30366666666666,9.29398375,19.3121666666667,6.099,29.8733333333333,0.0283771866666667,580.263333333334,23.5971666666667,45.44,27.3033333333333,60,"ok",TRUE
"MOD-00565","2026-08-08 11:00:00",7.3205,7.17057181666666,13.8531666666667,5.079,29.4431666666667,0.0280382153333333,550.320166666667,12.9886666666667,45.6116666666667,26.7566666666667,60,"ok",TRUE
"MOD-00565","2026-08-08 12:00:00",4.00666666666667,3.62217515,5.5225,3.357,29.9583333333333,0.0284441666666667,507.683,10.9056666666667,43.965,26.6683333333333,60,"ok",TRUE
"MOD-00565","2026-08-08 13:00:00",4.234,3.65607415,5.89283333333333,3.813,31.8181666666667,0.0299097153333333,500.928833333333,8.66016666666667,42.4,27.125,60,"ok",TRUE
"MOD-00565","2026-08-08 14:00:00",5.1515,4.3072066,7.144,4.69083333333333,33.573,0.031292524,481.230166666667,6.66366666666667,39.51,29.3283333333333,60,"ok",TRUE
"MOD-00565","2026-08-08 15:00:00",4.18033333333333,3.40931181666667,5.44283333333333,3.81966666666667,37.8953333333333,0.0346985226666667,421.591833333333,5.836,32.4166666666667,32.42,60,"ok",TRUE
"MOD-00565","2026-08-08 16:00:00",3.43066666666667,2.77376695,5.87716666666667,2.9675,39.9946666666667,0.0363527973333333,320.794666666667,6.16866666666667,24.9283333333333,36.615,60,"ok",TRUE
"MOD-00565","2026-08-08 17:00:00",4.5575,3.4894892,7.08366666666667,4.03533333333333,43.1061666666667,0.0388046593333333,250.489666666667,6.127,19.8783333333333,41.255,60,"ok",TRUE
"MOD-00565","2026-08-08 18:00:00",5.823125,4.3625516875,7.609375,5.4959375,42.6684375,0.03845972875,232.9228125,9.6215625,16.9375,41.45,32,"ok",FALSE
